Id,Username,Name,CreatedAt
u0000001,sara_babic1,Sara Babic,2024-04-01T15:04:00.0000000Z
u0000002,dario_maric2,Dario Maric,2024-07-10T16:37:00.0000000Z
u0000003,bruno_radic3,Bruno Radic,2024-05-06T18:22:00.0000000Z
u0000004,iva_novak4,Iva Novak,2024-07-06T20:16:00.0000000Z
u0000005,dario_kovacevic5,Dario Kovacevic,2024-10-05T02:35:00.0000000Z
u0000006,ema_radic6,Ema Radic,2024-01-26T18:47:00.0000000Z
u0000007,karlo_simic7,Karlo Simic,2024-10-17T03:41:00.0000000Z
u0000008,petra_kovac8,Petra Kovac,2025-05-29T18:15:00.0000000Z
u0000009,karlo_radic9,Karlo Radic,2024-02-02T05:27:00.0000000Z
u0000010,bruno_babic10,Bruno Babic,2025-10-23T12:50:00.0000000Z
u0000011,sara_radic11,Sara Radic,2024-05-16T01:21:00.0000000Z
u0000012,ana_kovacevic12,Ana Kovacevic,2025-03-01T16:58:00.0000000Z
u0000013,karlo_horvat13,Karlo Horvat,2025-01-26T01:50:00.0000000Z
u0000014,karlo_kolar14,Karlo Kolar,2024-10-07T17:43:00.0000000Z
u0000015,marko_horvat15,Marko Horvat,2024-02-07T05:40:00.0000000Z
u0000016,iva_pavlovic16,Iva Pavlovic,2024-03-25T01:53:00.0000000Z
u0000017,luka_zoric17,Luka Zoric,2024-07-30T09:54:00.0000000Z
u0000018,toni_babic18,Toni Babic,2024-02-02T11:36:00.0000000Z
u0000019,toni_radic19,Toni Radic,2024-02-07T01:55:00.0000000Z
u0000020,josip_kolar20,Josip Kolar,2025-04-03T18:40:00.0000000Z
u0000021,luka_horvat21,Luka Horvat,2024-09-23T13:37:00.0000000Z
u0000022,ema_kovac22,Ema Kovac,2025-06-08T06:25:00.0000000Z
u0000023,ivan_matic23,Ivan Matic,2024-01-09T18:49:00.0000000Z
u0000024,iva_knezevic24,Iva Knezevic,2025-01-09T20:27:00.0000000Z
u0000025,lana_horvat25,Lana Horvat,2025-08-28T01:14:00.0000000Z
u0000026,ana_horvat26,Ana Horvat,2024-02-16T13:18:00.0000000Z
u0000027,sara_horvat27,Sara Horvat,2025-10-28T20:46:00.0000000Z
u0000028,leon_matic28,Leon Matic,2024-09-30T23:49:00.0000000Z
u0000029,toni_horvat29,Toni Horvat,2024-09-29T02:52:00.0000000Z
u0000030,marko_knezevic30,Marko Knezevic,2025-08-01T08:51:00.0000000Z
u0000031,dario_knezevic31,Dario Knezevic,2024-08-05T01:58:00.0000000Z
u0000032,leon_simic32,Leon Simic,2025-06-20T15:02:00.0000000Z
u0000033,ana_barisic33,Ana Barisic,2025-11-30T02:31:00.0000000Z
u0000034,filip_kolar34,Filip Kolar,2024-04-28T12:35:00.0000000Z
u0000035,marko_matic35,Marko Matic,2024-08-31T06:31:00.0000000Z
u0000036,iva_babic36,Iva Babic,2024-04-08T07:49:00.0000000Z
u0000037,luka_simic37,Luka Simic,2025-01-09T08:56:00.0000000Z
u0000038,dora_zoric38,Dora Zoric,2025-05-05T14:11:00.0000000Z
u0000039,bruno_juric39,Bruno Juric,2025-02-07T00:05:00.0000000Z
u0000040,dora_perkovic40,Dora Perkovic,2024-01-18T16:16:00.0000000Z
u0000041,filip_curic41,Filip Curic,2024-01-20T19:32:00.0000000Z
u0000042,luka_juric42,Luka Juric,2024-01-29T02:10:00.0000000Z
u0000043,luka_simic43,Luka Simic,2024-11-04T05:11:00.0000000Z
u0000044,ivan_sever44,Ivan Sever,2024-03-29T14:48:00.0000000Z
u0000045,marko_kovacevic45,Marko Kovacevic,2024-08-24T09:39:00.0000000Z
u0000046,iva_vidovic46,Iva Vidovic,2024-01-07T14:25:00.0000000Z
u0000047,ana_vidovic47,Ana Vidovic,2025-10-16T00:04:00.0000000Z
u0000048,luka_curic48,Luka Curic,2025-09-09T01:26:00.0000000Z
u0000049,ema_radic49,Ema Radic,2025-04-08T04:01:00.0000000Z
u0000050,toni_maric50,Toni Maric,2024-08-05T00:04:00.0000000Z
u0000051,petra_horvat51,Petra Horvat,2024-06-17T12:27:00.0000000Z
u0000052,leon_sever52,Leon Sever,2025-07-24T14:16:00.0000000Z
u0000053,marko_barisic53,Marko Barisic,2024-05-16T07:07:00.0000000Z
u0000054,ema_simic54,Ema Simic,2025-02-10T00:48:00.0000000Z
u0000055,bruno_babic55,Bruno Babic,2025-03-12T16:04:00.0000000Z
u0000056,mia_barisic56,Mia Barisic,2024-11-20T18:53:00.0000000Z
u0000057,filip_sever57,Filip Sever,2024-12-04T11:05:00.0000000Z
u0000058,dario_curic58,Dario Curic,2025-08-14T13:05:00.0000000Z
u0000059,marko_babic59,Marko Babic,2024-01-03T01:48:00.0000000Z
u0000060,petra_curic60,Petra Curic,2025-06-09T16:08:00.0000000Z
u0000061,josip_simic61,Josip Simic,2024-10-19T00:30:00.0000000Z
u0000062,marko_curic62,Marko Curic,2025-12-04T15:32:00.0000000Z
u0000063,ines_maric63,Ines Maric,2024-08-31T17:36:00.0000000Z
u0000064,dario_pavlovic64,Dario Pavlovic,2025-11-18T23:24:00.0000000Z
u0000065,karlo_kolar65,Karlo Kolar,2024-07-23T18:30:00.0000000Z
u0000066,filip_radic66,Filip Radic,2025-08-10T03:11:00.0000000Z
u0000067,luka_barisic67,Luka Barisic,2025-04-30T00:34:00.0000000Z
u0000068,petra_juric68,Petra Juric,2024-06-15T19:30:00.0000000Z
u0000069,karlo_pavlovic69,Karlo Pavlovic,2024-02-29T17:49:00.0000000Z
u0000070,josip_vidovic70,Josip Vidovic,2025-10-04T11:13:00.0000000Z
u0000071,iva_sever71,Iva Sever,2025-11-19T11:01:00.0000000Z
u0000072,lana_barisic72,Lana Barisic,2025-12-08T12:14:00.0000000Z
u0000073,petra_simic73,Petra Simic,2024-06-03T04:55:00.0000000Z
u0000074,toni_radic74,Toni Radic,2025-06-01T01:19:00.0000000Z
u0000075,marko_vidovic75,Marko Vidovic,2024-09-10T22:37:00.0000000Z
u0000076,dario_kolar76,Dario Kolar,2024-05-26T07:30:00.0000000Z
u0000077,dario_zoric77,Dario Zoric,2025-02-28T16:04:00.0000000Z
u0000078,petra_curic78,Petra Curic,2024-02-08T04:17:00.0000000Z
u0000079,ivan_novak79,Ivan Novak,2024-08-16T23:29:00.0000000Z
u0000080,petra_juric80,Petra Juric,2024-07-16T13:58:00.0000000Z
u0000081,ines_matic81,Ines Matic,2024-09-25T06:29:00.0000000Z
u0000082,lana_zoric82,Lana Zoric,2025-04-28T16:09:00.0000000Z
u0000083,dora_vukovic83,Dora Vukovic,2025-09-17T06:47:00.0000000Z
u0000084,filip_maric84,Filip Maric,2025-11-15T18:53:00.0000000Z
u0000085,nika_pavlovic85,Nika Pavlovic,2024-10-09T13:59:00.0000000Z
u0000086,dora_kovac86,Dora Kovac,2024-12-09T22:04:00.0000000Z
u0000087,ines_kovacevic87,Ines Kovacevic,2025-11-02T02:54:00.0000000Z
u0000088,ines_barisic88,Ines Barisic,2024-01-13T01:05:00.0000000Z
u0000089,ema_simic89,Ema Simic,2024-01-14T14:14:00.0000000Z
u0000090,ines_knezevic90,Ines Knezevic,2025-05-08T17:08:00.0000000Z
u0000091,sara_sever91,Sara Sever,2024-08-04T05:22:00.0000000Z
u0000092,leon_zoric92,Leon Zoric,2024-01-23T12:48:00.0000000Z
u0000093,filip_perkovic93,Filip Perkovic,2024-02-01T02:15:00.0000000Z
u0000094,sara_radic94,Sara Radic,2024-09-23T10:02:00.0000000Z
u0000095,filip_novak95,Filip Novak,2025-03-17T17:58:00.0000000Z
u0000096,toni_pavlovic96,Toni Pavlovic,2024-08-22T23:52:00.0000000Z
u0000097,sara_kovac97,Sara Kovac,2024-04-09T05:11:00.0000000Z
u0000098,karlo_juric98,Karlo Juric,2025-12-15T14:50:00.0000000Z
u0000099,mia_horvat99,Mia Horvat,2025-02-26T22:12:00.0000000Z
u0000100,mia_maric100,Mia Maric,2024-05-13T17:03:00.0000000Z
u0000101,toni_babic101,Toni Babic,2025-11-20T16:55:00.0000000Z
u0000102,petra_perkovic102,Petra Perkovic,2024-05-25T03:40:00.0000000Z
u0000103,toni_perkovic103,Toni Perkovic,2025-09-20T06:02:00.0000000Z
u0000104,mia_pavlovic104,Mia Pavlovic,2024-11-03T12:56:00.0000000Z
u0000105,josip_maric105,Josip Maric,2025-07-31T02:00:00.0000000Z
u0000106,nika_radic106,Nika Radic,2025-05-05T16:27:00.0000000Z
u0000107,josip_perkovic107,Josip Perkovic,2025-12-12T13:30:00.0000000Z
u0000108,sara_novak108,Sara Novak,2024-08-15T07:06:00.0000000Z
u0000109,dario_vidovic109,Dario Vidovic,2025-05-21T11:10:00.0000000Z
u0000110,filip_simic110,Filip Simic,2025-07-02T15:23:00.0000000Z
u0000111,lana_sever111,Lana Sever,2025-01-01T07:39:00.0000000Z
u0000112,ines_horvat112,Ines Horvat,2024-10-28T17:38:00.0000000Z
u0000113,josip_maric113,Josip Maric,2025-02-14T18:48:00.0000000Z
u0000114,josip_horvat114,Josip Horvat,2025-11-26T17:01:00.0000000Z
u0000115,lana_kovacevic115,Lana Kovacevic,2024-12-19T11:52:00.0000000Z
u0000116,bruno_knezevic116,Bruno Knezevic,2024-03-10T17:41:00.0000000Z
u0000117,petra_zoric117,Petra Zoric,2024-12-04T01:49:00.0000000Z
u0000118,leon_curic118,Leon Curic,2024-12-31T13:17:00.0000000Z
u0000119,luka_curic119,Luka Curic,2025-10-06T13:11:00.0000000Z
u0000120,toni_pavlovic120,Toni Pavlovic,2025-09-07T06:10:00.0000000Z
u0000121,dario_kovacevic121,Dario Kovacevic,2024-02-16T03:24:00.0000000Z
u0000122,marko_curic122,Marko Curic,2025-04-01T14:59:00.0000000Z
u0000123,leon_simic123,Leon Simic,2024-04-22T09:53:00.0000000Z
u0000124,mia_babic124,Mia Babic,2024-09-29T22:30:00.0000000Z
u0000125,marko_horvat125,Marko Horvat,2025-04-21T14:15:00.0000000Z
u0000126,ana_novak126,Ana Novak,2025-10-31T03:20:00.0000000Z
u0000127,karlo_vidovic127,Karlo Vidovic,2024-10-18T05:44:00.0000000Z
u0000128,nika_babic128,Nika Babic,2025-08-01T09:42:00.0000000Z
u0000129,ema_radic129,Ema Radic,2024-02-06T15:11:00.0000000Z
u0000130,ana_perkovic130,Ana Perkovic,2024-03-09T16:59:00.0000000Z
u0000131,dario_zoric131,Dario Zoric,2025-01-17T09:22:00.0000000Z
u0000132,bruno_curic132,Bruno Curic,2025-05-09T08:42:00.0000000Z
u0000133,ines_vukovic133,Ines Vukovic,2024-10-22T02:31:00.0000000Z
u0000134,ines_zoric134,Ines Zoric,2025-09-08T18:59:00.0000000Z
u0000135,leon_vidovic135,Leon Vidovic,2025-04-28T18:27:00.0000000Z
u0000136,ivan_zoric136,Ivan Zoric,2025-11-13T05:25:00.0000000Z
u0000137,karlo_maric137,Karlo Maric,2025-06-03T15:01:00.0000000Z
u0000138,dora_vidovic138,Dora Vidovic,2025-08-17T06:00:00.0000000Z
u0000139,josip_curic139,Josip Curic,2024-05-22T21:18:00.0000000Z
u0000140,ema_vidovic140,Ema Vidovic,2024-09-20T01:43:00.0000000Z
u0000141,nika_curic141,Nika Curic,2025-11-01T04:57:00.0000000Z
u0000142,ivan_vidovic142,Ivan Vidovic,2024-09-10T16:25:00.0000000Z
u0000143,ines_vukovic143,Ines Vukovic,2024-03-16T19:02:00.0000000Z
u0000144,dora_babic144,Dora Babic,2025-10-06T17:21:00.0000000Z
u0000145,dario_sever145,Dario Sever,2024-01-23T08:44:00.0000000Z
u0000146,nika_perkovic146,Nika Perkovic,2024-08-19T21:11:00.0000000Z
u0000147,marko_maric147,Marko Maric,2025-06-29T00:46:00.0000000Z
u0000148,marko_maric148,Marko Maric,2024-12-04T22:35:00.0000000Z
u0000149,mia_simic149,Mia Simic,2025-12-16T16:44:00.0000000Z
u0000150,bruno_juric150,Bruno Juric,2025-12-26T22:45:00.0000000Z
u0000151,lana_pavlovic151,Lana Pavlovic,2025-01-23T02:04:00.0000000Z
u0000152,ana_juric152,Ana Juric,2025-10-02T00:01:00.0000000Z
u0000153,leon_barisic153,Leon Barisic,2025-12-05T00:35:00.0000000Z
u0000154,filip_novak154,Filip Novak,2024-10-24T23:03:00.0000000Z
u0000155,karlo_barisic155,Karlo Barisic,2024-02-10T00:12:00.0000000Z
u0000156,karlo_matic156,Karlo Matic,2025-09-03T16:12:00.0000000Z
u0000157,iva_barisic157,Iva Barisic,2024-07-01T13:21:00.0000000Z
u0000158,ines_babic158,Ines Babic,2025-03-29T14:51:00.0000000Z
u0000159,toni_matic159,Toni Matic,2025-07-12T15:35:00.0000000Z
u0000160,lana_perkovic160,Lana Perkovic,2024-07-25T09:18:00.0000000Z
u0000161,mia_babic161,Mia Babic,2024-03-23T20:48:00.0000000Z
u0000162,marko_matic162,Marko Matic,2025-01-09T10:57:00.0000000Z
u0000163,mia_matic163,Mia Matic,2025-05-15T01:16:00.0000000Z
u0000164,petra_pavlovic164,Petra Pavlovic,2025-07-19T18:46:00.0000000Z
u0000165,mia_vidovic165,Mia Vidovic,2025-12-01T20:03:00.0000000Z
u0000166,filip_juric166,Filip Juric,2024-07-24T01:52:00.0000000Z
u0000167,josip_simic167,Josip Simic,2024-03-21T09:32:00.0000000Z
u0000168,marko_curic168,Marko Curic,2024-10-08T22:32:00.0000000Z
u0000169,bruno_pavlovic169,Bruno Pavlovic,2024-12-14T17:27:00.0000000Z
u0000170,leon_knezevic170,Leon Knezevic,2025-08-24T07:02:00.0000000Z
u0000171,marko_matic171,Marko Matic,2024-05-28T23:58:00.0000000Z
u0000172,sara_curic172,Sara Curic,2024-03-13T04:25:00.0000000Z
u0000173,ema_kolar173,Ema Kolar,2024-10-02T23:17:00.0000000Z
u0000174,dario_matic174,Dario Matic,2025-12-20T09:00:00.0000000Z
u0000175,petra_pavlovic175,Petra Pavlovic,2024-07-10T16:56:00.0000000Z
u0000176,lana_radic176,Lana Radic,2024-08-26T13:14:00.0000000Z
u0000177,sara_juric177,Sara Juric,2024-05-07T14:40:00.0000000Z
u0000178,lana_horvat178,Lana Horvat,2024-03-31T10:37:00.0000000Z
u0000179,petra_novak179,Petra Novak,2024-06-05T03:38:00.0000000Z
u0000180,bruno_vukovic180,Bruno Vukovic,2025-10-12T06:52:00.0000000Z
u0000181,ana_knezevic181,Ana Knezevic,2024-01-29T00:11:00.0000000Z
u0000182,ines_horvat182,Ines Horvat,2024-04-22T13:05:00.0000000Z
u0000183,nika_perkovic183,Nika Perkovic,2025-09-24T10:52:00.0000000Z
u0000184,ines_horvat184,Ines Horvat,2025-02-15T09:16:00.0000000Z
u0000185,leon_barisic185,Leon Barisic,2024-02-25T21:56:00.0000000Z
u0000186,marko_sever186,Marko Sever,2024-08-04T17:33:00.0000000Z
u0000187,marko_juric187,Marko Juric,2024-02-27T07:46:00.0000000Z
u0000188,petra_novak188,Petra Novak,2024-04-23T00:36:00.0000000Z
u0000189,toni_pavlovic189,Toni Pavlovic,2024-11-08T23:38:00.0000000Z
u0000190,ivan_radic190,Ivan Radic,2025-06-12T03:13:00.0000000Z
u0000191,ines_simic191,Ines Simic,2024-09-17T03:12:00.0000000Z
u0000192,lana_radic192,Lana Radic,2024-01-27T02:17:00.0000000Z
u0000193,leon_juric193,Leon Juric,2025-03-04T12:18:00.0000000Z
u0000194,marko_curic194,Marko Curic,2025-09-14T22:10:00.0000000Z
u0000195,lana_vidovic195,Lana Vidovic,2024-06-17T23:46:00.0000000Z
u0000196,toni_simic196,Toni Simic,2024-05-08T22:53:00.0000000Z
u0000197,ana_horvat197,Ana Horvat,2024-06-20T13:32:00.0000000Z
u0000198,leon_pavlovic198,Leon Pavlovic,2024-03-10T20:03:00.0000000Z
u0000199,karlo_barisic199,Karlo Barisic,2024-05-20T11:38:00.0000000Z
u0000200,ines_novak200,Ines Novak,2024-10-30T05:31:00.0000000Z
u0000201,bruno_matic201,Bruno Matic,2024-04-28T13:49:00.0000000Z
u0000202,marko_sever202,Marko Sever,2024-12-13T19:28:00.0000000Z
u0000203,luka_knezevic203,Luka Knezevic,2024-09-20T13:21:00.0000000Z
u0000204,ana_maric204,Ana Maric,2025-05-24T12:53:00.0000000Z
u0000205,bruno_horvat205,Bruno Horvat,2024-09-23T15:02:00.0000000Z
u0000206,luka_perkovic206,Luka Perkovic,2024-11-23T13:15:00.0000000Z
u0000207,leon_horvat207,Leon Horvat,2024-02-03T07:36:00.0000000Z
u0000208,ema_horvat208,Ema Horvat,2024-12-02T16:15:00.0000000Z
u0000209,lana_sever209,Lana Sever,2025-12-04T11:18:00.0000000Z
u0000210,ema_perkovic210,Ema Perkovic,2025-03-30T06:28:00.0000000Z
u0000211,karlo_kovac211,Karlo Kovac,2024-02-27T18:49:00.0000000Z
u0000212,petra_vukovic212,Petra Vukovic,2024-10-28T18:19:00.0000000Z
u0000213,sara_kovacevic213,Sara Kovacevic,2025-08-24T12:19:00.0000000Z
u0000214,iva_knezevic214,Iva Knezevic,2024-05-01T00:57:00.0000000Z
u0000215,karlo_horvat215,Karlo Horvat,2025-09-27T07:31:00.0000000Z
u0000216,dario_novak216,Dario Novak,2025-03-05T14:56:00.0000000Z
u0000217,bruno_simic217,Bruno Simic,2024-05-21T11:25:00.0000000Z
u0000218,bruno_sever218,Bruno Sever,2024-05-07T14:55:00.0000000Z
u0000219,mia_matic219,Mia Matic,2024-11-30T04:46:00.0000000Z
u0000220,bruno_perkovic220,Bruno Perkovic,2024-01-07T00:08:00.0000000Z
u0000221,dario_curic221,Dario Curic,2025-06-24T16:50:00.0000000Z
u0000222,bruno_maric222,Bruno Maric,2024-03-24T06:29:00.0000000Z
u0000223,toni_radic223,Toni Radic,2025-04-06T11:20:00.0000000Z
u0000224,dora_radic224,Dora Radic,2024-09-29T07:08:00.0000000Z
u0000225,toni_maric225,Toni Maric,2025-04-07T11:35:00.0000000Z
u0000226,ines_knezevic226,Ines Knezevic,2024-01-20T07:38:00.0000000Z
u0000227,nika_sever227,Nika Sever,2025-07-09T09:51:00.0000000Z
u0000228,mia_radic228,Mia Radic,2024-03-05T03:49:00.0000000Z
u0000229,josip_kovac229,Josip Kovac,2024-03-16T10:27:00.0000000Z
u0000230,leon_vidovic230,Leon Vidovic,2025-10-26T01:42:00.0000000Z
u0000231,dora_sever231,Dora Sever,2025-04-29T00:44:00.0000000Z
u0000232,karlo_novak232,Karlo Novak,2024-11-30T00:26:00.0000000Z
u0000233,josip_kovac233,Josip Kovac,2025-08-13T12:01:00.0000000Z
u0000234,iva_curic234,Iva Curic,2025-05-03T06:21:00.0000000Z
u0000235,dora_zoric235,Dora Zoric,2024-02-08T12:15:00.0000000Z
u0000236,karlo_babic236,Karlo Babic,2025-08-01T02:13:00.0000000Z
u0000237,dario_matic237,Dario Matic,2024-01-27T21:28:00.0000000Z
u0000238,josip_babic238,Josip Babic,2025-05-28T04:56:00.0000000Z
u0000239,luka_babic239,Luka Babic,2024-10-30T20:47:00.0000000Z
u0000240,sara_kovacevic240,Sara Kovacevic,2024-03-12T12:45:00.0000000Z
u0000241,ana_kolar241,Ana Kolar,2025-06-21T13:36:00.0000000Z
u0000242,bruno_sever242,Bruno Sever,2025-02-01T14:26:00.0000000Z
u0000243,bruno_vidovic243,Bruno Vidovic,2025-11-07T00:24:00.0000000Z
u0000244,petra_matic244,Petra Matic,2024-09-19T12:33:00.0000000Z
u0000245,luka_vidovic245,Luka Vidovic,2024-01-25T06:27:00.0000000Z
u0000246,ivan_knezevic246,Ivan Knezevic,2025-07-02T17:48:00.0000000Z
u0000247,ana_pavlovic247,Ana Pavlovic,2025-12-16T18:46:00.0000000Z
u0000248,filip_vukovic248,Filip Vukovic,2024-08-15T17:35:00.0000000Z
u0000249,ines_radic249,Ines Radic,2025-10-03T21:57:00.0000000Z
u0000250,dora_simic250,Dora Simic,2024-03-17T08:19:00.0000000Z
u0000251,ana_zoric251,Ana Zoric,2025-07-13T14:50:00.0000000Z
u0000252,bruno_kolar252,Bruno Kolar,2024-05-28T16:24:00.0000000Z
u0000253,leon_novak253,Leon Novak,2025-07-25T01:08:00.0000000Z
u0000254,dario_babic254,Dario Babic,2024-08-14T08:43:00.0000000Z
u0000255,ines_vukovic255,Ines Vukovic,2024-01-26T16:44:00.0000000Z
u0000256,sara_novak256,Sara Novak,2024-07-20T05:07:00.0000000Z
u0000257,sara_maric257,Sara Maric,2025-06-08T19:02:00.0000000Z
u0000258,sara_pavlovic258,Sara Pavlovic,2025-05-27T21:02:00.0000000Z
u0000259,marko_perkovic259,Marko Perkovic,2024-09-13T13:35:00.0000000Z
u0000260,josip_vidovic260,Josip Vidovic,2024-12-10T14:45:00.0000000Z
u0000261,sara_kolar261,Sara Kolar,2024-06-24T14:51:00.0000000Z
u0000262,karlo_babic262,Karlo Babic,2025-05-13T03:24:00.0000000Z
u0000263,nika_radic263,Nika Radic,2024-03-06T02:42:00.0000000Z
u0000264,karlo_maric264,Karlo Maric,2024-05-14T22:47:00.0000000Z
u0000265,dora_radic265,Dora Radic,2024-12-28T16:52:00.0000000Z
u0000266,sara_knezevic266,Sara Knezevic,2025-12-29T08:24:00.0000000Z
u0000267,ema_maric267,Ema Maric,2024-08-14T14:53:00.0000000Z
u0000268,toni_juric268,Toni Juric,2024-10-28T11:06:00.0000000Z
u0000269,mia_vukovic269,Mia Vukovic,2024-04-22T21:39:00.0000000Z
u0000270,ivan_simic270,Ivan Simic,2024-02-03T17:10:00.0000000Z
u0000271,ines_radic271,Ines Radic,2024-10-07T12:34:00.0000000Z
u0000272,filip_vidovic272,Filip Vidovic,2024-09-20T11:17:00.0000000Z
u0000273,ivan_horvat273,Ivan Horvat,2024-06-17T08:38:00.0000000Z
u0000274,mia_kovac274,Mia Kovac,2025-05-31T05:09:00.0000000Z
u0000275,petra_vidovic275,Petra Vidovic,2025-12-28T00:02:00.0000000Z
u0000276,dario_perkovic276,Dario Perkovic,2024-03-07T03:43:00.0000000Z
u0000277,luka_knezevic277,Luka Knezevic,2024-07-04T05:25:00.0000000Z
u0000278,mia_babic278,Mia Babic,2025-04-22T10:05:00.0000000Z
u0000279,petra_kovac279,Petra Kovac,2024-12-01T13:15:00.0000000Z
u0000280,karlo_knezevic280,Karlo Knezevic,2025-07-07T06:51:00.0000000Z
u0000281,dario_radic281,Dario Radic,2025-10-28T15:03:00.0000000Z
u0000282,ana_sever282,Ana Sever,2025-04-20T14:01:00.0000000Z
u0000283,karlo_perkovic283,Karlo Perkovic,2025-05-14T12:23:00.0000000Z
u0000284,marko_pavlovic284,Marko Pavlovic,2024-10-19T20:39:00.0000000Z
u0000285,iva_curic285,Iva Curic,2024-03-22T08:06:00.0000000Z
u0000286,toni_knezevic286,Toni Knezevic,2024-11-24T12:55:00.0000000Z
u0000287,josip_barisic287,Josip Barisic,2025-05-12T14:20:00.0000000Z
u0000288,ivan_barisic288,Ivan Barisic,2024-04-16T21:23:00.0000000Z
u0000289,iva_matic289,Iva Matic,2024-09-20T01:34:00.0000000Z
u0000290,bruno_babic290,Bruno Babic,2025-07-24T05:42:00.0000000Z
u0000291,leon_novak291,Leon Novak,2025-03-20T06:57:00.0000000Z
u0000292,lana_vidovic292,Lana Vidovic,2025-02-09T07:16:00.0000000Z
u0000293,iva_babic293,Iva Babic,2025-09-21T21:09:00.0000000Z
u0000294,filip_kolar294,Filip Kolar,2024-01-27T04:03:00.0000000Z
u0000295,josip_kovac295,Josip Kovac,2025-09-09T15:42:00.0000000Z
u0000296,ines_simic296,Ines Simic,2024-06-12T07:37:00.0000000Z
u0000297,dario_simic297,Dario Simic,2025-04-15T09:12:00.0000000Z
u0000298,ana_knezevic298,Ana Knezevic,2025-03-02T09:45:00.0000000Z
u0000299,ivan_matic299,Ivan Matic,2025-05-04T14:17:00.0000000Z
u0000300,iva_juric300,Iva Juric,2024-12-15T13:36:00.0000000Z
u0000301,ema_kovac301,Ema Kovac,2025-01-07T19:43:00.0000000Z
u0000302,leon_novak302,Leon Novak,2024-09-19T02:03:00.0000000Z
u0000303,iva_juric303,Iva Juric,2024-03-13T03:57:00.0000000Z
u0000304,nika_vidovic304,Nika Vidovic,2024-07-18T21:32:00.0000000Z
u0000305,nika_kovac305,Nika Kovac,2024-03-27T06:59:00.0000000Z
u0000306,toni_perkovic306,Toni Perkovic,2025-07-29T15:02:00.0000000Z
u0000307,filip_curic307,Filip Curic,2025-10-27T16:13:00.0000000Z
u0000308,marko_maric308,Marko Maric,2025-03-06T20:25:00.0000000Z
u0000309,marko_barisic309,Marko Barisic,2025-08-29T21:28:00.0000000Z
u0000310,ana_vukovic310,Ana Vukovic,2024-09-20T19:44:00.0000000Z
u0000311,ines_horvat311,Ines Horvat,2025-10-13T19:06:00.0000000Z
u0000312,mia_kovac312,Mia Kovac,2025-04-29T02:20:00.0000000Z
u0000313,dario_radic313,Dario Radic,2025-09-01T15:02:00.0000000Z
u0000314,lana_kovac314,Lana Kovac,2024-08-01T07:26:00.0000000Z
u0000315,marko_sever315,Marko Sever,2025-06-30T18:28:00.0000000Z
u0000316,mia_knezevic316,Mia Knezevic,2024-09-03T15:36:00.0000000Z
u0000317,lana_knezevic317,Lana Knezevic,2025-08-11T09:13:00.0000000Z
u0000318,ines_matic318,Ines Matic,2024-08-14T18:47:00.0000000Z
u0000319,nika_maric319,Nika Maric,2025-10-06T07:10:00.0000000Z
u0000320,leon_zoric320,Leon Zoric,2024-09-07T09:48:00.0000000Z
u0000321,dario_zoric321,Dario Zoric,2025-10-17T12:40:00.0000000Z
u0000322,bruno_perkovic322,Bruno Perkovic,2025-07-24T23:12:00.0000000Z
u0000323,mia_novak323,Mia Novak,2024-01-15T03:29:00.0000000Z
u0000324,lana_babic324,Lana Babic,2024-04-22T17:58:00.0000000Z
u0000325,dora_vidovic325,Dora Vidovic,2025-10-04T07:54:00.0000000Z
u0000326,toni_horvat326,Toni Horvat,2024-05-26T23:23:00.0000000Z
u0000327,karlo_zoric327,Karlo Zoric,2024-12-08T13:10:00.0000000Z
u0000328,lana_simic328,Lana Simic,2025-12-06T03:04:00.0000000Z
u0000329,nika_horvat329,Nika Horvat,2025-02-13T08:25:00.0000000Z
u0000330,nika_vidovic330,Nika Vidovic,2025-10-18T03:03:00.0000000Z
u0000331,iva_pavlovic331,Iva Pavlovic,2025-06-21T22:27:00.0000000Z
u0000332,lana_sever332,Lana Sever,2024-08-01T02:34:00.0000000Z
u0000333,mia_vukovic333,Mia Vukovic,2024-08-17T17:16:00.0000000Z
u0000334,dora_sever334,Dora Sever,2024-06-09T00:20:00.0000000Z
u0000335,filip_horvat335,Filip Horvat,2024-08-14T04:16:00.0000000Z
u0000336,sara_curic336,Sara Curic,2025-04-21T19:58:00.0000000Z
u0000337,josip_curic337,Josip Curic,2024-04-14T04:14:00.0000000Z
u0000338,sara_kovac338,Sara Kovac,2024-01-01T01:21:00.0000000Z
u0000339,ines_horvat339,Ines Horvat,2024-06-01T22:03:00.0000000Z
u0000340,leon_maric340,Leon Maric,2025-05-03T14:06:00.0000000Z
u0000341,luka_zoric341,Luka Zoric,2024-10-08T22:03:00.0000000Z
u0000342,marko_perkovic342,Marko Perkovic,2025-01-11T16:54:00.0000000Z
u0000343,josip_matic343,Josip Matic,2025-09-15T06:58:00.0000000Z
u0000344,nika_novak344,Nika Novak,2025-03-31T18:50:00.0000000Z
u0000345,ines_barisic345,Ines Barisic,2025-07-20T23:35:00.0000000Z
u0000346,ema_maric346,Ema Maric,2025-02-03T20:18:00.0000000Z
u0000347,sara_curic347,Sara Curic,2024-02-23T18:29:00.0000000Z
u0000348,leon_maric348,Leon Maric,2025-09-26T21:32:00.0000000Z
u0000349,iva_kovac349,Iva Kovac,2025-01-18T11:43:00.0000000Z
u0000350,bruno_pavlovic350,Bruno Pavlovic,2025-11-06T10:19:00.0000000Z
u0000351,ivan_matic351,Ivan Matic,2024-05-29T21:43:00.0000000Z
u0000352,toni_kolar352,Toni Kolar,2024-05-19T07:06:00.0000000Z
u0000353,karlo_maric353,Karlo Maric,2024-09-02T12:38:00.0000000Z
u0000354,iva_novak354,Iva Novak,2024-12-07T04:29:00.0000000Z
u0000355,iva_vidovic355,Iva Vidovic,2025-06-10T22:37:00.0000000Z
u0000356,dario_zoric356,Dario Zoric,2024-05-29T14:37:00.0000000Z
u0000357,luka_pavlovic357,Luka Pavlovic,2025-09-19T04:58:00.0000000Z
u0000358,sara_juric358,Sara Juric,2024-07-22T02:27:00.0000000Z
u0000359,nika_kovacevic359,Nika Kovacevic,2025-04-17T12:40:00.0000000Z
u0000360,dario_vukovic360,Dario Vukovic,2025-02-23T22:06:00.0000000Z
u0000361,dora_perkovic361,Dora Perkovic,2025-09-07T10:08:00.0000000Z
u0000362,leon_radic362,Leon Radic,2025-07-11T04:50:00.0000000Z
u0000363,josip_novak363,Josip Novak,2024-04-04T02:12:00.0000000Z
u0000364,nika_knezevic364,Nika Knezevic,2025-12-14T06:03:00.0000000Z
u0000365,luka_barisic365,Luka Barisic,2025-05-03T23:31:00.0000000Z
u0000366,toni_babic366,Toni Babic,2024-08-13T07:54:00.0000000Z
u0000367,marko_novak367,Marko Novak,2024-08-10T09:41:00.0000000Z
u0000368,filip_radic368,Filip Radic,2025-12-27T00:48:00.0000000Z
u0000369,ivan_knezevic369,Ivan Knezevic,2024-05-15T22:20:00.0000000Z
u0000370,leon_horvat370,Leon Horvat,2024-11-11T02:10:00.0000000Z
u0000371,dario_kovacevic371,Dario Kovacevic,2025-08-31T10:05:00.0000000Z
u0000372,iva_vidovic372,Iva Vidovic,2025-02-07T21:18:00.0000000Z
u0000373,toni_barisic373,Toni Barisic,2024-09-03T04:43:00.0000000Z
u0000374,dora_kovac374,Dora Kovac,2025-02-07T22:43:00.0000000Z
u0000375,ivan_pavlovic375,Ivan Pavlovic,2024-05-30T21:15:00.0000000Z
u0000376,ines_matic376,Ines Matic,2024-10-28T23:22:00.0000000Z
u0000377,toni_sever377,Toni Sever,2024-05-30T02:50:00.0000000Z
u0000378,filip_vukovic378,Filip Vukovic,2024-04-02T12:09:00.0000000Z
u0000379,ema_perkovic379,Ema Perkovic,2024-05-02T03:07:00.0000000Z
u0000380,karlo_barisic380,Karlo Barisic,2024-03-02T22:02:00.0000000Z
u0000381,nika_matic381,Nika Matic,2024-05-19T19:24:00.0000000Z
u0000382,sara_horvat382,Sara Horvat,2024-03-14T08:46:00.0000000Z
u0000383,marko_matic383,Marko Matic,2024-02-13T05:15:00.0000000Z
u0000384,marko_sever384,Marko Sever,2024-06-22T07:08:00.0000000Z
u0000385,dora_maric385,Dora Maric,2024-04-11T01:08:00.0000000Z
u0000386,iva_novak386,Iva Novak,2025-10-01T10:00:00.0000000Z
u0000387,iva_maric387,Iva Maric,2025-12-09T08:41:00.0000000Z
u0000388,iva_kovacevic388,Iva Kovacevic,2024-02-14T01:54:00.0000000Z
u0000389,luka_novak389,Luka Novak,2025-11-23T00:09:00.0000000Z
u0000390,bruno_matic390,Bruno Matic,2024-04-06T22:05:00.0000000Z
u0000391,mia_zoric391,Mia Zoric,2024-01-07T01:02:00.0000000Z
u0000392,ema_vukovic392,Ema Vukovic,2025-03-19T10:25:00.0000000Z
u0000393,mia_vukovic393,Mia Vukovic,2025-03-10T11:16:00.0000000Z
u0000394,marko_kolar394,Marko Kolar,2024-01-01T00:57:00.0000000Z
u0000395,mia_matic395,Mia Matic,2024-01-06T10:00:00.0000000Z
u0000396,dora_vukovic396,Dora Vukovic,2024-05-10T20:27:00.0000000Z
u0000397,dora_radic397,Dora Radic,2024-11-06T23:25:00.0000000Z
u0000398,ema_kovac398,Ema Kovac,2025-05-10T08:51:00.0000000Z
u0000399,marko_vidovic399,Marko Vidovic,2024-05-06T09:30:00.0000000Z
u0000400,marko_matic400,Marko Matic,2025-09-03T08:21:00.0000000Z
u0000401,petra_knezevic401,Petra Knezevic,2025-12-01T15:01:00.0000000Z
u0000402,leon_kolar402,Leon Kolar,2024-05-30T10:36:00.0000000Z
u0000403,luka_kolar403,Luka Kolar,2025-08-12T17:52:00.0000000Z
u0000404,dario_vukovic404,Dario Vukovic,2025-09-23T20:17:00.0000000Z
u0000405,ema_perkovic405,Ema Perkovic,2024-11-21T03:29:00.0000000Z
u0000406,dora_knezevic406,Dora Knezevic,2025-08-26T15:39:00.0000000Z
u0000407,ivan_juric407,Ivan Juric,2025-09-03T12:04:00.0000000Z
u0000408,iva_kolar408,Iva Kolar,2025-12-10T00:39:00.0000000Z
u0000409,bruno_kovac409,Bruno Kovac,2025-06-06T03:15:00.0000000Z
u0000410,filip_babic410,Filip Babic,2025-02-25T03:44:00.0000000Z
u0000411,josip_novak411,Josip Novak,2025-10-24T11:39:00.0000000Z
u0000412,iva_sever412,Iva Sever,2024-08-08T04:55:00.0000000Z
u0000413,ana_knezevic413,Ana Knezevic,2025-07-09T16:39:00.0000000Z
u0000414,karlo_kolar414,Karlo Kolar,2025-04-18T05:05:00.0000000Z
u0000415,mia_matic415,Mia Matic,2024-04-04T17:48:00.0000000Z
u0000416,nika_horvat416,Nika Horvat,2024-10-03T14:41:00.0000000Z
u0000417,luka_babic417,Luka Babic,2024-10-09T02:40:00.0000000Z
u0000418,filip_kovac418,Filip Kovac,2024-06-04T21:05:00.0000000Z
u0000419,dora_vukovic419,Dora Vukovic,2025-06-08T11:06:00.0000000Z
u0000420,dora_novak420,Dora Novak,2025-04-09T06:57:00.0000000Z
u0000421,lana_barisic421,Lana Barisic,2025-02-28T03:10:00.0000000Z
u0000422,luka_kovac422,Luka Kovac,2024-04-25T21:49:00.0000000Z
u0000423,dora_radic423,Dora Radic,2025-06-15T11:12:00.0000000Z
u0000424,marko_curic424,Marko Curic,2025-12-23T17:54:00.0000000Z
u0000425,ivan_juric425,Ivan Juric,2025-01-13T14:01:00.0000000Z
u0000426,petra_vukovic426,Petra Vukovic,2024-07-09T14:36:00.0000000Z
u0000427,karlo_babic427,Karlo Babic,2024-03-02T06:42:00.0000000Z
u0000428,filip_kovac428,Filip Kovac,2025-12-26T11:41:00.0000000Z
u0000429,petra_kovac429,Petra Kovac,2024-04-21T08:11:00.0000000Z
u0000430,sara_zoric430,Sara Zoric,2025-02-19T22:57:00.0000000Z
u0000431,nika_kovac431,Nika Kovac,2024-06-01T02:26:00.0000000Z
u0000432,marko_kovacevic432,Marko Kovacevic,2025-09-04T23:41:00.0000000Z
u0000433,ivan_babic433,Ivan Babic,2024-09-20T06:30:00.0000000Z
u0000434,dora_pavlovic434,Dora Pavlovic,2024-12-21T22:32:00.0000000Z
u0000435,sara_kovac435,Sara Kovac,2024-06-05T07:49:00.0000000Z
u0000436,mia_juric436,Mia Juric,2025-08-26T09:07:00.0000000Z
u0000437,sara_vidovic437,Sara Vidovic,2025-12-21T03:46:00.0000000Z
u0000438,lana_babic438,Lana Babic,2024-02-23T12:58:00.0000000Z
u0000439,nika_maric439,Nika Maric,2025-08-09T03:04:00.0000000Z
u0000440,nika_horvat440,Nika Horvat,2024-01-07T06:43:00.0000000Z
u0000441,ana_juric441,Ana Juric,2025-07-12T13:12:00.0000000Z
u0000442,petra_simic442,Petra Simic,2025-10-03T02:12:00.0000000Z
u0000443,iva_curic443,Iva Curic,2025-11-18T00:26:00.0000000Z
u0000444,sara_babic444,Sara Babic,2024-07-06T12:41:00.0000000Z
u0000445,leon_barisic445,Leon Barisic,2025-02-01T01:02:00.0000000Z
u0000446,nika_perkovic446,Nika Perkovic,2024-01-06T04:02:00.0000000Z
u0000447,iva_zoric447,Iva Zoric,2025-08-12T12:12:00.0000000Z
u0000448,filip_sever448,Filip Sever,2025-11-22T17:20:00.0000000Z
u0000449,nika_babic449,Nika Babic,2025-10-22T12:05:00.0000000Z
u0000450,marko_simic450,Marko Simic,2024-04-23T21:15:00.0000000Z
u0000451,ana_matic451,Ana Matic,2024-03-13T23:22:00.0000000Z
u0000452,mia_sever452,Mia Sever,2024-09-04T00:24:00.0000000Z
u0000453,bruno_matic453,Bruno Matic,2025-01-21T02:00:00.0000000Z
u0000454,filip_pavlovic454,Filip Pavlovic,2024-09-05T05:33:00.0000000Z
u0000455,ines_horvat455,Ines Horvat,2025-05-17T08:11:00.0000000Z
u0000456,bruno_simic456,Bruno Simic,2024-07-20T20:36:00.0000000Z
u0000457,dario_sever457,Dario Sever,2024-12-08T09:42:00.0000000Z
u0000458,iva_vidovic458,Iva Vidovic,2024-06-28T20:45:00.0000000Z
u0000459,luka_perkovic459,Luka Perkovic,2024-07-12T10:34:00.0000000Z
u0000460,karlo_simic460,Karlo Simic,2024-11-13T07:28:00.0000000Z
u0000461,dora_pavlovic461,Dora Pavlovic,2024-09-25T03:51:00.0000000Z
u0000462,iva_pavlovic462,Iva Pavlovic,2025-04-13T18:40:00.0000000Z
u0000463,petra_radic463,Petra Radic,2025-10-23T04:32:00.0000000Z
u0000464,luka_barisic464,Luka Barisic,2024-05-20T17:51:00.0000000Z
u0000465,lana_knezevic465,Lana Knezevic,2024-05-10T23:01:00.0000000Z
u0000466,lana_knezevic466,Lana Knezevic,2025-12-18T14:44:00.0000000Z
u0000467,ema_barisic467,Ema Barisic,2025-02-19T08:54:00.0000000Z
u0000468,toni_pavlovic468,Toni Pavlovic,2025-03-26T17:20:00.0000000Z
u0000469,sara_novak469,Sara Novak,2025-05-05T22:48:00.0000000Z
u0000470,ines_maric470,Ines Maric,2024-07-26T15:47:00.0000000Z
u0000471,ivan_curic471,Ivan Curic,2025-10-31T22:09:00.0000000Z
u0000472,ivan_vukovic472,Ivan Vukovic,2025-12-07T15:15:00.0000000Z
u0000473,dora_babic473,Dora Babic,2024-09-29T23:02:00.0000000Z
u0000474,ana_simic474,Ana Simic,2024-01-07T04:03:00.0000000Z
u0000475,mia_kovacevic475,Mia Kovacevic,2024-02-29T17:15:00.0000000Z
u0000476,ema_kovacevic476,Ema Kovacevic,2024-09-22T13:20:00.0000000Z
u0000477,ivan_kolar477,Ivan Kolar,2024-06-24T00:08:00.0000000Z
u0000478,ema_simic478,Ema Simic,2025-06-10T12:58:00.0000000Z
u0000479,ines_kovacevic479,Ines Kovacevic,2024-01-31T00:29:00.0000000Z
u0000480,bruno_kovac480,Bruno Kovac,2024-10-19T20:07:00.0000000Z
u0000481,dora_kovacevic481,Dora Kovacevic,2024-10-17T03:04:00.0000000Z
u0000482,toni_babic482,Toni Babic,2025-12-08T09:22:00.0000000Z
u0000483,ema_vukovic483,Ema Vukovic,2024-02-29T06:46:00.0000000Z
u0000484,luka_matic484,Luka Matic,2024-09-05T08:55:00.0000000Z
u0000485,toni_novak485,Toni Novak,2024-07-24T02:18:00.0000000Z
u0000486,nika_juric486,Nika Juric,2024-07-24T14:13:00.0000000Z
u0000487,dario_knezevic487,Dario Knezevic,2025-11-05T00:34:00.0000000Z
u0000488,filip_zoric488,Filip Zoric,2024-10-31T17:22:00.0000000Z
u0000489,ana_zoric489,Ana Zoric,2024-09-10T02:43:00.0000000Z
u0000490,petra_novak490,Petra Novak,2024-01-13T16:50:00.0000000Z
u0000491,leon_novak491,Leon Novak,2024-01-02T13:49:00.0000000Z
u0000492,dora_kovac492,Dora Kovac,2024-07-15T15:05:00.0000000Z
u0000493,toni_kolar493,Toni Kolar,2024-05-20T00:30:00.0000000Z
u0000494,marko_horvat494,Marko Horvat,2025-11-12T13:29:00.0000000Z
u0000495,ema_barisic495,Ema Barisic,2024-06-23T06:56:00.0000000Z
u0000496,ines_perkovic496,Ines Perkovic,2024-09-08T15:05:00.0000000Z
u0000497,josip_kovacevic497,Josip Kovacevic,2024-03-04T23:14:00.0000000Z
u0000498,iva_novak498,Iva Novak,2025-05-16T19:57:00.0000000Z
u0000499,lana_perkovic499,Lana Perkovic,2025-01-12T05:47:00.0000000Z
u0000500,dora_simic500,Dora Simic,2024-09-05T16:48:00.0000000Z
u0000501,toni_kovac501,Toni Kovac,2024-04-23T11:31:00.0000000Z
u0000502,ivan_juric502,Ivan Juric,2024-07-17T13:46:00.0000000Z
u0000503,filip_pavlovic503,Filip Pavlovic,2024-04-10T01:58:00.0000000Z
u0000504,ana_curic504,Ana Curic,2025-01-05T20:06:00.0000000Z
u0000505,ivan_knezevic505,Ivan Knezevic,2024-10-25T23:31:00.0000000Z
u0000506,dora_horvat506,Dora Horvat,2025-11-10T14:57:00.0000000Z
u0000507,petra_babic507,Petra Babic,2024-03-27T13:51:00.0000000Z
u0000508,ana_zoric508,Ana Zoric,2025-11-05T02:16:00.0000000Z
u0000509,leon_maric509,Leon Maric,2024-01-07T04:42:00.0000000Z
u0000510,filip_matic510,Filip Matic,2024-10-30T07:16:00.0000000Z
u0000511,iva_pavlovic511,Iva Pavlovic,2024-05-06T06:11:00.0000000Z
u0000512,ines_matic512,Ines Matic,2025-11-04T09:38:00.0000000Z
u0000513,iva_novak513,Iva Novak,2025-02-20T20:56:00.0000000Z
u0000514,dora_simic514,Dora Simic,2024-01-27T15:21:00.0000000Z
u0000515,luka_knezevic515,Luka Knezevic,2024-09-16T13:50:00.0000000Z
u0000516,nika_perkovic516,Nika Perkovic,2025-07-31T18:16:00.0000000Z
u0000517,ema_matic517,Ema Matic,2025-04-08T07:29:00.0000000Z
u0000518,nika_vidovic518,Nika Vidovic,2024-11-10T20:40:00.0000000Z
u0000519,luka_pavlovic519,Luka Pavlovic,2024-08-23T12:00:00.0000000Z
u0000520,luka_babic520,Luka Babic,2024-03-26T12:30:00.0000000Z
u0000521,ema_horvat521,Ema Horvat,2024-04-13T05:25:00.0000000Z
u0000522,bruno_juric522,Bruno Juric,2024-08-20T12:35:00.0000000Z
u0000523,filip_novak523,Filip Novak,2025-11-11T14:56:00.0000000Z
u0000524,lana_novak524,Lana Novak,2025-08-12T10:16:00.0000000Z
u0000525,mia_novak525,Mia Novak,2025-03-02T04:19:00.0000000Z
u0000526,ivan_zoric526,Ivan Zoric,2024-08-26T23:03:00.0000000Z
u0000527,nika_vukovic527,Nika Vukovic,2024-12-29T07:55:00.0000000Z
u0000528,luka_horvat528,Luka Horvat,2024-01-05T22:53:00.0000000Z
u0000529,iva_maric529,Iva Maric,2025-08-28T16:00:00.0000000Z
u0000530,bruno_pavlovic530,Bruno Pavlovic,2025-09-27T06:14:00.0000000Z
u0000531,nika_radic531,Nika Radic,2024-03-02T20:16:00.0000000Z
u0000532,lana_kolar532,Lana Kolar,2025-01-27T18:52:00.0000000Z
u0000533,ines_matic533,Ines Matic,2024-05-03T21:32:00.0000000Z
u0000534,ana_novak534,Ana Novak,2024-11-10T14:33:00.0000000Z
u0000535,ines_zoric535,Ines Zoric,2024-07-20T23:21:00.0000000Z
u0000536,karlo_novak536,Karlo Novak,2025-03-06T06:00:00.0000000Z
u0000537,karlo_babic537,Karlo Babic,2025-08-25T20:29:00.0000000Z
u0000538,dora_perkovic538,Dora Perkovic,2025-07-26T05:53:00.0000000Z
u0000539,toni_horvat539,Toni Horvat,2025-12-21T03:48:00.0000000Z
u0000540,marko_curic540,Marko Curic,2024-03-08T07:26:00.0000000Z
u0000541,lana_simic541,Lana Simic,2025-03-21T01:14:00.0000000Z
u0000542,ivan_barisic542,Ivan Barisic,2025-04-30T16:24:00.0000000Z
u0000543,bruno_curic543,Bruno Curic,2025-01-06T09:09:00.0000000Z
u0000544,ana_maric544,Ana Maric,2024-08-13T04:06:00.0000000Z
u0000545,petra_radic545,Petra Radic,2024-03-18T01:14:00.0000000Z
u0000546,ivan_vukovic546,Ivan Vukovic,2024-06-28T14:53:00.0000000Z
u0000547,bruno_sever547,Bruno Sever,2025-11-17T21:38:00.0000000Z
u0000548,luka_barisic548,Luka Barisic,2024-12-23T00:19:00.0000000Z
u0000549,ana_pavlovic549,Ana Pavlovic,2025-10-05T19:52:00.0000000Z
u0000550,filip_vidovic550,Filip Vidovic,2025-04-24T09:28:00.0000000Z
u0000551,nika_zoric551,Nika Zoric,2025-02-01T23:29:00.0000000Z
u0000552,ivan_radic552,Ivan Radic,2025-04-20T08:49:00.0000000Z
u0000553,karlo_zoric553,Karlo Zoric,2025-10-21T14:17:00.0000000Z
u0000554,toni_babic554,Toni Babic,2024-08-21T11:15:00.0000000Z
u0000555,ivan_vidovic555,Ivan Vidovic,2025-11-26T15:50:00.0000000Z
u0000556,dario_vidovic556,Dario Vidovic,2024-04-07T09:38:00.0000000Z
u0000557,sara_simic557,Sara Simic,2025-05-17T15:32:00.0000000Z
u0000558,bruno_knezevic558,Bruno Knezevic,2025-12-21T16:22:00.0000000Z
u0000559,petra_novak559,Petra Novak,2025-05-25T11:13:00.0000000Z
u0000560,marko_horvat560,Marko Horvat,2024-07-25T07:33:00.0000000Z
u0000561,iva_knezevic561,Iva Knezevic,2024-02-22T05:43:00.0000000Z
u0000562,ines_matic562,Ines Matic,2024-11-07T09:10:00.0000000Z
u0000563,iva_kovac563,Iva Kovac,2025-12-18T06:32:00.0000000Z
u0000564,lana_novak564,Lana Novak,2025-02-13T12:26:00.0000000Z
u0000565,filip_babic565,Filip Babic,2025-09-11T19:19:00.0000000Z
u0000566,toni_maric566,Toni Maric,2024-03-08T10:17:00.0000000Z
u0000567,dario_radic567,Dario Radic,2025-07-13T21:15:00.0000000Z
u0000568,bruno_pavlovic568,Bruno Pavlovic,2024-07-24T16:38:00.0000000Z
u0000569,dora_vidovic569,Dora Vidovic,2024-09-16T20:24:00.0000000Z
u0000570,nika_curic570,Nika Curic,2024-08-06T18:02:00.0000000Z
u0000571,dora_kolar571,Dora Kolar,2025-07-22T19:42:00.0000000Z
u0000572,toni_vidovic572,Toni Vidovic,2025-05-13T07:37:00.0000000Z
u0000573,luka_novak573,Luka Novak,2024-08-12T12:28:00.0000000Z
u0000574,dario_zoric574,Dario Zoric,2025-07-07T00:02:00.0000000Z
u0000575,petra_novak575,Petra Novak,2024-08-12T07:08:00.0000000Z
u0000576,marko_vukovic576,Marko Vukovic,2024-07-27T14:24:00.0000000Z
u0000577,marko_radic577,Marko Radic,2024-03-05T21:26:00.0000000Z
u0000578,toni_simic578,Toni Simic,2024-12-24T05:34:00.0000000Z
u0000579,dario_horvat579,Dario Horvat,2025-08-06T13:50:00.0000000Z
u0000580,iva_barisic580,Iva Barisic,2025-05-13T16:14:00.0000000Z
u0000581,ivan_novak581,Ivan Novak,2024-04-22T07:04:00.0000000Z
u0000582,sara_radic582,Sara Radic,2025-02-01T15:41:00.0000000Z
u0000583,iva_kolar583,Iva Kolar,2024-07-31T06:10:00.0000000Z
u0000584,petra_vukovic584,Petra Vukovic,2025-11-10T16:00:00.0000000Z
u0000585,iva_horvat585,Iva Horvat,2025-07-18T05:36:00.0000000Z
u0000586,ana_simic586,Ana Simic,2024-10-17T21:31:00.0000000Z
u0000587,dora_vidovic587,Dora Vidovic,2024-10-28T13:49:00.0000000Z
u0000588,ivan_knezevic588,Ivan Knezevic,2024-10-16T04:53:00.0000000Z
u0000589,luka_kovacevic589,Luka Kovacevic,2024-03-25T19:56:00.0000000Z
u0000590,ema_babic590,Ema Babic,2025-08-02T00:07:00.0000000Z
u0000591,ines_matic591,Ines Matic,2024-09-08T15:22:00.0000000Z
u0000592,toni_matic592,Toni Matic,2025-02-04T14:16:00.0000000Z
u0000593,toni_matic593,Toni Matic,2025-06-10T17:25:00.0000000Z
u0000594,iva_kovacevic594,Iva Kovacevic,2025-05-08T18:29:00.0000000Z
u0000595,dora_sever595,Dora Sever,2024-04-24T18:35:00.0000000Z
u0000596,petra_vidovic596,Petra Vidovic,2025-02-23T14:37:00.0000000Z
u0000597,bruno_radic597,Bruno Radic,2024-11-15T03:08:00.0000000Z
u0000598,josip_vidovic598,Josip Vidovic,2024-02-01T14:56:00.0000000Z
u0000599,ema_horvat599,Ema Horvat,2025-07-27T11:24:00.0000000Z
u0000600,iva_matic600,Iva Matic,2024-04-24T22:07:00.0000000Z
u0000601,josip_matic601,Josip Matic,2025-03-25T21:22:00.0000000Z
u0000602,lana_juric602,Lana Juric,2025-10-29T12:21:00.0000000Z
u0000603,nika_maric603,Nika Maric,2025-02-08T07:55:00.0000000Z
u0000604,luka_knezevic604,Luka Knezevic,2024-04-04T16:33:00.0000000Z
u0000605,sara_novak605,Sara Novak,2024-12-27T04:27:00.0000000Z
u0000606,bruno_kovac606,Bruno Kovac,2024-11-23T00:45:00.0000000Z
u0000607,luka_kovac607,Luka Kovac,2025-01-16T17:33:00.0000000Z
u0000608,dario_simic608,Dario Simic,2025-03-13T07:24:00.0000000Z
u0000609,mia_matic609,Mia Matic,2025-04-14T12:53:00.0000000Z
u0000610,filip_vukovic610,Filip Vukovic,2024-11-28T11:07:00.0000000Z
u0000611,iva_vidovic611,Iva Vidovic,2025-12-27T22:41:00.0000000Z
u0000612,nika_kovacevic612,Nika Kovacevic,2025-09-14T07:44:00.0000000Z
u0000613,ivan_matic613,Ivan Matic,2025-05-17T15:24:00.0000000Z
u0000614,luka_simic614,Luka Simic,2025-04-28T01:32:00.0000000Z
u0000615,ana_matic615,Ana Matic,2024-03-14T08:47:00.0000000Z
u0000616,filip_kolar616,Filip Kolar,2025-03-16T09:30:00.0000000Z
u0000617,dario_radic617,Dario Radic,2025-11-06T09:00:00.0000000Z
u0000618,filip_radic618,Filip Radic,2024-11-02T00:42:00.0000000Z
u0000619,toni_barisic619,Toni Barisic,2025-11-04T12:27:00.0000000Z
u0000620,ana_babic620,Ana Babic,2025-08-07T16:28:00.0000000Z
u0000621,ema_juric621,Ema Juric,2025-08-11T07:45:00.0000000Z
u0000622,ivan_matic622,Ivan Matic,2025-02-12T13:29:00.0000000Z
u0000623,marko_babic623,Marko Babic,2025-10-02T22:22:00.0000000Z
u0000624,toni_perkovic624,Toni Perkovic,2025-02-25T19:34:00.0000000Z
u0000625,iva_sever625,Iva Sever,2024-12-17T10:22:00.0000000Z
u0000626,ines_radic626,Ines Radic,2024-02-26T05:31:00.0000000Z
u0000627,lana_horvat627,Lana Horvat,2025-07-07T13:12:00.0000000Z
u0000628,ana_zoric628,Ana Zoric,2025-08-22T10:43:00.0000000Z
u0000629,dario_knezevic629,Dario Knezevic,2024-08-26T22:54:00.0000000Z
u0000630,nika_curic630,Nika Curic,2024-11-22T05:16:00.0000000Z
u0000631,leon_horvat631,Leon Horvat,2024-09-16T17:06:00.0000000Z
u0000632,ines_sever632,Ines Sever,2024-07-28T04:36:00.0000000Z
u0000633,ines_curic633,Ines Curic,2024-01-24T20:09:00.0000000Z
u0000634,dario_maric634,Dario Maric,2025-03-22T03:27:00.0000000Z
u0000635,bruno_curic635,Bruno Curic,2025-09-17T08:51:00.0000000Z
u0000636,filip_simic636,Filip Simic,2025-01-16T11:47:00.0000000Z
u0000637,leon_zoric637,Leon Zoric,2024-09-24T15:47:00.0000000Z
u0000638,karlo_radic638,Karlo Radic,2024-03-08T22:41:00.0000000Z
u0000639,ana_novak639,Ana Novak,2025-01-23T10:14:00.0000000Z
u0000640,dora_simic640,Dora Simic,2024-01-26T20:15:00.0000000Z
u0000641,luka_simic641,Luka Simic,2024-05-13T18:01:00.0000000Z
u0000642,josip_kolar642,Josip Kolar,2025-04-07T15:06:00.0000000Z
u0000643,luka_barisic643,Luka Barisic,2024-01-18T21:19:00.0000000Z
u0000644,petra_horvat644,Petra Horvat,2025-03-12T12:44:00.0000000Z
u0000645,ana_sever645,Ana Sever,2025-09-30T17:40:00.0000000Z
u0000646,marko_kovacevic646,Marko Kovacevic,2025-09-10T00:11:00.0000000Z
u0000647,dora_maric647,Dora Maric,2025-09-10T14:54:00.0000000Z
u0000648,karlo_pavlovic648,Karlo Pavlovic,2024-04-24T02:12:00.0000000Z
u0000649,ivan_kovac649,Ivan Kovac,2025-01-17T15:46:00.0000000Z
u0000650,ema_vidovic650,Ema Vidovic,2025-06-24T10:41:00.0000000Z
u0000651,iva_barisic651,Iva Barisic,2024-09-15T15:11:00.0000000Z
u0000652,dora_kovacevic652,Dora Kovacevic,2025-03-25T20:50:00.0000000Z
u0000653,josip_juric653,Josip Juric,2024-05-21T12:20:00.0000000Z
u0000654,luka_babic654,Luka Babic,2025-05-30T14:53:00.0000000Z
u0000655,lana_kolar655,Lana Kolar,2025-07-14T14:18:00.0000000Z
u0000656,iva_vidovic656,Iva Vidovic,2025-02-13T12:01:00.0000000Z
u0000657,luka_barisic657,Luka Barisic,2025-10-31T03:48:00.0000000Z
u0000658,sara_horvat658,Sara Horvat,2024-10-08T06:01:00.0000000Z
u0000659,petra_knezevic659,Petra Knezevic,2025-11-01T12:14:00.0000000Z
u0000660,ana_vukovic660,Ana Vukovic,2025-04-03T13:03:00.0000000Z
u0000661,marko_sever661,Marko Sever,2024-01-20T14:43:00.0000000Z
u0000662,ema_knezevic662,Ema Knezevic,2024-04-08T01:30:00.0000000Z
u0000663,luka_horvat663,Luka Horvat,2025-04-18T22:36:00.0000000Z
u0000664,ema_kolar664,Ema Kolar,2024-01-15T22:12:00.0000000Z
u0000665,sara_kolar665,Sara Kolar,2024-02-12T01:42:00.0000000Z
u0000666,marko_kovacevic666,Marko Kovacevic,2025-10-15T23:04:00.0000000Z
u0000667,mia_kovacevic667,Mia Kovacevic,2024-07-25T14:48:00.0000000Z
u0000668,dora_horvat668,Dora Horvat,2025-11-24T02:11:00.0000000Z
u0000669,karlo_kovac669,Karlo Kovac,2025-09-13T01:32:00.0000000Z
u0000670,dora_vidovic670,Dora Vidovic,2025-10-05T01:16:00.0000000Z
u0000671,sara_knezevic671,Sara Knezevic,2025-11-19T14:27:00.0000000Z
u0000672,nika_babic672,Nika Babic,2024-05-01T02:54:00.0000000Z
u0000673,sara_novak673,Sara Novak,2024-08-08T21:09:00.0000000Z
u0000674,toni_radic674,Toni Radic,2025-07-04T12:04:00.0000000Z
u0000675,leon_sever675,Leon Sever,2024-05-08T17:10:00.0000000Z
u0000676,ines_horvat676,Ines Horvat,2024-07-22T11:05:00.0000000Z
u0000677,filip_horvat677,Filip Horvat,2024-03-29T06:46:00.0000000Z
u0000678,ana_pavlovic678,Ana Pavlovic,2024-01-29T17:08:00.0000000Z
u0000679,filip_babic679,Filip Babic,2025-10-29T18:39:00.0000000Z
u0000680,ivan_matic680,Ivan Matic,2024-09-28T03:05:00.0000000Z
u0000681,ema_juric681,Ema Juric,2024-06-22T14:57:00.0000000Z
u0000682,iva_simic682,Iva Simic,2024-08-20T06:43:00.0000000Z
u0000683,ivan_kovac683,Ivan Kovac,2025-04-03T13:40:00.0000000Z
u0000684,ines_matic684,Ines Matic,2024-03-08T16:50:00.0000000Z
u0000685,nika_zoric685,Nika Zoric,2025-07-28T04:57:00.0000000Z
u0000686,dario_kovac686,Dario Kovac,2024-03-03T05:12:00.0000000Z
u0000687,iva_curic687,Iva Curic,2024-01-27T10:06:00.0000000Z
u0000688,nika_pavlovic688,Nika Pavlovic,2025-07-10T13:10:00.0000000Z
u0000689,iva_perkovic689,Iva Perkovic,2025-07-10T13:40:00.0000000Z
u0000690,leon_novak690,Leon Novak,2025-12-06T22:50:00.0000000Z
u0000691,ema_pavlovic691,Ema Pavlovic,2025-07-04T00:03:00.0000000Z
u0000692,leon_vukovic692,Leon Vukovic,2024-07-01T17:06:00.0000000Z
u0000693,dario_babic693,Dario Babic,2024-10-17T19:56:00.0000000Z
u0000694,ines_vidovic694,Ines Vidovic,2025-11-21T09:39:00.0000000Z
u0000695,sara_knezevic695,Sara Knezevic,2025-03-03T05:31:00.0000000Z
u0000696,ana_knezevic696,Ana Knezevic,2025-10-07T04:51:00.0000000Z
u0000697,ema_vidovic697,Ema Vidovic,2024-03-10T05:16:00.0000000Z
u0000698,karlo_kovacevic698,Karlo Kovacevic,2025-01-24T02:30:00.0000000Z
u0000699,filip_kolar699,Filip Kolar,2025-04-07T07:32:00.0000000Z
u0000700,lana_horvat700,Lana Horvat,2025-10-08T16:49:00.0000000Z
u0000701,nika_maric701,Nika Maric,2025-09-24T11:29:00.0000000Z
u0000702,sara_pavlovic702,Sara Pavlovic,2025-09-19T12:11:00.0000000Z
u0000703,filip_perkovic703,Filip Perkovic,2024-10-22T10:13:00.0000000Z
u0000704,dario_horvat704,Dario Horvat,2025-10-24T22:12:00.0000000Z
u0000705,sara_curic705,Sara Curic,2024-03-20T03:23:00.0000000Z
u0000706,ivan_curic706,Ivan Curic,2024-05-29T23:20:00.0000000Z
u0000707,petra_kolar707,Petra Kolar,2024-06-28T08:08:00.0000000Z
u0000708,ines_perkovic708,Ines Perkovic,2024-10-22T05:33:00.0000000Z
u0000709,ines_knezevic709,Ines Knezevic,2024-08-05T08:06:00.0000000Z
u0000710,luka_simic710,Luka Simic,2025-04-11T03:20:00.0000000Z
u0000711,toni_horvat711,Toni Horvat,2024-04-08T13:16:00.0000000Z
u0000712,dario_kovacevic712,Dario Kovacevic,2025-04-16T11:27:00.0000000Z
u0000713,ivan_sever713,Ivan Sever,2025-08-03T14:55:00.0000000Z
u0000714,bruno_perkovic714,Bruno Perkovic,2025-07-14T03:26:00.0000000Z
u0000715,lana_kolar715,Lana Kolar,2025-08-09T13:52:00.0000000Z
u0000716,petra_babic716,Petra Babic,2024-10-11T04:57:00.0000000Z
u0000717,josip_novak717,Josip Novak,2025-07-30T16:27:00.0000000Z
u0000718,josip_juric718,Josip Juric,2024-07-20T22:16:00.0000000Z
u0000719,toni_perkovic719,Toni Perkovic,2025-01-16T01:16:00.0000000Z
u0000720,lana_zoric720,Lana Zoric,2024-06-08T19:48:00.0000000Z
u0000721,nika_babic721,Nika Babic,2024-02-18T06:42:00.0000000Z
u0000722,iva_curic722,Iva Curic,2025-12-10T10:16:00.0000000Z
u0000723,iva_maric723,Iva Maric,2025-03-23T05:09:00.0000000Z
u0000724,lana_horvat724,Lana Horvat,2025-11-11T10:27:00.0000000Z
u0000725,josip_matic725,Josip Matic,2024-02-01T07:23:00.0000000Z
u0000726,lana_vukovic726,Lana Vukovic,2025-11-13T08:48:00.0000000Z
u0000727,toni_perkovic727,Toni Perkovic,2024-07-22T14:34:00.0000000Z
u0000728,leon_zoric728,Leon Zoric,2024-09-13T08:34:00.0000000Z
u0000729,karlo_maric729,Karlo Maric,2025-06-26T01:12:00.0000000Z
u0000730,ines_barisic730,Ines Barisic,2025-04-01T09:10:00.0000000Z
u0000731,marko_pavlovic731,Marko Pavlovic,2024-05-26T09:18:00.0000000Z
u0000732,nika_maric732,Nika Maric,2025-02-20T01:56:00.0000000Z
u0000733,bruno_kolar733,Bruno Kolar,2025-08-04T22:03:00.0000000Z
u0000734,karlo_knezevic734,Karlo Knezevic,2025-12-07T22:03:00.0000000Z
u0000735,iva_sever735,Iva Sever,2024-06-19T14:15:00.0000000Z
u0000736,ines_horvat736,Ines Horvat,2025-09-10T03:48:00.0000000Z
u0000737,luka_maric737,Luka Maric,2024-07-21T18:02:00.0000000Z
u0000738,nika_barisic738,Nika Barisic,2024-03-16T10:46:00.0000000Z
u0000739,leon_perkovic739,Leon Perkovic,2024-08-23T20:47:00.0000000Z
u0000740,bruno_curic740,Bruno Curic,2025-06-17T00:54:00.0000000Z
u0000741,luka_curic741,Luka Curic,2024-08-08T11:43:00.0000000Z
u0000742,dora_kovacevic742,Dora Kovacevic,2024-10-14T10:01:00.0000000Z
u0000743,bruno_vidovic743,Bruno Vidovic,2024-07-29T01:04:00.0000000Z
u0000744,lana_zoric744,Lana Zoric,2025-05-16T02:26:00.0000000Z
u0000745,marko_zoric745,Marko Zoric,2024-07-17T12:19:00.0000000Z
u0000746,filip_babic746,Filip Babic,2025-08-31T15:14:00.0000000Z
u0000747,marko_sever747,Marko Sever,2024-05-05T01:36:00.0000000Z
u0000748,ines_pavlovic748,Ines Pavlovic,2025-06-02T14:25:00.0000000Z
u0000749,filip_radic749,Filip Radic,2025-07-06T01:59:00.0000000Z
u0000750,ivan_pavlovic750,Ivan Pavlovic,2025-01-07T12:18:00.0000000Z
u0000751,luka_sever751,Luka Sever,2025-08-03T15:44:00.0000000Z
u0000752,ivan_pavlovic752,Ivan Pavlovic,2024-12-30T04:14:00.0000000Z
u0000753,sara_zoric753,Sara Zoric,2025-03-31T01:27:00.0000000Z
u0000754,karlo_babic754,Karlo Babic,2024-05-14T10:27:00.0000000Z
u0000755,nika_zoric755,Nika Zoric,2024-10-07T20:01:00.0000000Z
u0000756,nika_knezevic756,Nika Knezevic,2024-03-08T02:11:00.0000000Z
u0000757,karlo_pavlovic757,Karlo Pavlovic,2025-01-15T21:35:00.0000000Z
u0000758,lana_simic758,Lana Simic,2025-11-07T15:07:00.0000000Z
u0000759,nika_kovacevic759,Nika Kovacevic,2024-07-30T17:47:00.0000000Z
u0000760,nika_pavlovic760,Nika Pavlovic,2025-08-08T12:01:00.0000000Z
u0000761,toni_pavlovic761,Toni Pavlovic,2024-05-23T23:25:00.0000000Z
u0000762,iva_novak762,Iva Novak,2025-07-31T09:22:00.0000000Z
u0000763,ines_kovac763,Ines Kovac,2024-05-01T17:30:00.0000000Z
u0000764,iva_pavlovic764,Iva Pavlovic,2024-09-06T23:30:00.0000000Z
u0000765,luka_juric765,Luka Juric,2025-09-23T00:02:00.0000000Z
u0000766,dora_kovacevic766,Dora Kovacevic,2025-09-22T14:41:00.0000000Z
u0000767,filip_zoric767,Filip Zoric,2024-03-04T11:59:00.0000000Z
u0000768,sara_juric768,Sara Juric,2024-01-06T01:10:00.0000000Z
u0000769,dora_zoric769,Dora Zoric,2024-10-10T18:46:00.0000000Z
u0000770,ines_radic770,Ines Radic,2024-07-15T06:54:00.0000000Z
u0000771,luka_kovac771,Luka Kovac,2024-04-18T22:57:00.0000000Z
u0000772,karlo_novak772,Karlo Novak,2024-12-25T02:13:00.0000000Z
u0000773,dora_zoric773,Dora Zoric,2025-01-25T09:07:00.0000000Z
u0000774,nika_kolar774,Nika Kolar,2024-10-03T16:07:00.0000000Z
u0000775,leon_kovac775,Leon Kovac,2025-12-20T06:31:00.0000000Z
u0000776,petra_juric776,Petra Juric,2024-08-21T13:43:00.0000000Z
u0000777,ivan_simic777,Ivan Simic,2025-12-28T16:58:00.0000000Z
u0000778,josip_juric778,Josip Juric,2025-10-07T05:20:00.0000000Z
u0000779,bruno_sever779,Bruno Sever,2024-09-26T02:33:00.0000000Z
u0000780,petra_zoric780,Petra Zoric,2024-12-08T00:43:00.0000000Z
u0000781,josip_horvat781,Josip Horvat,2025-02-14T15:45:00.0000000Z
u0000782,ines_simic782,Ines Simic,2025-02-19T17:09:00.0000000Z
u0000783,petra_vukovic783,Petra Vukovic,2024-02-24T17:54:00.0000000Z
u0000784,mia_horvat784,Mia Horvat,2025-02-09T04:41:00.0000000Z
u0000785,filip_kolar785,Filip Kolar,2024-02-10T18:37:00.0000000Z
u0000786,bruno_kolar786,Bruno Kolar,2024-05-31T09:42:00.0000000Z
u0000787,ana_vidovic787,Ana Vidovic,2024-12-15T07:47:00.0000000Z
u0000788,ivan_vidovic788,Ivan Vidovic,2025-11-14T13:40:00.0000000Z
u0000789,ema_zoric789,Ema Zoric,2025-08-13T10:06:00.0000000Z
u0000790,ema_babic790,Ema Babic,2024-06-16T11:56:00.0000000Z
u0000791,marko_zoric791,Marko Zoric,2025-12-25T15:55:00.0000000Z
u0000792,ivan_maric792,Ivan Maric,2025-05-09T18:47:00.0000000Z
u0000793,karlo_horvat793,Karlo Horvat,2024-12-26T16:43:00.0000000Z
u0000794,josip_sever794,Josip Sever,2025-10-11T15:25:00.0000000Z
u0000795,luka_perkovic795,Luka Perkovic,2025-02-21T04:04:00.0000000Z
u0000796,josip_kovac796,Josip Kovac,2025-01-24T19:10:00.0000000Z
u0000797,karlo_horvat797,Karlo Horvat,2024-06-19T17:06:00.0000000Z
u0000798,petra_maric798,Petra Maric,2025-12-16T05:24:00.0000000Z
u0000799,dora_kovacevic799,Dora Kovacevic,2024-06-07T00:33:00.0000000Z
u0000800,toni_pavlovic800,Toni Pavlovic,2025-07-24T14:17:00.0000000Z
u0000801,iva_curic801,Iva Curic,2024-07-25T10:57:00.0000000Z
u0000802,karlo_novak802,Karlo Novak,2024-05-28T15:18:00.0000000Z
u0000803,nika_juric803,Nika Juric,2025-01-29T11:40:00.0000000Z
u0000804,mia_barisic804,Mia Barisic,2025-06-03T17:02:00.0000000Z
u0000805,bruno_pavlovic805,Bruno Pavlovic,2025-08-23T19:06:00.0000000Z
u0000806,nika_vidovic806,Nika Vidovic,2024-03-25T16:16:00.0000000Z
u0000807,mia_vidovic807,Mia Vidovic,2025-05-15T09:47:00.0000000Z
u0000808,ema_knezevic808,Ema Knezevic,2024-03-13T09:12:00.0000000Z
u0000809,dora_sever809,Dora Sever,2025-04-03T09:11:00.0000000Z
u0000810,ana_kovac810,Ana Kovac,2025-09-18T10:30:00.0000000Z
u0000811,lana_maric811,Lana Maric,2024-10-20T01:24:00.0000000Z
u0000812,bruno_perkovic812,Bruno Perkovic,2024-02-12T14:33:00.0000000Z
u0000813,toni_vukovic813,Toni Vukovic,2024-11-17T19:05:00.0000000Z
u0000814,mia_barisic814,Mia Barisic,2025-09-01T00:23:00.0000000Z
u0000815,dora_knezevic815,Dora Knezevic,2024-03-25T08:41:00.0000000Z
u0000816,dario_knezevic816,Dario Knezevic,2025-02-14T22:19:00.0000000Z
u0000817,petra_knezevic817,Petra Knezevic,2025-01-07T00:19:00.0000000Z
u0000818,marko_juric818,Marko Juric,2025-08-03T19:00:00.0000000Z
u0000819,ivan_matic819,Ivan Matic,2024-12-24T00:04:00.0000000Z
u0000820,petra_vidovic820,Petra Vidovic,2024-07-28T15:20:00.0000000Z
u0000821,nika_radic821,Nika Radic,2024-05-16T05:41:00.0000000Z
u0000822,sara_curic822,Sara Curic,2025-05-26T21:12:00.0000000Z
u0000823,filip_horvat823,Filip Horvat,2025-11-24T22:56:00.0000000Z
u0000824,iva_sever824,Iva Sever,2024-11-05T19:22:00.0000000Z
u0000825,sara_sever825,Sara Sever,2025-11-25T02:08:00.0000000Z
u0000826,ines_juric826,Ines Juric,2025-12-21T19:59:00.0000000Z
u0000827,dora_matic827,Dora Matic,2025-01-10T06:56:00.0000000Z
u0000828,ivan_barisic828,Ivan Barisic,2025-05-07T14:54:00.0000000Z
u0000829,filip_vukovic829,Filip Vukovic,2025-11-09T05:48:00.0000000Z
u0000830,toni_pavlovic830,Toni Pavlovic,2024-05-03T14:12:00.0000000Z
u0000831,nika_knezevic831,Nika Knezevic,2025-02-05T02:43:00.0000000Z
u0000832,petra_zoric832,Petra Zoric,2024-08-28T21:14:00.0000000Z
u0000833,toni_kovacevic833,Toni Kovacevic,2025-01-24T05:17:00.0000000Z
u0000834,josip_novak834,Josip Novak,2024-11-22T09:20:00.0000000Z
u0000835,toni_vukovic835,Toni Vukovic,2024-11-02T12:40:00.0000000Z
u0000836,ivan_knezevic836,Ivan Knezevic,2024-07-11T19:38:00.0000000Z
u0000837,karlo_novak837,Karlo Novak,2024-05-29T08:41:00.0000000Z
u0000838,dario_novak838,Dario Novak,2024-10-01T16:22:00.0000000Z
u0000839,iva_radic839,Iva Radic,2025-05-21T02:03:00.0000000Z
u0000840,dario_kovacevic840,Dario Kovacevic,2025-02-09T19:37:00.0000000Z
u0000841,iva_kolar841,Iva Kolar,2024-10-07T16:36:00.0000000Z
u0000842,iva_maric842,Iva Maric,2025-02-11T09:09:00.0000000Z
u0000843,ines_radic843,Ines Radic,2024-05-29T14:10:00.0000000Z
u0000844,toni_novak844,Toni Novak,2025-12-09T01:04:00.0000000Z
u0000845,lana_simic845,Lana Simic,2024-07-10T10:19:00.0000000Z
u0000846,ivan_matic846,Ivan Matic,2024-12-04T18:26:00.0000000Z
u0000847,ema_juric847,Ema Juric,2025-11-13T22:52:00.0000000Z
u0000848,sara_zoric848,Sara Zoric,2024-09-28T02:49:00.0000000Z
u0000849,dora_kovac849,Dora Kovac,2024-06-12T01:31:00.0000000Z
u0000850,petra_vukovic850,Petra Vukovic,2024-07-24T11:25:00.0000000Z
u0000851,toni_babic851,Toni Babic,2025-12-14T15:22:00.0000000Z
u0000852,dora_pavlovic852,Dora Pavlovic,2025-01-04T23:12:00.0000000Z
u0000853,ivan_vidovic853,Ivan Vidovic,2024-05-22T15:42:00.0000000Z
u0000854,ines_novak854,Ines Novak,2025-10-21T17:39:00.0000000Z
u0000855,ivan_novak855,Ivan Novak,2024-01-31T04:23:00.0000000Z
u0000856,luka_horvat856,Luka Horvat,2025-04-05T12:09:00.0000000Z
u0000857,marko_kolar857,Marko Kolar,2024-02-12T07:45:00.0000000Z
u0000858,luka_juric858,Luka Juric,2024-02-21T09:45:00.0000000Z
u0000859,toni_babic859,Toni Babic,2025-11-19T19:42:00.0000000Z
u0000860,ana_vidovic860,Ana Vidovic,2024-04-06T03:38:00.0000000Z
u0000861,filip_kolar861,Filip Kolar,2024-04-12T22:04:00.0000000Z
u0000862,leon_sever862,Leon Sever,2024-02-19T10:48:00.0000000Z
u0000863,dora_matic863,Dora Matic,2025-11-07T16:57:00.0000000Z
u0000864,iva_horvat864,Iva Horvat,2025-03-29T20:50:00.0000000Z
u0000865,ema_vukovic865,Ema Vukovic,2024-02-08T16:54:00.0000000Z
u0000866,ana_pavlovic866,Ana Pavlovic,2025-01-27T01:33:00.0000000Z
u0000867,filip_kolar867,Filip Kolar,2024-01-12T21:02:00.0000000Z
u0000868,nika_kovac868,Nika Kovac,2025-05-07T08:34:00.0000000Z
u0000869,luka_knezevic869,Luka Knezevic,2025-10-03T15:21:00.0000000Z
u0000870,leon_vukovic870,Leon Vukovic,2025-01-25T14:50:00.0000000Z
u0000871,nika_horvat871,Nika Horvat,2024-01-11T11:25:00.0000000Z
u0000872,ivan_radic872,Ivan Radic,2025-01-06T06:01:00.0000000Z
u0000873,iva_babic873,Iva Babic,2024-06-24T02:15:00.0000000Z
u0000874,dora_novak874,Dora Novak,2025-02-21T08:19:00.0000000Z
u0000875,bruno_vukovic875,Bruno Vukovic,2025-05-27T05:54:00.0000000Z
u0000876,josip_sever876,Josip Sever,2025-09-22T13:50:00.0000000Z
u0000877,ana_simic877,Ana Simic,2025-01-01T00:31:00.0000000Z
u0000878,josip_perkovic878,Josip Perkovic,2024-03-04T05:19:00.0000000Z
u0000879,marko_kolar879,Marko Kolar,2025-04-14T01:58:00.0000000Z
u0000880,lana_perkovic880,Lana Perkovic,2025-02-24T22:08:00.0000000Z
u0000881,petra_kovac881,Petra Kovac,2024-03-28T16:07:00.0000000Z
u0000882,mia_maric882,Mia Maric,2025-11-28T01:55:00.0000000Z
u0000883,toni_novak883,Toni Novak,2025-09-24T02:48:00.0000000Z
u0000884,dario_juric884,Dario Juric,2024-12-09T02:00:00.0000000Z
u0000885,ema_vukovic885,Ema Vukovic,2024-12-21T23:57:00.0000000Z
u0000886,josip_barisic886,Josip Barisic,2025-05-26T09:22:00.0000000Z
u0000887,dora_zoric887,Dora Zoric,2024-11-22T06:42:00.0000000Z
u0000888,ana_barisic888,Ana Barisic,2025-07-14T21:22:00.0000000Z
u0000889,ana_maric889,Ana Maric,2024-09-24T11:37:00.0000000Z
u0000890,leon_curic890,Leon Curic,2025-07-27T01:37:00.0000000Z
u0000891,ines_juric891,Ines Juric,2024-11-14T03:36:00.0000000Z
u0000892,sara_zoric892,Sara Zoric,2024-04-24T17:50:00.0000000Z
u0000893,lana_kovacevic893,Lana Kovacevic,2024-05-01T11:20:00.0000000Z
u0000894,bruno_vidovic894,Bruno Vidovic,2025-07-05T14:11:00.0000000Z
u0000895,dora_matic895,Dora Matic,2024-08-21T05:54:00.0000000Z
u0000896,ana_babic896,Ana Babic,2024-08-26T10:27:00.0000000Z
u0000897,nika_perkovic897,Nika Perkovic,2025-09-15T00:05:00.0000000Z
u0000898,leon_matic898,Leon Matic,2025-10-28T06:20:00.0000000Z
u0000899,marko_maric899,Marko Maric,2024-05-22T15:19:00.0000000Z
u0000900,mia_vukovic900,Mia Vukovic,2024-01-26T22:14:00.0000000Z
u0000901,nika_perkovic901,Nika Perkovic,2024-07-06T09:12:00.0000000Z
u0000902,ivan_perkovic902,Ivan Perkovic,2025-12-11T03:31:00.0000000Z
u0000903,ana_pavlovic903,Ana Pavlovic,2025-02-21T06:44:00.0000000Z
u0000904,filip_sever904,Filip Sever,2025-02-25T01:05:00.0000000Z
u0000905,dario_novak905,Dario Novak,2025-11-30T15:15:00.0000000Z
u0000906,sara_horvat906,Sara Horvat,2024-10-31T06:47:00.0000000Z
u0000907,josip_horvat907,Josip Horvat,2024-02-04T14:31:00.0000000Z
u0000908,ana_kovacevic908,Ana Kovacevic,2024-07-21T11:35:00.0000000Z
u0000909,leon_curic909,Leon Curic,2025-08-08T19:14:00.0000000Z
u0000910,dario_radic910,Dario Radic,2025-03-22T04:10:00.0000000Z
u0000911,dora_kovac911,Dora Kovac,2025-11-27T05:16:00.0000000Z
u0000912,marko_maric912,Marko Maric,2024-04-18T22:10:00.0000000Z
u0000913,lana_curic913,Lana Curic,2025-08-02T23:08:00.0000000Z
u0000914,filip_sever914,Filip Sever,2024-12-12T23:40:00.0000000Z
u0000915,iva_juric915,Iva Juric,2025-05-09T21:21:00.0000000Z
u0000916,ema_knezevic916,Ema Knezevic,2024-07-14T12:11:00.0000000Z
u0000917,dora_knezevic917,Dora Knezevic,2024-04-24T03:29:00.0000000Z
u0000918,iva_curic918,Iva Curic,2024-09-16T20:00:00.0000000Z
u0000919,dora_radic919,Dora Radic,2024-09-13T02:35:00.0000000Z
u0000920,dora_babic920,Dora Babic,2025-07-04T19:22:00.0000000Z
u0000921,petra_radic921,Petra Radic,2024-03-14T06:28:00.0000000Z
u0000922,dora_vukovic922,Dora Vukovic,2025-10-13T23:04:00.0000000Z
u0000923,toni_knezevic923,Toni Knezevic,2024-02-19T08:57:00.0000000Z
u0000924,karlo_maric924,Karlo Maric,2024-03-14T04:36:00.0000000Z
u0000925,toni_babic925,Toni Babic,2024-01-04T15:39:00.0000000Z
u0000926,nika_juric926,Nika Juric,2024-02-14T01:29:00.0000000Z
u0000927,nika_perkovic927,Nika Perkovic,2025-01-11T16:52:00.0000000Z
u0000928,dario_simic928,Dario Simic,2024-03-10T13:47:00.0000000Z
u0000929,lana_maric929,Lana Maric,2024-05-23T18:08:00.0000000Z
u0000930,nika_babic930,Nika Babic,2025-03-21T00:33:00.0000000Z
u0000931,iva_radic931,Iva Radic,2025-07-14T10:12:00.0000000Z
u0000932,ana_maric932,Ana Maric,2024-12-20T22:59:00.0000000Z
u0000933,mia_zoric933,Mia Zoric,2025-10-18T19:38:00.0000000Z
u0000934,iva_perkovic934,Iva Perkovic,2024-01-04T09:39:00.0000000Z
u0000935,luka_babic935,Luka Babic,2024-06-28T11:21:00.0000000Z
u0000936,ivan_maric936,Ivan Maric,2025-08-07T14:14:00.0000000Z
u0000937,mia_knezevic937,Mia Knezevic,2024-07-11T15:42:00.0000000Z
u0000938,ema_vukovic938,Ema Vukovic,2024-12-26T21:06:00.0000000Z
u0000939,luka_pavlovic939,Luka Pavlovic,2025-11-18T18:58:00.0000000Z
u0000940,ana_radic940,Ana Radic,2024-05-15T09:35:00.0000000Z
u0000941,sara_horvat941,Sara Horvat,2024-07-09T03:31:00.0000000Z
u0000942,lana_horvat942,Lana Horvat,2025-05-06T04:10:00.0000000Z
u0000943,filip_simic943,Filip Simic,2025-11-06T18:57:00.0000000Z
u0000944,dario_maric944,Dario Maric,2024-12-23T20:17:00.0000000Z
u0000945,petra_vidovic945,Petra Vidovic,2024-01-01T23:19:00.0000000Z
u0000946,dario_kovacevic946,Dario Kovacevic,2024-11-05T08:09:00.0000000Z
u0000947,karlo_vukovic947,Karlo Vukovic,2024-01-20T17:08:00.0000000Z
u0000948,mia_novak948,Mia Novak,2025-06-14T12:32:00.0000000Z
u0000949,filip_radic949,Filip Radic,2024-04-11T23:59:00.0000000Z
u0000950,ema_vidovic950,Ema Vidovic,2025-01-29T16:53:00.0000000Z
u0000951,dario_vukovic951,Dario Vukovic,2024-07-29T23:15:00.0000000Z
u0000952,bruno_kovac952,Bruno Kovac,2025-04-03T16:39:00.0000000Z
u0000953,bruno_kolar953,Bruno Kolar,2024-04-08T00:29:00.0000000Z
u0000954,nika_kolar954,Nika Kolar,2025-02-22T20:59:00.0000000Z
u0000955,ines_vidovic955,Ines Vidovic,2024-06-08T19:11:00.0000000Z
u0000956,iva_babic956,Iva Babic,2025-02-16T15:25:00.0000000Z
u0000957,lana_kolar957,Lana Kolar,2024-08-07T21:22:00.0000000Z
u0000958,dario_maric958,Dario Maric,2024-03-19T00:05:00.0000000Z
u0000959,petra_kovacevic959,Petra Kovacevic,2025-07-22T05:36:00.0000000Z
u0000960,dario_babic960,Dario Babic,2025-01-02T03:01:00.0000000Z
u0000961,dario_kovac961,Dario Kovac,2025-07-24T02:35:00.0000000Z
u0000962,mia_sever962,Mia Sever,2025-08-26T21:09:00.0000000Z
u0000963,luka_knezevic963,Luka Knezevic,2025-06-13T22:35:00.0000000Z
u0000964,mia_zoric964,Mia Zoric,2025-03-08T09:01:00.0000000Z
u0000965,ema_juric965,Ema Juric,2025-05-07T21:18:00.0000000Z
u0000966,lana_radic966,Lana Radic,2024-10-29T17:15:00.0000000Z
u0000967,dario_simic967,Dario Simic,2024-10-02T23:14:00.0000000Z
u0000968,nika_zoric968,Nika Zoric,2024-02-24T06:02:00.0000000Z
u0000969,luka_horvat969,Luka Horvat,2024-06-05T10:15:00.0000000Z
u0000970,petra_simic970,Petra Simic,2025-07-29T16:19:00.0000000Z
u0000971,karlo_novak971,Karlo Novak,2025-04-04T19:16:00.0000000Z
u0000972,toni_horvat972,Toni Horvat,2025-04-29T23:11:00.0000000Z
u0000973,iva_matic973,Iva Matic,2025-09-17T23:00:00.0000000Z
u0000974,mia_simic974,Mia Simic,2025-05-13T23:26:00.0000000Z
u0000975,karlo_babic975,Karlo Babic,2025-12-01T18:08:00.0000000Z
u0000976,bruno_novak976,Bruno Novak,2025-10-03T18:59:00.0000000Z
u0000977,josip_kolar977,Josip Kolar,2025-07-22T16:24:00.0000000Z
u0000978,mia_horvat978,Mia Horvat,2025-01-29T10:05:00.0000000Z
u0000979,marko_sever979,Marko Sever,2024-07-22T13:58:00.0000000Z
u0000980,bruno_babic980,Bruno Babic,2025-11-23T19:27:00.0000000Z
u0000981,toni_horvat981,Toni Horvat,2025-10-12T02:10:00.0000000Z
u0000982,leon_radic982,Leon Radic,2025-02-10T09:58:00.0000000Z
u0000983,dora_perkovic983,Dora Perkovic,2024-06-21T16:15:00.0000000Z
u0000984,ana_perkovic984,Ana Perkovic,2024-01-23T15:24:00.0000000Z
u0000985,nika_babic985,Nika Babic,2025-12-30T15:04:00.0000000Z
u0000986,sara_kolar986,Sara Kolar,2025-04-27T00:12:00.0000000Z
u0000987,marko_radic987,Marko Radic,2025-08-04T14:03:00.0000000Z
u0000988,filip_zoric988,Filip Zoric,2025-09-12T21:19:00.0000000Z
u0000989,ana_matic989,Ana Matic,2024-05-14T17:28:00.0000000Z
u0000990,ivan_radic990,Ivan Radic,2024-02-29T07:22:00.0000000Z
u0000991,mia_kovac991,Mia Kovac,2024-09-08T10:41:00.0000000Z
u0000992,leon_zoric992,Leon Zoric,2025-02-08T00:28:00.0000000Z
u0000993,iva_curic993,Iva Curic,2025-03-11T19:30:00.0000000Z
u0000994,josip_kolar994,Josip Kolar,2025-02-20T16:56:00.0000000Z
u0000995,toni_knezevic995,Toni Knezevic,2024-02-02T18:31:00.0000000Z
u0000996,bruno_vidovic996,Bruno Vidovic,2025-10-26T02:20:00.0000000Z
u0000997,dario_knezevic997,Dario Knezevic,2024-06-12T03:52:00.0000000Z
u0000998,toni_simic998,Toni Simic,2025-03-24T23:21:00.0000000Z
u0000999,petra_juric999,Petra Juric,2024-07-15T01:30:00.0000000Z
u0001000,ana_curic1000,Ana Curic,2024-01-27T20:55:00.0000000Z
u0001001,mia_barisic1001,Mia Barisic,2024-04-20T16:29:00.0000000Z
u0001002,petra_pavlovic1002,Petra Pavlovic,2025-02-23T03:55:00.0000000Z
u0001003,sara_pavlovic1003,Sara Pavlovic,2024-09-03T08:12:00.0000000Z
u0001004,josip_curic1004,Josip Curic,2025-08-31T05:11:00.0000000Z
u0001005,ivan_kolar1005,Ivan Kolar,2025-07-26T08:34:00.0000000Z
u0001006,luka_perkovic1006,Luka Perkovic,2024-08-28T15:42:00.0000000Z
u0001007,karlo_juric1007,Karlo Juric,2025-05-11T04:34:00.0000000Z
u0001008,ema_radic1008,Ema Radic,2024-02-25T13:44:00.0000000Z
u0001009,ines_zoric1009,Ines Zoric,2024-12-26T13:10:00.0000000Z
u0001010,bruno_zoric1010,Bruno Zoric,2024-12-31T15:27:00.0000000Z
u0001011,ema_zoric1011,Ema Zoric,2025-12-12T04:11:00.0000000Z
u0001012,nika_horvat1012,Nika Horvat,2025-09-29T18:00:00.0000000Z
u0001013,josip_matic1013,Josip Matic,2025-08-03T15:45:00.0000000Z
u0001014,lana_kovac1014,Lana Kovac,2024-04-25T03:26:00.0000000Z
u0001015,nika_kovac1015,Nika Kovac,2025-01-21T01:25:00.0000000Z
u0001016,mia_simic1016,Mia Simic,2025-10-05T04:57:00.0000000Z
u0001017,karlo_curic1017,Karlo Curic,2025-03-03T07:07:00.0000000Z
u0001018,leon_novak1018,Leon Novak,2025-05-01T07:25:00.0000000Z
u0001019,mia_kovac1019,Mia Kovac,2024-08-24T14:26:00.0000000Z
u0001020,ivan_juric1020,Ivan Juric,2025-09-18T17:26:00.0000000Z
u0001021,ivan_sever1021,Ivan Sever,2025-10-13T16:31:00.0000000Z
u0001022,karlo_maric1022,Karlo Maric,2024-04-18T10:07:00.0000000Z
u0001023,ines_radic1023,Ines Radic,2025-05-11T12:03:00.0000000Z
u0001024,leon_vidovic1024,Leon Vidovic,2024-05-29T18:41:00.0000000Z
u0001025,dario_kovacevic1025,Dario Kovacevic,2024-05-26T02:39:00.0000000Z
u0001026,dario_kolar1026,Dario Kolar,2024-11-27T09:44:00.0000000Z
u0001027,dario_matic1027,Dario Matic,2024-06-03T10:23:00.0000000Z
u0001028,toni_barisic1028,Toni Barisic,2025-08-28T13:53:00.0000000Z
u0001029,leon_kovacevic1029,Leon Kovacevic,2025-01-13T14:19:00.0000000Z
u0001030,filip_novak1030,Filip Novak,2025-11-12T14:17:00.0000000Z
u0001031,dario_kovacevic1031,Dario Kovacevic,2024-05-18T12:27:00.0000000Z
u0001032,leon_vukovic1032,Leon Vukovic,2024-03-17T02:51:00.0000000Z
u0001033,ema_kolar1033,Ema Kolar,2025-11-12T12:46:00.0000000Z
u0001034,mia_radic1034,Mia Radic,2024-02-08T02:56:00.0000000Z
u0001035,luka_curic1035,Luka Curic,2024-03-28T11:34:00.0000000Z
u0001036,mia_knezevic1036,Mia Knezevic,2025-10-18T13:52:00.0000000Z
u0001037,lana_vidovic1037,Lana Vidovic,2024-10-15T04:22:00.0000000Z
u0001038,ines_radic1038,Ines Radic,2025-08-29T00:33:00.0000000Z
u0001039,toni_matic1039,Toni Matic,2024-02-12T20:51:00.0000000Z
u0001040,ivan_curic1040,Ivan Curic,2025-08-18T02:28:00.0000000Z
u0001041,toni_simic1041,Toni Simic,2024-08-06T23:53:00.0000000Z
u0001042,bruno_vukovic1042,Bruno Vukovic,2024-12-03T23:00:00.0000000Z
u0001043,ana_simic1043,Ana Simic,2025-11-20T12:20:00.0000000Z
u0001044,ivan_juric1044,Ivan Juric,2025-12-06T19:36:00.0000000Z
u0001045,dario_maric1045,Dario Maric,2025-11-14T07:09:00.0000000Z
u0001046,petra_knezevic1046,Petra Knezevic,2025-12-14T20:21:00.0000000Z
u0001047,bruno_radic1047,Bruno Radic,2025-11-18T03:18:00.0000000Z
u0001048,toni_vidovic1048,Toni Vidovic,2024-09-25T15:01:00.0000000Z
u0001049,dario_perkovic1049,Dario Perkovic,2025-08-18T07:13:00.0000000Z
u0001050,mia_juric1050,Mia Juric,2025-11-04T17:18:00.0000000Z
u0001051,ana_novak1051,Ana Novak,2025-08-17T16:57:00.0000000Z
u0001052,marko_zoric1052,Marko Zoric,2025-12-16T17:26:00.0000000Z
u0001053,iva_matic1053,Iva Matic,2025-02-12T13:10:00.0000000Z
u0001054,sara_vukovic1054,Sara Vukovic,2025-08-12T08:13:00.0000000Z
u0001055,dora_vukovic1055,Dora Vukovic,2025-02-26T00:59:00.0000000Z
u0001056,josip_kovacevic1056,Josip Kovacevic,2024-09-20T17:27:00.0000000Z
u0001057,ines_matic1057,Ines Matic,2024-02-10T15:13:00.0000000Z
u0001058,ivan_vukovic1058,Ivan Vukovic,2024-10-08T12:32:00.0000000Z
u0001059,ines_horvat1059,Ines Horvat,2025-06-01T12:13:00.0000000Z
u0001060,leon_novak1060,Leon Novak,2025-05-12T12:09:00.0000000Z
u0001061,toni_perkovic1061,Toni Perkovic,2024-08-12T10:22:00.0000000Z
u0001062,ana_kovac1062,Ana Kovac,2024-02-10T05:58:00.0000000Z
u0001063,petra_knezevic1063,Petra Knezevic,2024-10-31T01:30:00.0000000Z
u0001064,dora_knezevic1064,Dora Knezevic,2025-11-29T20:11:00.0000000Z
u0001065,josip_kovac1065,Josip Kovac,2024-05-04T13:40:00.0000000Z
u0001066,marko_perkovic1066,Marko Perkovic,2024-12-10T11:02:00.0000000Z
u0001067,iva_babic1067,Iva Babic,2024-08-28T15:07:00.0000000Z
u0001068,lana_matic1068,Lana Matic,2025-08-08T15:38:00.0000000Z
u0001069,ines_sever1069,Ines Sever,2025-09-11T07:54:00.0000000Z
u0001070,josip_novak1070,Josip Novak,2025-06-24T00:09:00.0000000Z
u0001071,ema_vidovic1071,Ema Vidovic,2024-06-29T07:15:00.0000000Z
u0001072,ines_horvat1072,Ines Horvat,2025-06-01T11:53:00.0000000Z
u0001073,lana_curic1073,Lana Curic,2024-08-21T11:11:00.0000000Z
u0001074,dario_juric1074,Dario Juric,2025-11-22T21:05:00.0000000Z
u0001075,leon_curic1075,Leon Curic,2024-02-28T19:14:00.0000000Z
u0001076,ivan_perkovic1076,Ivan Perkovic,2024-08-07T10:36:00.0000000Z
u0001077,luka_kolar1077,Luka Kolar,2024-09-09T20:25:00.0000000Z
u0001078,luka_babic1078,Luka Babic,2024-03-11T10:44:00.0000000Z
u0001079,mia_maric1079,Mia Maric,2024-05-18T23:49:00.0000000Z
u0001080,dario_maric1080,Dario Maric,2024-03-03T12:16:00.0000000Z
u0001081,luka_kolar1081,Luka Kolar,2024-04-24T23:31:00.0000000Z
u0001082,sara_perkovic1082,Sara Perkovic,2025-03-04T10:10:00.0000000Z
u0001083,bruno_radic1083,Bruno Radic,2024-02-01T16:56:00.0000000Z
u0001084,lana_pavlovic1084,Lana Pavlovic,2025-06-17T16:25:00.0000000Z
u0001085,petra_juric1085,Petra Juric,2025-09-01T18:59:00.0000000Z
u0001086,mia_radic1086,Mia Radic,2025-01-19T14:48:00.0000000Z
u0001087,bruno_zoric1087,Bruno Zoric,2024-08-08T12:10:00.0000000Z
u0001088,dario_novak1088,Dario Novak,2025-01-03T07:02:00.0000000Z
u0001089,mia_horvat1089,Mia Horvat,2025-05-09T23:21:00.0000000Z
u0001090,petra_radic1090,Petra Radic,2025-08-18T18:46:00.0000000Z
u0001091,dario_sever1091,Dario Sever,2025-07-22T13:32:00.0000000Z
u0001092,luka_kovacevic1092,Luka Kovacevic,2025-02-07T07:55:00.0000000Z
u0001093,iva_juric1093,Iva Juric,2024-07-04T19:11:00.0000000Z
u0001094,lana_vukovic1094,Lana Vukovic,2024-03-30T11:11:00.0000000Z
u0001095,ema_zoric1095,Ema Zoric,2024-03-18T06:51:00.0000000Z
u0001096,toni_kovac1096,Toni Kovac,2025-09-30T23:48:00.0000000Z
u0001097,ema_sever1097,Ema Sever,2025-05-14T04:10:00.0000000Z
u0001098,sara_zoric1098,Sara Zoric,2024-10-08T09:54:00.0000000Z
u0001099,iva_perkovic1099,Iva Perkovic,2025-01-06T16:39:00.0000000Z
u0001100,sara_juric1100,Sara Juric,2025-04-19T04:28:00.0000000Z
u0001101,leon_simic1101,Leon Simic,2024-01-11T02:08:00.0000000Z
u0001102,luka_curic1102,Luka Curic,2025-04-11T18:07:00.0000000Z
u0001103,dora_curic1103,Dora Curic,2025-11-24T22:04:00.0000000Z
u0001104,ema_simic1104,Ema Simic,2024-06-25T07:14:00.0000000Z
u0001105,ema_novak1105,Ema Novak,2024-10-05T00:57:00.0000000Z
u0001106,petra_juric1106,Petra Juric,2024-12-02T08:28:00.0000000Z
u0001107,mia_zoric1107,Mia Zoric,2025-11-24T02:39:00.0000000Z
u0001108,karlo_barisic1108,Karlo Barisic,2025-02-10T00:59:00.0000000Z
u0001109,marko_barisic1109,Marko Barisic,2024-06-03T04:46:00.0000000Z
u0001110,mia_matic1110,Mia Matic,2025-04-24T20:10:00.0000000Z
u0001111,ana_babic1111,Ana Babic,2025-12-19T16:58:00.0000000Z
u0001112,toni_simic1112,Toni Simic,2025-08-27T13:40:00.0000000Z
u0001113,marko_horvat1113,Marko Horvat,2025-08-14T07:22:00.0000000Z
u0001114,lana_perkovic1114,Lana Perkovic,2024-05-02T00:25:00.0000000Z
u0001115,leon_sever1115,Leon Sever,2024-10-03T06:32:00.0000000Z
u0001116,josip_vukovic1116,Josip Vukovic,2025-02-09T11:01:00.0000000Z
u0001117,ana_pavlovic1117,Ana Pavlovic,2024-09-25T21:09:00.0000000Z
u0001118,ana_juric1118,Ana Juric,2025-01-03T21:54:00.0000000Z
u0001119,bruno_babic1119,Bruno Babic,2025-05-04T11:39:00.0000000Z
u0001120,lana_kovac1120,Lana Kovac,2024-03-05T10:39:00.0000000Z
u0001121,josip_simic1121,Josip Simic,2024-12-07T02:05:00.0000000Z
u0001122,ema_novak1122,Ema Novak,2024-11-27T15:22:00.0000000Z
u0001123,ema_perkovic1123,Ema Perkovic,2025-04-14T13:03:00.0000000Z
u0001124,nika_kovac1124,Nika Kovac,2024-07-09T08:05:00.0000000Z
u0001125,sara_curic1125,Sara Curic,2024-03-24T22:35:00.0000000Z
u0001126,iva_barisic1126,Iva Barisic,2025-10-27T00:03:00.0000000Z
u0001127,petra_perkovic1127,Petra Perkovic,2024-12-04T13:38:00.0000000Z
u0001128,sara_vukovic1128,Sara Vukovic,2025-09-09T23:43:00.0000000Z
u0001129,ema_sever1129,Ema Sever,2025-10-06T12:48:00.0000000Z
u0001130,lana_curic1130,Lana Curic,2024-12-15T11:00:00.0000000Z
u0001131,petra_perkovic1131,Petra Perkovic,2025-11-13T11:57:00.0000000Z
u0001132,bruno_horvat1132,Bruno Horvat,2024-03-17T01:52:00.0000000Z
u0001133,sara_pavlovic1133,Sara Pavlovic,2025-06-23T08:55:00.0000000Z
u0001134,leon_maric1134,Leon Maric,2025-06-12T08:31:00.0000000Z
u0001135,leon_matic1135,Leon Matic,2025-01-24T07:10:00.0000000Z
u0001136,marko_vukovic1136,Marko Vukovic,2024-08-23T04:49:00.0000000Z
u0001137,mia_curic1137,Mia Curic,2024-06-15T13:25:00.0000000Z
u0001138,iva_juric1138,Iva Juric,2024-10-22T13:54:00.0000000Z
u0001139,toni_zoric1139,Toni Zoric,2024-05-04T04:34:00.0000000Z
u0001140,toni_horvat1140,Toni Horvat,2024-06-27T12:41:00.0000000Z
u0001141,nika_zoric1141,Nika Zoric,2025-07-10T15:59:00.0000000Z
u0001142,petra_vukovic1142,Petra Vukovic,2024-11-02T08:00:00.0000000Z
u0001143,filip_curic1143,Filip Curic,2025-10-14T12:05:00.0000000Z
u0001144,ana_kovac1144,Ana Kovac,2024-06-28T22:00:00.0000000Z
u0001145,petra_juric1145,Petra Juric,2025-01-03T10:58:00.0000000Z
u0001146,bruno_kolar1146,Bruno Kolar,2025-11-14T20:59:00.0000000Z
u0001147,filip_maric1147,Filip Maric,2025-03-12T00:00:00.0000000Z
u0001148,nika_kovac1148,Nika Kovac,2025-12-21T13:18:00.0000000Z
u0001149,ema_vukovic1149,Ema Vukovic,2024-09-28T01:13:00.0000000Z
u0001150,dario_kovac1150,Dario Kovac,2024-07-13T03:47:00.0000000Z
u0001151,leon_kovac1151,Leon Kovac,2025-04-02T20:56:00.0000000Z
u0001152,lana_vukovic1152,Lana Vukovic,2024-10-24T11:28:00.0000000Z
u0001153,dora_kolar1153,Dora Kolar,2024-02-11T12:25:00.0000000Z
u0001154,marko_zoric1154,Marko Zoric,2024-12-08T02:42:00.0000000Z
u0001155,josip_vukovic1155,Josip Vukovic,2025-09-01T19:40:00.0000000Z
u0001156,dora_simic1156,Dora Simic,2024-01-20T03:24:00.0000000Z
u0001157,leon_barisic1157,Leon Barisic,2024-01-21T23:48:00.0000000Z
u0001158,luka_kovacevic1158,Luka Kovacevic,2025-08-23T16:54:00.0000000Z
u0001159,toni_horvat1159,Toni Horvat,2025-05-17T23:27:00.0000000Z
u0001160,iva_curic1160,Iva Curic,2025-12-28T18:52:00.0000000Z
u0001161,ana_zoric1161,Ana Zoric,2025-08-30T04:40:00.0000000Z
u0001162,toni_kovac1162,Toni Kovac,2024-01-03T07:56:00.0000000Z
u0001163,toni_perkovic1163,Toni Perkovic,2025-10-19T14:40:00.0000000Z
u0001164,ivan_zoric1164,Ivan Zoric,2025-12-27T23:53:00.0000000Z
u0001165,ines_maric1165,Ines Maric,2024-10-18T17:03:00.0000000Z
u0001166,marko_babic1166,Marko Babic,2025-06-01T17:07:00.0000000Z
u0001167,petra_juric1167,Petra Juric,2025-08-14T17:55:00.0000000Z
u0001168,filip_pavlovic1168,Filip Pavlovic,2024-06-04T07:48:00.0000000Z
u0001169,luka_kolar1169,Luka Kolar,2025-07-17T10:09:00.0000000Z
u0001170,karlo_vidovic1170,Karlo Vidovic,2024-09-06T18:01:00.0000000Z
u0001171,bruno_maric1171,Bruno Maric,2025-08-31T15:26:00.0000000Z
u0001172,ivan_kovac1172,Ivan Kovac,2025-12-20T18:49:00.0000000Z
u0001173,toni_vidovic1173,Toni Vidovic,2024-08-09T03:11:00.0000000Z
u0001174,karlo_vukovic1174,Karlo Vukovic,2025-10-26T01:34:00.0000000Z
u0001175,marko_vidovic1175,Marko Vidovic,2024-03-18T03:17:00.0000000Z
u0001176,ana_vukovic1176,Ana Vukovic,2024-03-19T16:24:00.0000000Z
u0001177,josip_radic1177,Josip Radic,2025-10-03T03:19:00.0000000Z
u0001178,dora_pavlovic1178,Dora Pavlovic,2025-04-15T22:17:00.0000000Z
u0001179,petra_kolar1179,Petra Kolar,2024-05-01T02:57:00.0000000Z
u0001180,toni_vukovic1180,Toni Vukovic,2024-10-01T09:42:00.0000000Z
u0001181,luka_vidovic1181,Luka Vidovic,2025-08-29T11:21:00.0000000Z
u0001182,nika_vukovic1182,Nika Vukovic,2025-03-08T22:45:00.0000000Z
u0001183,petra_vidovic1183,Petra Vidovic,2024-04-08T01:02:00.0000000Z
u0001184,josip_matic1184,Josip Matic,2024-08-30T06:49:00.0000000Z
u0001185,josip_kovacevic1185,Josip Kovacevic,2025-10-23T15:49:00.0000000Z
u0001186,leon_novak1186,Leon Novak,2025-08-26T15:41:00.0000000Z
u0001187,marko_novak1187,Marko Novak,2024-09-10T14:40:00.0000000Z
u0001188,sara_vukovic1188,Sara Vukovic,2024-08-27T16:08:00.0000000Z
u0001189,lana_kolar1189,Lana Kolar,2025-02-14T04:48:00.0000000Z
u0001190,petra_barisic1190,Petra Barisic,2024-09-21T07:21:00.0000000Z
u0001191,karlo_horvat1191,Karlo Horvat,2024-10-26T04:07:00.0000000Z
u0001192,leon_pavlovic1192,Leon Pavlovic,2025-02-03T17:17:00.0000000Z
u0001193,ivan_simic1193,Ivan Simic,2024-11-05T15:56:00.0000000Z
u0001194,dario_barisic1194,Dario Barisic,2025-01-24T08:00:00.0000000Z
u0001195,dora_horvat1195,Dora Horvat,2024-01-20T16:08:00.0000000Z
u0001196,dario_simic1196,Dario Simic,2024-08-10T03:08:00.0000000Z
u0001197,bruno_juric1197,Bruno Juric,2024-12-18T23:55:00.0000000Z
u0001198,filip_radic1198,Filip Radic,2024-05-16T00:14:00.0000000Z
u0001199,ana_simic1199,Ana Simic,2024-11-12T16:52:00.0000000Z
u0001200,dario_kovac1200,Dario Kovac,2025-04-12T05:49:00.0000000Z
u0001201,ana_sever1201,Ana Sever,2025-11-21T22:24:00.0000000Z
u0001202,iva_simic1202,Iva Simic,2024-12-11T22:05:00.0000000Z
u0001203,leon_matic1203,Leon Matic,2025-06-08T15:58:00.0000000Z
u0001204,mia_vidovic1204,Mia Vidovic,2025-04-21T16:58:00.0000000Z
u0001205,josip_simic1205,Josip Simic,2024-08-31T12:38:00.0000000Z
u0001206,karlo_perkovic1206,Karlo Perkovic,2024-09-28T02:33:00.0000000Z
u0001207,filip_curic1207,Filip Curic,2024-04-30T13:16:00.0000000Z
u0001208,ema_knezevic1208,Ema Knezevic,2025-03-05T07:59:00.0000000Z
u0001209,ines_matic1209,Ines Matic,2025-01-04T08:50:00.0000000Z
u0001210,luka_barisic1210,Luka Barisic,2024-01-25T09:53:00.0000000Z
u0001211,marko_simic1211,Marko Simic,2024-12-10T10:07:00.0000000Z
u0001212,iva_matic1212,Iva Matic,2025-10-17T00:07:00.0000000Z
u0001213,nika_novak1213,Nika Novak,2024-10-30T19:15:00.0000000Z
u0001214,nika_pavlovic1214,Nika Pavlovic,2024-03-09T19:57:00.0000000Z
u0001215,nika_vukovic1215,Nika Vukovic,2024-12-04T06:29:00.0000000Z
u0001216,karlo_curic1216,Karlo Curic,2025-10-31T16:20:00.0000000Z
u0001217,ines_novak1217,Ines Novak,2025-10-02T01:40:00.0000000Z
u0001218,ivan_novak1218,Ivan Novak,2024-05-09T11:45:00.0000000Z
u0001219,lana_zoric1219,Lana Zoric,2025-01-17T04:38:00.0000000Z
u0001220,mia_barisic1220,Mia Barisic,2024-03-23T01:46:00.0000000Z
u0001221,dora_perkovic1221,Dora Perkovic,2025-02-27T21:59:00.0000000Z
u0001222,sara_novak1222,Sara Novak,2024-06-28T07:05:00.0000000Z
u0001223,petra_pavlovic1223,Petra Pavlovic,2024-03-23T13:24:00.0000000Z
u0001224,josip_novak1224,Josip Novak,2024-12-23T04:40:00.0000000Z
u0001225,dora_kolar1225,Dora Kolar,2024-08-02T00:23:00.0000000Z
u0001226,ivan_perkovic1226,Ivan Perkovic,2024-02-21T02:44:00.0000000Z
u0001227,marko_horvat1227,Marko Horvat,2025-02-01T17:02:00.0000000Z
u0001228,nika_vukovic1228,Nika Vukovic,2025-05-14T10:04:00.0000000Z
u0001229,petra_kovac1229,Petra Kovac,2024-09-30T23:48:00.0000000Z
u0001230,ema_kovacevic1230,Ema Kovacevic,2025-05-31T18:18:00.0000000Z
u0001231,mia_novak1231,Mia Novak,2024-08-12T11:27:00.0000000Z
u0001232,filip_simic1232,Filip Simic,2025-11-06T18:58:00.0000000Z
u0001233,dario_curic1233,Dario Curic,2024-04-08T09:49:00.0000000Z
u0001234,luka_pavlovic1234,Luka Pavlovic,2024-08-19T21:56:00.0000000Z
u0001235,karlo_knezevic1235,Karlo Knezevic,2025-12-21T15:18:00.0000000Z
u0001236,mia_babic1236,Mia Babic,2024-11-26T13:14:00.0000000Z
u0001237,ines_knezevic1237,Ines Knezevic,2024-03-15T01:46:00.0000000Z
u0001238,lana_novak1238,Lana Novak,2025-09-09T09:44:00.0000000Z
u0001239,nika_vukovic1239,Nika Vukovic,2024-08-27T06:32:00.0000000Z
u0001240,ines_radic1240,Ines Radic,2024-05-21T11:59:00.0000000Z
u0001241,ines_barisic1241,Ines Barisic,2024-08-13T20:01:00.0000000Z
u0001242,josip_kovac1242,Josip Kovac,2025-12-30T01:53:00.0000000Z
u0001243,petra_perkovic1243,Petra Perkovic,2024-04-29T01:09:00.0000000Z
u0001244,mia_simic1244,Mia Simic,2025-07-17T09:25:00.0000000Z
u0001245,leon_curic1245,Leon Curic,2024-10-18T00:23:00.0000000Z
u0001246,luka_zoric1246,Luka Zoric,2025-11-27T17:11:00.0000000Z
u0001247,sara_zoric1247,Sara Zoric,2025-11-20T03:06:00.0000000Z
u0001248,leon_knezevic1248,Leon Knezevic,2025-10-22T18:20:00.0000000Z
u0001249,toni_curic1249,Toni Curic,2025-12-27T06:14:00.0000000Z
u0001250,lana_kolar1250,Lana Kolar,2024-05-30T08:03:00.0000000Z
u0001251,nika_pavlovic1251,Nika Pavlovic,2024-09-28T07:11:00.0000000Z
u0001252,leon_kovacevic1252,Leon Kovacevic,2025-07-10T15:37:00.0000000Z
u0001253,ana_vukovic1253,Ana Vukovic,2024-09-15T06:02:00.0000000Z
u0001254,dora_novak1254,Dora Novak,2024-11-28T17:11:00.0000000Z
u0001255,ema_radic1255,Ema Radic,2025-09-10T03:53:00.0000000Z
u0001256,filip_radic1256,Filip Radic,2024-08-26T10:50:00.0000000Z
u0001257,josip_kovacevic1257,Josip Kovacevic,2025-03-10T07:11:00.0000000Z
u0001258,mia_maric1258,Mia Maric,2025-07-08T10:39:00.0000000Z
u0001259,luka_curic1259,Luka Curic,2024-12-13T21:28:00.0000000Z
u0001260,josip_zoric1260,Josip Zoric,2024-04-13T23:28:00.0000000Z
u0001261,ana_kolar1261,Ana Kolar,2025-10-30T05:05:00.0000000Z
u0001262,dora_zoric1262,Dora Zoric,2025-11-17T09:17:00.0000000Z
u0001263,josip_sever1263,Josip Sever,2025-02-12T09:57:00.0000000Z
u0001264,toni_novak1264,Toni Novak,2024-10-08T05:43:00.0000000Z
u0001265,toni_kolar1265,Toni Kolar,2025-02-15T07:26:00.0000000Z
u0001266,lana_pavlovic1266,Lana Pavlovic,2025-10-14T05:02:00.0000000Z
u0001267,ivan_juric1267,Ivan Juric,2024-10-20T08:34:00.0000000Z
u0001268,sara_horvat1268,Sara Horvat,2024-10-15T19:06:00.0000000Z
u0001269,toni_novak1269,Toni Novak,2024-10-31T16:53:00.0000000Z
u0001270,toni_perkovic1270,Toni Perkovic,2024-10-18T19:24:00.0000000Z
u0001271,ema_pavlovic1271,Ema Pavlovic,2025-03-14T05:16:00.0000000Z
u0001272,luka_sever1272,Luka Sever,2024-12-20T12:15:00.0000000Z
u0001273,dario_kovacevic1273,Dario Kovacevic,2025-06-29T12:59:00.0000000Z
u0001274,leon_curic1274,Leon Curic,2025-01-17T13:55:00.0000000Z
u0001275,iva_vidovic1275,Iva Vidovic,2024-03-29T20:26:00.0000000Z
u0001276,luka_zoric1276,Luka Zoric,2024-12-24T11:49:00.0000000Z
u0001277,petra_zoric1277,Petra Zoric,2024-08-17T22:13:00.0000000Z
u0001278,nika_kovacevic1278,Nika Kovacevic,2025-01-16T02:22:00.0000000Z
u0001279,bruno_kovacevic1279,Bruno Kovacevic,2025-05-29T23:09:00.0000000Z
u0001280,dario_kovacevic1280,Dario Kovacevic,2025-02-01T17:52:00.0000000Z
u0001281,dario_zoric1281,Dario Zoric,2024-08-09T06:06:00.0000000Z
u0001282,petra_vukovic1282,Petra Vukovic,2025-03-24T16:56:00.0000000Z
u0001283,iva_vukovic1283,Iva Vukovic,2025-06-12T11:33:00.0000000Z
u0001284,ivan_curic1284,Ivan Curic,2024-08-07T03:29:00.0000000Z
u0001285,marko_maric1285,Marko Maric,2024-09-10T10:05:00.0000000Z
u0001286,ines_curic1286,Ines Curic,2024-05-28T15:47:00.0000000Z
u0001287,ema_knezevic1287,Ema Knezevic,2024-11-25T20:52:00.0000000Z
u0001288,leon_knezevic1288,Leon Knezevic,2025-11-09T13:59:00.0000000Z
u0001289,ivan_kolar1289,Ivan Kolar,2024-07-07T13:01:00.0000000Z
u0001290,ivan_matic1290,Ivan Matic,2025-04-18T17:30:00.0000000Z
u0001291,iva_horvat1291,Iva Horvat,2025-12-21T02:44:00.0000000Z
u0001292,luka_vukovic1292,Luka Vukovic,2024-04-13T08:24:00.0000000Z
u0001293,luka_pavlovic1293,Luka Pavlovic,2024-12-02T09:56:00.0000000Z
u0001294,dario_knezevic1294,Dario Knezevic,2024-10-06T21:38:00.0000000Z
u0001295,iva_babic1295,Iva Babic,2025-08-17T01:09:00.0000000Z
u0001296,ana_knezevic1296,Ana Knezevic,2024-05-21T15:20:00.0000000Z
u0001297,petra_barisic1297,Petra Barisic,2024-11-13T05:45:00.0000000Z
u0001298,dario_novak1298,Dario Novak,2025-11-20T16:50:00.0000000Z
u0001299,ivan_simic1299,Ivan Simic,2024-09-28T12:23:00.0000000Z
u0001300,mia_kovac1300,Mia Kovac,2025-04-17T12:55:00.0000000Z
u0001301,mia_kolar1301,Mia Kolar,2025-11-01T12:53:00.0000000Z
u0001302,ivan_juric1302,Ivan Juric,2025-11-07T19:42:00.0000000Z
u0001303,filip_curic1303,Filip Curic,2025-07-14T17:40:00.0000000Z
u0001304,luka_perkovic1304,Luka Perkovic,2024-08-02T08:10:00.0000000Z
u0001305,bruno_zoric1305,Bruno Zoric,2025-12-13T22:23:00.0000000Z
u0001306,ivan_maric1306,Ivan Maric,2024-08-05T09:17:00.0000000Z
u0001307,marko_kovac1307,Marko Kovac,2024-07-13T01:18:00.0000000Z
u0001308,ivan_curic1308,Ivan Curic,2025-03-19T19:25:00.0000000Z
u0001309,luka_juric1309,Luka Juric,2025-07-19T14:48:00.0000000Z
u0001310,ana_babic1310,Ana Babic,2025-07-28T14:52:00.0000000Z
u0001311,iva_vidovic1311,Iva Vidovic,2025-01-23T16:57:00.0000000Z
u0001312,karlo_maric1312,Karlo Maric,2025-06-08T03:26:00.0000000Z
u0001313,lana_perkovic1313,Lana Perkovic,2025-08-22T01:55:00.0000000Z
u0001314,ines_kolar1314,Ines Kolar,2024-12-26T03:28:00.0000000Z
u0001315,josip_sever1315,Josip Sever,2024-05-30T09:24:00.0000000Z
u0001316,marko_zoric1316,Marko Zoric,2024-12-15T16:08:00.0000000Z
u0001317,dora_horvat1317,Dora Horvat,2024-11-15T06:30:00.0000000Z
u0001318,ivan_juric1318,Ivan Juric,2024-01-04T14:53:00.0000000Z
u0001319,mia_juric1319,Mia Juric,2025-08-09T10:57:00.0000000Z
u0001320,filip_barisic1320,Filip Barisic,2024-01-15T00:21:00.0000000Z
u0001321,petra_juric1321,Petra Juric,2025-08-31T22:47:00.0000000Z
u0001322,dora_knezevic1322,Dora Knezevic,2025-08-13T19:09:00.0000000Z
u0001323,iva_curic1323,Iva Curic,2025-03-25T19:36:00.0000000Z
u0001324,ema_pavlovic1324,Ema Pavlovic,2024-12-06T22:36:00.0000000Z
u0001325,lana_novak1325,Lana Novak,2024-09-26T08:29:00.0000000Z
u0001326,iva_pavlovic1326,Iva Pavlovic,2025-11-12T19:59:00.0000000Z
u0001327,josip_kovac1327,Josip Kovac,2025-01-14T04:13:00.0000000Z
u0001328,ema_kovac1328,Ema Kovac,2024-03-03T00:22:00.0000000Z
u0001329,filip_perkovic1329,Filip Perkovic,2025-03-06T12:22:00.0000000Z
u0001330,dario_knezevic1330,Dario Knezevic,2025-09-18T17:19:00.0000000Z
u0001331,leon_maric1331,Leon Maric,2025-08-29T23:56:00.0000000Z
u0001332,karlo_kolar1332,Karlo Kolar,2024-11-09T03:07:00.0000000Z
u0001333,sara_knezevic1333,Sara Knezevic,2025-01-24T08:57:00.0000000Z
u0001334,mia_vukovic1334,Mia Vukovic,2025-08-28T16:40:00.0000000Z
u0001335,ines_kolar1335,Ines Kolar,2024-11-03T07:15:00.0000000Z
u0001336,dora_simic1336,Dora Simic,2024-01-21T19:55:00.0000000Z
u0001337,toni_pavlovic1337,Toni Pavlovic,2025-04-22T06:13:00.0000000Z
u0001338,ines_curic1338,Ines Curic,2025-07-28T16:05:00.0000000Z
u0001339,lana_barisic1339,Lana Barisic,2024-05-24T23:23:00.0000000Z
u0001340,bruno_pavlovic1340,Bruno Pavlovic,2025-06-24T12:43:00.0000000Z
u0001341,luka_novak1341,Luka Novak,2024-12-28T23:27:00.0000000Z
u0001342,iva_kovacevic1342,Iva Kovacevic,2024-11-23T23:12:00.0000000Z
u0001343,toni_perkovic1343,Toni Perkovic,2024-12-27T06:49:00.0000000Z
u0001344,leon_babic1344,Leon Babic,2024-05-21T05:07:00.0000000Z
u0001345,josip_horvat1345,Josip Horvat,2025-05-21T07:49:00.0000000Z
u0001346,sara_knezevic1346,Sara Knezevic,2024-09-22T15:57:00.0000000Z
u0001347,sara_vukovic1347,Sara Vukovic,2024-03-12T21:12:00.0000000Z
u0001348,nika_barisic1348,Nika Barisic,2025-08-23T19:37:00.0000000Z
u0001349,luka_horvat1349,Luka Horvat,2024-06-28T07:50:00.0000000Z
u0001350,ana_kovacevic1350,Ana Kovacevic,2025-10-02T18:19:00.0000000Z
u0001351,luka_curic1351,Luka Curic,2025-08-17T00:27:00.0000000Z
u0001352,iva_maric1352,Iva Maric,2024-04-16T17:12:00.0000000Z
u0001353,filip_babic1353,Filip Babic,2024-09-23T21:02:00.0000000Z
u0001354,dora_kovacevic1354,Dora Kovacevic,2025-11-03T13:55:00.0000000Z
u0001355,dario_perkovic1355,Dario Perkovic,2024-12-27T20:36:00.0000000Z
u0001356,lana_matic1356,Lana Matic,2025-10-21T11:39:00.0000000Z
u0001357,ivan_vidovic1357,Ivan Vidovic,2024-11-05T04:05:00.0000000Z
u0001358,karlo_kovac1358,Karlo Kovac,2024-07-02T17:57:00.0000000Z
u0001359,toni_perkovic1359,Toni Perkovic,2024-09-06T17:29:00.0000000Z
u0001360,sara_simic1360,Sara Simic,2024-08-06T00:54:00.0000000Z
u0001361,luka_simic1361,Luka Simic,2024-09-30T00:21:00.0000000Z
u0001362,toni_kolar1362,Toni Kolar,2024-05-28T10:53:00.0000000Z
u0001363,mia_pavlovic1363,Mia Pavlovic,2025-08-27T12:19:00.0000000Z
u0001364,dario_vukovic1364,Dario Vukovic,2024-08-27T07:53:00.0000000Z
u0001365,dora_perkovic1365,Dora Perkovic,2024-02-02T15:14:00.0000000Z
u0001366,petra_horvat1366,Petra Horvat,2024-05-22T18:37:00.0000000Z
u0001367,filip_kolar1367,Filip Kolar,2025-02-24T21:36:00.0000000Z
u0001368,filip_sever1368,Filip Sever,2024-12-24T20:51:00.0000000Z
u0001369,lana_vukovic1369,Lana Vukovic,2025-08-25T00:59:00.0000000Z
u0001370,nika_maric1370,Nika Maric,2025-01-13T17:08:00.0000000Z
u0001371,karlo_perkovic1371,Karlo Perkovic,2025-02-07T03:04:00.0000000Z
u0001372,ivan_zoric1372,Ivan Zoric,2025-06-26T18:24:00.0000000Z
u0001373,dario_curic1373,Dario Curic,2025-12-20T23:24:00.0000000Z
u0001374,ema_kovac1374,Ema Kovac,2025-09-20T13:08:00.0000000Z
u0001375,ivan_radic1375,Ivan Radic,2024-11-26T14:14:00.0000000Z
u0001376,ivan_vidovic1376,Ivan Vidovic,2024-10-13T20:11:00.0000000Z
u0001377,luka_matic1377,Luka Matic,2025-04-05T10:58:00.0000000Z
u0001378,marko_kovacevic1378,Marko Kovacevic,2025-08-13T05:11:00.0000000Z
u0001379,bruno_barisic1379,Bruno Barisic,2025-04-12T15:15:00.0000000Z
u0001380,ines_maric1380,Ines Maric,2024-08-17T05:18:00.0000000Z
u0001381,mia_vidovic1381,Mia Vidovic,2024-11-29T10:03:00.0000000Z
u0001382,filip_kolar1382,Filip Kolar,2025-05-25T04:57:00.0000000Z
u0001383,iva_curic1383,Iva Curic,2025-11-05T16:25:00.0000000Z
u0001384,filip_pavlovic1384,Filip Pavlovic,2024-03-22T02:44:00.0000000Z
u0001385,luka_horvat1385,Luka Horvat,2025-04-29T13:33:00.0000000Z
u0001386,bruno_juric1386,Bruno Juric,2024-10-22T05:55:00.0000000Z
u0001387,ana_vukovic1387,Ana Vukovic,2025-02-12T07:48:00.0000000Z
u0001388,josip_vukovic1388,Josip Vukovic,2025-05-15T20:30:00.0000000Z
u0001389,ines_perkovic1389,Ines Perkovic,2024-08-15T08:33:00.0000000Z
u0001390,bruno_kovacevic1390,Bruno Kovacevic,2025-10-23T21:28:00.0000000Z
u0001391,marko_perkovic1391,Marko Perkovic,2025-07-04T02:19:00.0000000Z
u0001392,sara_curic1392,Sara Curic,2024-07-10T22:16:00.0000000Z
u0001393,josip_zoric1393,Josip Zoric,2025-08-09T02:44:00.0000000Z
u0001394,iva_kovacevic1394,Iva Kovacevic,2025-10-22T13:43:00.0000000Z
u0001395,lana_curic1395,Lana Curic,2025-09-01T14:29:00.0000000Z
u0001396,dario_curic1396,Dario Curic,2024-08-15T15:33:00.0000000Z
u0001397,marko_horvat1397,Marko Horvat,2025-03-09T22:21:00.0000000Z
u0001398,luka_vidovic1398,Luka Vidovic,2025-08-10T04:15:00.0000000Z
u0001399,iva_curic1399,Iva Curic,2024-12-03T18:22:00.0000000Z
u0001400,iva_knezevic1400,Iva Knezevic,2024-03-03T14:02:00.0000000Z
u0001401,mia_horvat1401,Mia Horvat,2025-03-04T05:57:00.0000000Z
u0001402,ana_maric1402,Ana Maric,2025-12-05T07:40:00.0000000Z
u0001403,mia_radic1403,Mia Radic,2024-03-29T13:26:00.0000000Z
u0001404,josip_kovacevic1404,Josip Kovacevic,2024-12-31T16:40:00.0000000Z
u0001405,toni_juric1405,Toni Juric,2024-01-29T02:37:00.0000000Z
u0001406,sara_sever1406,Sara Sever,2024-11-23T21:54:00.0000000Z
u0001407,ines_vukovic1407,Ines Vukovic,2025-06-09T21:12:00.0000000Z
u0001408,dora_simic1408,Dora Simic,2024-09-03T22:00:00.0000000Z
u0001409,filip_barisic1409,Filip Barisic,2025-08-22T13:08:00.0000000Z
u0001410,leon_curic1410,Leon Curic,2025-12-06T18:44:00.0000000Z
u0001411,karlo_pavlovic1411,Karlo Pavlovic,2024-09-08T15:09:00.0000000Z
u0001412,bruno_vukovic1412,Bruno Vukovic,2024-07-29T08:27:00.0000000Z
u0001413,filip_matic1413,Filip Matic,2025-05-31T12:11:00.0000000Z
u0001414,ines_maric1414,Ines Maric,2024-10-19T02:31:00.0000000Z
u0001415,petra_kolar1415,Petra Kolar,2025-05-22T13:25:00.0000000Z
u0001416,ivan_pavlovic1416,Ivan Pavlovic,2025-02-11T23:35:00.0000000Z
u0001417,iva_babic1417,Iva Babic,2025-12-19T04:03:00.0000000Z
u0001418,ana_curic1418,Ana Curic,2024-02-08T15:03:00.0000000Z
u0001419,mia_vukovic1419,Mia Vukovic,2024-11-12T00:40:00.0000000Z
u0001420,luka_kolar1420,Luka Kolar,2024-08-29T23:51:00.0000000Z
u0001421,marko_knezevic1421,Marko Knezevic,2025-03-28T04:30:00.0000000Z
u0001422,petra_pavlovic1422,Petra Pavlovic,2025-05-09T15:52:00.0000000Z
u0001423,petra_barisic1423,Petra Barisic,2025-11-01T08:25:00.0000000Z
u0001424,iva_kovacevic1424,Iva Kovacevic,2025-01-08T16:12:00.0000000Z
u0001425,bruno_sever1425,Bruno Sever,2024-05-30T14:08:00.0000000Z
u0001426,filip_vidovic1426,Filip Vidovic,2025-09-16T05:54:00.0000000Z
u0001427,toni_novak1427,Toni Novak,2024-06-18T11:41:00.0000000Z
u0001428,ema_maric1428,Ema Maric,2025-08-19T17:12:00.0000000Z
u0001429,dora_zoric1429,Dora Zoric,2025-06-05T05:59:00.0000000Z
u0001430,ema_vukovic1430,Ema Vukovic,2025-12-15T09:29:00.0000000Z
u0001431,ines_kovac1431,Ines Kovac,2025-06-28T12:59:00.0000000Z
u0001432,mia_kolar1432,Mia Kolar,2025-07-04T05:27:00.0000000Z
u0001433,iva_horvat1433,Iva Horvat,2024-04-14T12:57:00.0000000Z
u0001434,ana_curic1434,Ana Curic,2025-07-01T15:37:00.0000000Z
u0001435,toni_horvat1435,Toni Horvat,2025-07-11T17:04:00.0000000Z
u0001436,lana_juric1436,Lana Juric,2025-11-16T08:20:00.0000000Z
u0001437,karlo_horvat1437,Karlo Horvat,2025-02-26T12:32:00.0000000Z
u0001438,nika_pavlovic1438,Nika Pavlovic,2024-12-21T02:23:00.0000000Z
u0001439,ivan_barisic1439,Ivan Barisic,2024-06-13T05:55:00.0000000Z
u0001440,karlo_maric1440,Karlo Maric,2025-08-17T03:58:00.0000000Z
u0001441,dora_barisic1441,Dora Barisic,2025-01-23T18:38:00.0000000Z
u0001442,leon_barisic1442,Leon Barisic,2024-07-13T10:31:00.0000000Z
u0001443,iva_vukovic1443,Iva Vukovic,2024-07-04T10:54:00.0000000Z
u0001444,lana_radic1444,Lana Radic,2025-07-18T07:26:00.0000000Z
u0001445,bruno_pavlovic1445,Bruno Pavlovic,2024-07-24T13:17:00.0000000Z
u0001446,lana_pavlovic1446,Lana Pavlovic,2024-05-02T12:57:00.0000000Z
u0001447,ivan_radic1447,Ivan Radic,2025-01-10T20:38:00.0000000Z
u0001448,iva_knezevic1448,Iva Knezevic,2024-08-11T21:42:00.0000000Z
u0001449,mia_juric1449,Mia Juric,2024-12-05T00:26:00.0000000Z
u0001450,ema_juric1450,Ema Juric,2025-09-09T07:18:00.0000000Z
u0001451,dario_sever1451,Dario Sever,2025-09-23T03:25:00.0000000Z
u0001452,filip_kovac1452,Filip Kovac,2024-02-23T02:42:00.0000000Z
u0001453,luka_kolar1453,Luka Kolar,2024-03-28T21:04:00.0000000Z
u0001454,lana_kolar1454,Lana Kolar,2025-10-23T13:23:00.0000000Z
u0001455,sara_vukovic1455,Sara Vukovic,2025-01-04T01:28:00.0000000Z
u0001456,karlo_barisic1456,Karlo Barisic,2025-12-16T12:20:00.0000000Z
u0001457,luka_pavlovic1457,Luka Pavlovic,2024-07-08T06:34:00.0000000Z
u0001458,ivan_kolar1458,Ivan Kolar,2025-04-27T01:11:00.0000000Z
u0001459,ema_maric1459,Ema Maric,2024-11-02T02:17:00.0000000Z
u0001460,luka_radic1460,Luka Radic,2025-03-26T21:22:00.0000000Z
u0001461,karlo_radic1461,Karlo Radic,2024-03-05T21:12:00.0000000Z
u0001462,josip_curic1462,Josip Curic,2025-02-13T09:57:00.0000000Z
u0001463,leon_vukovic1463,Leon Vukovic,2025-02-20T23:21:00.0000000Z
u0001464,luka_juric1464,Luka Juric,2025-11-03T06:11:00.0000000Z
u0001465,ana_simic1465,Ana Simic,2025-08-10T18:11:00.0000000Z
u0001466,toni_kovac1466,Toni Kovac,2024-02-07T06:54:00.0000000Z
u0001467,karlo_simic1467,Karlo Simic,2024-10-27T11:11:00.0000000Z
u0001468,lana_kovac1468,Lana Kovac,2025-04-26T08:05:00.0000000Z
u0001469,nika_matic1469,Nika Matic,2024-06-16T23:32:00.0000000Z
u0001470,luka_horvat1470,Luka Horvat,2025-09-23T23:26:00.0000000Z
u0001471,sara_sever1471,Sara Sever,2024-04-27T14:13:00.0000000Z
u0001472,dario_perkovic1472,Dario Perkovic,2024-05-25T16:01:00.0000000Z
u0001473,karlo_juric1473,Karlo Juric,2024-12-09T07:07:00.0000000Z
u0001474,leon_barisic1474,Leon Barisic,2024-12-18T17:51:00.0000000Z
u0001475,josip_sever1475,Josip Sever,2024-09-14T16:59:00.0000000Z
u0001476,filip_horvat1476,Filip Horvat,2024-05-20T17:34:00.0000000Z
u0001477,ines_perkovic1477,Ines Perkovic,2024-03-12T12:00:00.0000000Z
u0001478,mia_knezevic1478,Mia Knezevic,2025-11-21T10:08:00.0000000Z
u0001479,luka_kovacevic1479,Luka Kovacevic,2024-11-25T19:06:00.0000000Z
u0001480,josip_vidovic1480,Josip Vidovic,2024-11-26T02:33:00.0000000Z
u0001481,filip_kolar1481,Filip Kolar,2024-09-14T06:18:00.0000000Z
u0001482,bruno_simic1482,Bruno Simic,2024-07-17T23:01:00.0000000Z
u0001483,iva_radic1483,Iva Radic,2025-09-19T21:07:00.0000000Z
u0001484,toni_zoric1484,Toni Zoric,2025-08-17T06:21:00.0000000Z
u0001485,nika_barisic1485,Nika Barisic,2025-05-23T14:45:00.0000000Z
u0001486,leon_kovac1486,Leon Kovac,2024-02-12T18:59:00.0000000Z
u0001487,filip_novak1487,Filip Novak,2024-12-03T05:29:00.0000000Z
u0001488,ana_kovacevic1488,Ana Kovacevic,2024-09-05T01:35:00.0000000Z
u0001489,iva_juric1489,Iva Juric,2025-02-17T23:22:00.0000000Z
u0001490,luka_juric1490,Luka Juric,2024-10-02T22:28:00.0000000Z
u0001491,bruno_vukovic1491,Bruno Vukovic,2024-11-27T15:00:00.0000000Z
u0001492,ana_pavlovic1492,Ana Pavlovic,2024-05-20T23:18:00.0000000Z
u0001493,marko_kolar1493,Marko Kolar,2024-11-17T16:20:00.0000000Z
u0001494,ivan_simic1494,Ivan Simic,2024-12-05T08:55:00.0000000Z
u0001495,filip_novak1495,Filip Novak,2025-10-18T08:59:00.0000000Z
u0001496,ema_zoric1496,Ema Zoric,2025-02-18T19:58:00.0000000Z
u0001497,luka_juric1497,Luka Juric,2024-06-25T22:54:00.0000000Z
u0001498,mia_babic1498,Mia Babic,2025-02-23T02:28:00.0000000Z
u0001499,dora_juric1499,Dora Juric,2024-09-16T06:32:00.0000000Z
u0001500,ana_curic1500,Ana Curic,2024-07-16T05:07:00.0000000Z
u0001501,bruno_radic1501,Bruno Radic,2024-06-30T02:37:00.0000000Z
u0001502,lana_barisic1502,Lana Barisic,2024-10-21T12:00:00.0000000Z
u0001503,mia_simic1503,Mia Simic,2024-06-25T23:36:00.0000000Z
u0001504,dario_zoric1504,Dario Zoric,2024-09-28T09:59:00.0000000Z
u0001505,toni_novak1505,Toni Novak,2025-05-03T15:56:00.0000000Z
u0001506,dora_kolar1506,Dora Kolar,2024-03-13T14:24:00.0000000Z
u0001507,josip_matic1507,Josip Matic,2024-12-29T09:26:00.0000000Z
u0001508,dora_sever1508,Dora Sever,2024-01-14T20:42:00.0000000Z
u0001509,marko_vukovic1509,Marko Vukovic,2024-07-12T05:02:00.0000000Z
u0001510,ines_horvat1510,Ines Horvat,2024-08-22T00:40:00.0000000Z
u0001511,karlo_babic1511,Karlo Babic,2025-07-13T00:37:00.0000000Z
u0001512,petra_vukovic1512,Petra Vukovic,2024-01-25T20:33:00.0000000Z
u0001513,luka_barisic1513,Luka Barisic,2024-10-12T23:33:00.0000000Z
u0001514,lana_curic1514,Lana Curic,2024-06-13T00:22:00.0000000Z
u0001515,filip_kolar1515,Filip Kolar,2024-12-16T11:02:00.0000000Z
u0001516,ines_zoric1516,Ines Zoric,2025-10-17T00:54:00.0000000Z
u0001517,leon_sever1517,Leon Sever,2025-03-05T18:55:00.0000000Z
u0001518,ema_simic1518,Ema Simic,2024-11-27T06:40:00.0000000Z
u0001519,iva_kolar1519,Iva Kolar,2025-02-26T03:09:00.0000000Z
u0001520,luka_kovacevic1520,Luka Kovacevic,2025-01-02T08:28:00.0000000Z
u0001521,marko_matic1521,Marko Matic,2025-01-25T11:45:00.0000000Z
u0001522,leon_perkovic1522,Leon Perkovic,2025-05-10T22:57:00.0000000Z
u0001523,toni_knezevic1523,Toni Knezevic,2025-09-13T02:49:00.0000000Z
u0001524,toni_zoric1524,Toni Zoric,2025-09-15T11:42:00.0000000Z
u0001525,bruno_curic1525,Bruno Curic,2025-02-12T15:29:00.0000000Z
u0001526,ema_perkovic1526,Ema Perkovic,2024-06-10T04:46:00.0000000Z
u0001527,dario_juric1527,Dario Juric,2025-02-26T23:19:00.0000000Z
u0001528,mia_sever1528,Mia Sever,2024-01-26T06:57:00.0000000Z
u0001529,bruno_simic1529,Bruno Simic,2025-02-02T18:43:00.0000000Z
u0001530,filip_vukovic1530,Filip Vukovic,2025-05-02T22:02:00.0000000Z
u0001531,lana_sever1531,Lana Sever,2025-01-02T22:43:00.0000000Z
u0001532,ines_vukovic1532,Ines Vukovic,2024-11-20T11:27:00.0000000Z
u0001533,sara_knezevic1533,Sara Knezevic,2024-02-28T05:14:00.0000000Z
u0001534,karlo_juric1534,Karlo Juric,2024-08-27T06:02:00.0000000Z
u0001535,ana_juric1535,Ana Juric,2024-06-04T10:13:00.0000000Z
u0001536,bruno_radic1536,Bruno Radic,2025-04-02T16:29:00.0000000Z
u0001537,ines_matic1537,Ines Matic,2024-01-25T13:13:00.0000000Z
u0001538,mia_perkovic1538,Mia Perkovic,2024-02-29T12:26:00.0000000Z
u0001539,leon_zoric1539,Leon Zoric,2025-01-03T00:51:00.0000000Z
u0001540,dario_maric1540,Dario Maric,2024-03-01T22:03:00.0000000Z
u0001541,marko_juric1541,Marko Juric,2024-02-05T23:52:00.0000000Z
u0001542,petra_maric1542,Petra Maric,2025-08-01T13:55:00.0000000Z
u0001543,mia_vidovic1543,Mia Vidovic,2025-03-05T05:35:00.0000000Z
u0001544,marko_simic1544,Marko Simic,2024-07-15T09:37:00.0000000Z
u0001545,marko_kolar1545,Marko Kolar,2024-01-01T07:06:00.0000000Z
u0001546,ema_kovacevic1546,Ema Kovacevic,2025-05-30T10:48:00.0000000Z
u0001547,karlo_sever1547,Karlo Sever,2024-01-25T23:21:00.0000000Z
u0001548,leon_knezevic1548,Leon Knezevic,2025-10-18T04:56:00.0000000Z
u0001549,toni_kovac1549,Toni Kovac,2024-08-05T04:05:00.0000000Z
u0001550,josip_sever1550,Josip Sever,2025-03-03T11:10:00.0000000Z
u0001551,leon_maric1551,Leon Maric,2024-06-05T04:13:00.0000000Z
u0001552,dora_perkovic1552,Dora Perkovic,2025-12-09T12:07:00.0000000Z
u0001553,ema_barisic1553,Ema Barisic,2024-03-06T13:11:00.0000000Z
u0001554,josip_vukovic1554,Josip Vukovic,2025-06-16T01:30:00.0000000Z
u0001555,ana_zoric1555,Ana Zoric,2025-10-30T14:08:00.0000000Z
u0001556,iva_novak1556,Iva Novak,2025-11-25T22:40:00.0000000Z
u0001557,ivan_perkovic1557,Ivan Perkovic,2024-11-24T20:47:00.0000000Z
u0001558,iva_perkovic1558,Iva Perkovic,2024-05-20T18:40:00.0000000Z
u0001559,ana_novak1559,Ana Novak,2025-10-01T12:39:00.0000000Z
u0001560,petra_radic1560,Petra Radic,2024-02-29T06:58:00.0000000Z
u0001561,lana_curic1561,Lana Curic,2025-09-15T17:51:00.0000000Z
u0001562,ana_maric1562,Ana Maric,2024-10-14T12:38:00.0000000Z
u0001563,ivan_babic1563,Ivan Babic,2024-02-21T13:45:00.0000000Z
u0001564,ana_sever1564,Ana Sever,2024-11-29T12:44:00.0000000Z
u0001565,toni_knezevic1565,Toni Knezevic,2025-03-23T04:16:00.0000000Z
u0001566,filip_barisic1566,Filip Barisic,2025-04-11T15:38:00.0000000Z
u0001567,dora_barisic1567,Dora Barisic,2025-10-05T20:09:00.0000000Z
u0001568,filip_kovacevic1568,Filip Kovacevic,2024-08-01T14:02:00.0000000Z
u0001569,marko_babic1569,Marko Babic,2025-01-07T23:44:00.0000000Z
u0001570,ana_curic1570,Ana Curic,2024-11-27T05:48:00.0000000Z
u0001571,ivan_babic1571,Ivan Babic,2024-08-18T21:19:00.0000000Z
u0001572,ana_curic1572,Ana Curic,2024-11-29T15:31:00.0000000Z
u0001573,ines_horvat1573,Ines Horvat,2025-03-16T17:41:00.0000000Z
u0001574,dario_kolar1574,Dario Kolar,2024-02-22T06:30:00.0000000Z
u0001575,ines_kovac1575,Ines Kovac,2025-05-25T04:47:00.0000000Z
u0001576,dora_maric1576,Dora Maric,2024-07-21T07:38:00.0000000Z
u0001577,nika_kolar1577,Nika Kolar,2024-08-31T10:42:00.0000000Z
u0001578,luka_maric1578,Luka Maric,2025-05-09T14:46:00.0000000Z
u0001579,petra_babic1579,Petra Babic,2025-03-03T21:46:00.0000000Z
u0001580,nika_barisic1580,Nika Barisic,2024-01-24T20:54:00.0000000Z
u0001581,ines_horvat1581,Ines Horvat,2024-05-24T07:51:00.0000000Z
u0001582,toni_curic1582,Toni Curic,2025-09-08T23:50:00.0000000Z
u0001583,marko_pavlovic1583,Marko Pavlovic,2024-12-13T13:56:00.0000000Z
u0001584,petra_knezevic1584,Petra Knezevic,2025-09-07T22:50:00.0000000Z
u0001585,ana_matic1585,Ana Matic,2024-04-27T06:59:00.0000000Z
u0001586,karlo_matic1586,Karlo Matic,2024-07-30T18:34:00.0000000Z
u0001587,nika_babic1587,Nika Babic,2025-12-02T04:06:00.0000000Z
u0001588,luka_knezevic1588,Luka Knezevic,2024-05-28T07:38:00.0000000Z
u0001589,marko_barisic1589,Marko Barisic,2025-12-02T07:06:00.0000000Z
u0001590,toni_vidovic1590,Toni Vidovic,2025-07-20T06:04:00.0000000Z
u0001591,ines_kovacevic1591,Ines Kovacevic,2024-05-03T12:27:00.0000000Z
u0001592,nika_pavlovic1592,Nika Pavlovic,2025-05-08T02:21:00.0000000Z
u0001593,ines_juric1593,Ines Juric,2024-03-25T14:50:00.0000000Z
u0001594,ines_barisic1594,Ines Barisic,2025-02-23T01:01:00.0000000Z
u0001595,karlo_knezevic1595,Karlo Knezevic,2024-08-16T10:38:00.0000000Z
u0001596,lana_novak1596,Lana Novak,2025-05-30T14:51:00.0000000Z
u0001597,dario_vukovic1597,Dario Vukovic,2025-05-15T07:54:00.0000000Z
u0001598,ema_sever1598,Ema Sever,2025-06-13T21:41:00.0000000Z
u0001599,ivan_pavlovic1599,Ivan Pavlovic,2025-03-09T00:42:00.0000000Z
u0001600,dora_matic1600,Dora Matic,2024-02-26T17:03:00.0000000Z
u0001601,ines_radic1601,Ines Radic,2025-08-05T20:01:00.0000000Z
u0001602,bruno_juric1602,Bruno Juric,2024-03-27T10:21:00.0000000Z
u0001603,sara_matic1603,Sara Matic,2025-08-23T00:41:00.0000000Z
u0001604,lana_curic1604,Lana Curic,2024-05-25T19:30:00.0000000Z
u0001605,petra_kolar1605,Petra Kolar,2024-07-29T13:42:00.0000000Z
u0001606,mia_knezevic1606,Mia Knezevic,2024-01-12T17:29:00.0000000Z
u0001607,ines_pavlovic1607,Ines Pavlovic,2025-04-24T03:22:00.0000000Z
u0001608,ema_babic1608,Ema Babic,2024-11-02T22:12:00.0000000Z
u0001609,ivan_simic1609,Ivan Simic,2024-09-08T09:16:00.0000000Z
u0001610,josip_matic1610,Josip Matic,2025-12-23T15:48:00.0000000Z
u0001611,ivan_barisic1611,Ivan Barisic,2025-07-14T12:09:00.0000000Z
u0001612,ana_sever1612,Ana Sever,2024-09-13T07:45:00.0000000Z
u0001613,iva_babic1613,Iva Babic,2024-04-12T06:39:00.0000000Z
u0001614,petra_vidovic1614,Petra Vidovic,2025-06-21T21:54:00.0000000Z
u0001615,ines_horvat1615,Ines Horvat,2024-11-26T06:10:00.0000000Z
u0001616,lana_babic1616,Lana Babic,2024-06-15T14:15:00.0000000Z
u0001617,josip_perkovic1617,Josip Perkovic,2024-06-06T22:22:00.0000000Z
u0001618,nika_babic1618,Nika Babic,2025-09-24T05:35:00.0000000Z
u0001619,josip_pavlovic1619,Josip Pavlovic,2024-10-04T10:06:00.0000000Z
u0001620,mia_pavlovic1620,Mia Pavlovic,2025-06-02T04:25:00.0000000Z
u0001621,iva_novak1621,Iva Novak,2025-12-05T21:10:00.0000000Z
u0001622,karlo_knezevic1622,Karlo Knezevic,2024-02-11T16:34:00.0000000Z
u0001623,josip_babic1623,Josip Babic,2025-07-16T16:05:00.0000000Z
u0001624,leon_pavlovic1624,Leon Pavlovic,2024-08-30T12:35:00.0000000Z
u0001625,ines_perkovic1625,Ines Perkovic,2025-08-18T05:45:00.0000000Z
u0001626,leon_vukovic1626,Leon Vukovic,2024-03-06T19:36:00.0000000Z
u0001627,dora_pavlovic1627,Dora Pavlovic,2024-11-26T15:06:00.0000000Z
u0001628,marko_horvat1628,Marko Horvat,2025-08-16T14:17:00.0000000Z
u0001629,iva_radic1629,Iva Radic,2025-07-19T19:13:00.0000000Z
u0001630,leon_pavlovic1630,Leon Pavlovic,2024-09-04T11:43:00.0000000Z
u0001631,dora_vukovic1631,Dora Vukovic,2024-12-24T00:05:00.0000000Z
u0001632,josip_knezevic1632,Josip Knezevic,2025-03-02T05:51:00.0000000Z
u0001633,iva_kovac1633,Iva Kovac,2025-04-04T00:09:00.0000000Z
u0001634,mia_kovac1634,Mia Kovac,2025-12-20T17:31:00.0000000Z
u0001635,lana_radic1635,Lana Radic,2024-02-24T15:36:00.0000000Z
u0001636,ines_kolar1636,Ines Kolar,2024-10-25T06:28:00.0000000Z
u0001637,ivan_radic1637,Ivan Radic,2024-07-08T22:23:00.0000000Z
u0001638,ema_knezevic1638,Ema Knezevic,2024-01-04T23:58:00.0000000Z
u0001639,ema_perkovic1639,Ema Perkovic,2024-06-13T12:51:00.0000000Z
u0001640,petra_kovac1640,Petra Kovac,2025-10-17T08:33:00.0000000Z
u0001641,ema_radic1641,Ema Radic,2025-01-13T21:50:00.0000000Z
u0001642,josip_sever1642,Josip Sever,2024-06-04T14:56:00.0000000Z
u0001643,karlo_knezevic1643,Karlo Knezevic,2024-07-19T21:32:00.0000000Z
u0001644,luka_babic1644,Luka Babic,2024-08-19T20:47:00.0000000Z
u0001645,lana_simic1645,Lana Simic,2025-02-06T04:42:00.0000000Z
u0001646,lana_perkovic1646,Lana Perkovic,2025-01-04T04:42:00.0000000Z
u0001647,bruno_barisic1647,Bruno Barisic,2025-08-09T22:03:00.0000000Z
u0001648,mia_barisic1648,Mia Barisic,2024-03-24T23:52:00.0000000Z
u0001649,ivan_perkovic1649,Ivan Perkovic,2025-12-22T01:21:00.0000000Z
u0001650,lana_maric1650,Lana Maric,2025-07-10T17:07:00.0000000Z
u0001651,mia_pavlovic1651,Mia Pavlovic,2025-12-26T13:50:00.0000000Z
u0001652,bruno_babic1652,Bruno Babic,2025-01-17T04:15:00.0000000Z
u0001653,lana_horvat1653,Lana Horvat,2025-01-24T17:45:00.0000000Z
u0001654,ines_horvat1654,Ines Horvat,2024-07-05T11:46:00.0000000Z
u0001655,marko_vidovic1655,Marko Vidovic,2024-09-15T03:30:00.0000000Z
u0001656,leon_vidovic1656,Leon Vidovic,2025-09-03T03:23:00.0000000Z
u0001657,lana_zoric1657,Lana Zoric,2025-12-30T09:12:00.0000000Z
u0001658,bruno_knezevic1658,Bruno Knezevic,2024-05-03T07:48:00.0000000Z
u0001659,ivan_curic1659,Ivan Curic,2025-05-10T18:02:00.0000000Z
u0001660,josip_vukovic1660,Josip Vukovic,2024-07-27T01:08:00.0000000Z
u0001661,luka_vukovic1661,Luka Vukovic,2024-07-17T19:40:00.0000000Z
u0001662,dario_barisic1662,Dario Barisic,2025-01-21T10:51:00.0000000Z
u0001663,filip_kolar1663,Filip Kolar,2024-12-01T10:09:00.0000000Z
u0001664,ana_horvat1664,Ana Horvat,2025-04-07T03:03:00.0000000Z
u0001665,dora_barisic1665,Dora Barisic,2025-09-10T10:20:00.0000000Z
u0001666,dario_novak1666,Dario Novak,2024-01-24T06:48:00.0000000Z
u0001667,iva_babic1667,Iva Babic,2025-09-14T12:05:00.0000000Z
u0001668,petra_horvat1668,Petra Horvat,2024-10-06T21:11:00.0000000Z
u0001669,iva_pavlovic1669,Iva Pavlovic,2024-05-29T09:40:00.0000000Z
u0001670,karlo_pavlovic1670,Karlo Pavlovic,2024-05-24T07:38:00.0000000Z
u0001671,karlo_kovac1671,Karlo Kovac,2025-05-06T02:46:00.0000000Z
u0001672,luka_pavlovic1672,Luka Pavlovic,2025-05-15T08:54:00.0000000Z
u0001673,dora_pavlovic1673,Dora Pavlovic,2025-11-21T17:01:00.0000000Z
u0001674,karlo_pavlovic1674,Karlo Pavlovic,2024-03-12T15:12:00.0000000Z
u0001675,mia_knezevic1675,Mia Knezevic,2025-07-30T13:49:00.0000000Z
u0001676,mia_kolar1676,Mia Kolar,2025-01-27T10:10:00.0000000Z
u0001677,filip_radic1677,Filip Radic,2025-05-13T04:48:00.0000000Z
u0001678,toni_pavlovic1678,Toni Pavlovic,2024-06-07T03:18:00.0000000Z
u0001679,josip_kovac1679,Josip Kovac,2024-08-26T07:31:00.0000000Z
u0001680,ines_kolar1680,Ines Kolar,2024-06-19T22:02:00.0000000Z
u0001681,filip_matic1681,Filip Matic,2024-03-08T22:43:00.0000000Z
u0001682,ema_maric1682,Ema Maric,2025-11-15T04:11:00.0000000Z
u0001683,dora_kolar1683,Dora Kolar,2024-06-24T10:57:00.0000000Z
u0001684,petra_simic1684,Petra Simic,2025-03-22T23:15:00.0000000Z
u0001685,ivan_curic1685,Ivan Curic,2025-01-12T17:02:00.0000000Z
u0001686,iva_zoric1686,Iva Zoric,2025-03-16T10:02:00.0000000Z
u0001687,nika_vukovic1687,Nika Vukovic,2025-10-12T11:39:00.0000000Z
u0001688,sara_radic1688,Sara Radic,2024-03-08T04:54:00.0000000Z
u0001689,dario_maric1689,Dario Maric,2024-11-02T20:08:00.0000000Z
u0001690,lana_vidovic1690,Lana Vidovic,2025-02-13T19:26:00.0000000Z
u0001691,mia_kovac1691,Mia Kovac,2025-09-28T08:03:00.0000000Z
u0001692,bruno_matic1692,Bruno Matic,2024-03-28T17:46:00.0000000Z
u0001693,ana_babic1693,Ana Babic,2024-06-27T04:34:00.0000000Z
u0001694,ines_knezevic1694,Ines Knezevic,2024-01-19T02:52:00.0000000Z
u0001695,ema_maric1695,Ema Maric,2025-12-16T05:59:00.0000000Z
u0001696,ivan_simic1696,Ivan Simic,2025-05-29T21:50:00.0000000Z
u0001697,sara_perkovic1697,Sara Perkovic,2024-08-08T10:53:00.0000000Z
u0001698,bruno_juric1698,Bruno Juric,2024-09-13T18:41:00.0000000Z
u0001699,filip_perkovic1699,Filip Perkovic,2025-12-27T16:20:00.0000000Z
u0001700,ana_kolar1700,Ana Kolar,2025-12-20T15:14:00.0000000Z
u0001701,dario_radic1701,Dario Radic,2025-10-23T14:45:00.0000000Z
u0001702,sara_vidovic1702,Sara Vidovic,2024-12-10T00:36:00.0000000Z
u0001703,bruno_vukovic1703,Bruno Vukovic,2024-11-15T12:16:00.0000000Z
u0001704,mia_kolar1704,Mia Kolar,2025-04-24T14:00:00.0000000Z
u0001705,mia_kolar1705,Mia Kolar,2025-12-24T19:54:00.0000000Z
u0001706,ines_vukovic1706,Ines Vukovic,2024-09-07T12:32:00.0000000Z
u0001707,marko_knezevic1707,Marko Knezevic,2025-04-09T01:32:00.0000000Z
u0001708,bruno_zoric1708,Bruno Zoric,2024-04-11T11:22:00.0000000Z
u0001709,ema_pavlovic1709,Ema Pavlovic,2025-08-06T02:28:00.0000000Z
u0001710,dario_vukovic1710,Dario Vukovic,2025-09-06T13:45:00.0000000Z
u0001711,marko_horvat1711,Marko Horvat,2024-09-26T15:02:00.0000000Z
u0001712,ema_kovacevic1712,Ema Kovacevic,2025-10-20T05:03:00.0000000Z
u0001713,marko_pavlovic1713,Marko Pavlovic,2024-09-17T19:58:00.0000000Z
u0001714,dario_kovacevic1714,Dario Kovacevic,2024-05-17T02:39:00.0000000Z
u0001715,ema_kovacevic1715,Ema Kovacevic,2025-11-08T11:47:00.0000000Z
u0001716,toni_vukovic1716,Toni Vukovic,2025-02-08T17:24:00.0000000Z
u0001717,mia_matic1717,Mia Matic,2024-07-29T01:25:00.0000000Z
u0001718,sara_barisic1718,Sara Barisic,2024-08-08T02:23:00.0000000Z
u0001719,mia_vidovic1719,Mia Vidovic,2025-06-29T11:35:00.0000000Z
u0001720,iva_knezevic1720,Iva Knezevic,2024-05-01T20:08:00.0000000Z
u0001721,sara_novak1721,Sara Novak,2024-01-04T10:11:00.0000000Z
u0001722,nika_juric1722,Nika Juric,2025-06-28T05:43:00.0000000Z
u0001723,ema_babic1723,Ema Babic,2024-10-22T20:07:00.0000000Z
u0001724,ivan_kolar1724,Ivan Kolar,2025-07-02T16:33:00.0000000Z
u0001725,dora_pavlovic1725,Dora Pavlovic,2024-03-25T06:55:00.0000000Z
u0001726,josip_knezevic1726,Josip Knezevic,2024-11-28T02:13:00.0000000Z
u0001727,luka_pavlovic1727,Luka Pavlovic,2024-07-17T11:53:00.0000000Z
u0001728,luka_maric1728,Luka Maric,2025-10-13T06:59:00.0000000Z
u0001729,nika_matic1729,Nika Matic,2024-03-25T03:45:00.0000000Z
u0001730,ivan_curic1730,Ivan Curic,2025-01-24T15:51:00.0000000Z
u0001731,petra_vukovic1731,Petra Vukovic,2024-05-25T00:44:00.0000000Z
u0001732,petra_vidovic1732,Petra Vidovic,2024-03-20T12:30:00.0000000Z
u0001733,petra_perkovic1733,Petra Perkovic,2024-01-22T13:08:00.0000000Z
u0001734,petra_vukovic1734,Petra Vukovic,2024-07-10T23:53:00.0000000Z
u0001735,marko_juric1735,Marko Juric,2025-06-16T04:56:00.0000000Z
u0001736,dario_perkovic1736,Dario Perkovic,2024-07-27T01:23:00.0000000Z
u0001737,petra_curic1737,Petra Curic,2024-09-15T21:00:00.0000000Z
u0001738,ema_simic1738,Ema Simic,2025-08-10T19:18:00.0000000Z
u0001739,ines_knezevic1739,Ines Knezevic,2024-02-14T11:15:00.0000000Z
u0001740,marko_horvat1740,Marko Horvat,2025-08-07T00:12:00.0000000Z
u0001741,toni_novak1741,Toni Novak,2024-05-20T16:29:00.0000000Z
u0001742,ines_curic1742,Ines Curic,2024-10-16T11:56:00.0000000Z
u0001743,nika_zoric1743,Nika Zoric,2025-07-14T10:15:00.0000000Z
u0001744,ana_juric1744,Ana Juric,2025-07-20T01:40:00.0000000Z
u0001745,josip_horvat1745,Josip Horvat,2024-07-06T13:44:00.0000000Z
u0001746,ana_kovac1746,Ana Kovac,2025-10-11T06:38:00.0000000Z
u0001747,petra_horvat1747,Petra Horvat,2025-08-11T10:24:00.0000000Z
u0001748,karlo_barisic1748,Karlo Barisic,2024-01-05T08:50:00.0000000Z
u0001749,petra_barisic1749,Petra Barisic,2025-08-03T04:55:00.0000000Z
u0001750,mia_juric1750,Mia Juric,2024-10-24T18:12:00.0000000Z
u0001751,ana_kovac1751,Ana Kovac,2025-04-05T00:53:00.0000000Z
u0001752,luka_simic1752,Luka Simic,2024-04-10T11:36:00.0000000Z
u0001753,ivan_juric1753,Ivan Juric,2024-09-01T10:33:00.0000000Z
u0001754,filip_sever1754,Filip Sever,2025-09-27T18:30:00.0000000Z
u0001755,dario_maric1755,Dario Maric,2025-04-10T08:21:00.0000000Z
u0001756,nika_barisic1756,Nika Barisic,2025-01-20T10:16:00.0000000Z
u0001757,dario_barisic1757,Dario Barisic,2024-08-31T01:16:00.0000000Z
u0001758,petra_curic1758,Petra Curic,2024-01-18T06:41:00.0000000Z
u0001759,dora_zoric1759,Dora Zoric,2024-09-03T17:08:00.0000000Z
u0001760,petra_perkovic1760,Petra Perkovic,2024-02-23T13:17:00.0000000Z
u0001761,toni_maric1761,Toni Maric,2024-12-31T01:09:00.0000000Z
u0001762,mia_sever1762,Mia Sever,2024-05-21T17:10:00.0000000Z
u0001763,marko_maric1763,Marko Maric,2024-12-13T13:26:00.0000000Z
u0001764,marko_curic1764,Marko Curic,2025-08-19T18:47:00.0000000Z
u0001765,nika_vidovic1765,Nika Vidovic,2024-01-26T10:24:00.0000000Z
u0001766,leon_kovacevic1766,Leon Kovacevic,2025-05-27T16:07:00.0000000Z
u0001767,mia_simic1767,Mia Simic,2025-12-27T11:47:00.0000000Z
u0001768,ema_vidovic1768,Ema Vidovic,2024-10-25T19:17:00.0000000Z
u0001769,ivan_barisic1769,Ivan Barisic,2024-03-29T12:06:00.0000000Z
u0001770,toni_novak1770,Toni Novak,2025-07-03T04:29:00.0000000Z
u0001771,iva_barisic1771,Iva Barisic,2025-03-03T07:34:00.0000000Z
u0001772,ema_kolar1772,Ema Kolar,2025-08-24T06:41:00.0000000Z
u0001773,mia_maric1773,Mia Maric,2024-06-10T07:53:00.0000000Z
u0001774,josip_knezevic1774,Josip Knezevic,2025-05-04T20:10:00.0000000Z
u0001775,ivan_knezevic1775,Ivan Knezevic,2025-11-22T15:41:00.0000000Z
u0001776,dario_pavlovic1776,Dario Pavlovic,2024-03-27T16:05:00.0000000Z
u0001777,dora_kovac1777,Dora Kovac,2024-12-21T12:21:00.0000000Z
u0001778,toni_vidovic1778,Toni Vidovic,2024-03-08T09:55:00.0000000Z
u0001779,ivan_kovacevic1779,Ivan Kovacevic,2024-08-17T10:29:00.0000000Z
u0001780,ivan_juric1780,Ivan Juric,2024-02-29T20:32:00.0000000Z
u0001781,ivan_radic1781,Ivan Radic,2025-12-02T00:59:00.0000000Z
u0001782,bruno_kovacevic1782,Bruno Kovacevic,2024-02-10T04:49:00.0000000Z
u0001783,luka_juric1783,Luka Juric,2024-03-13T23:05:00.0000000Z
u0001784,luka_simic1784,Luka Simic,2024-04-23T12:08:00.0000000Z
u0001785,lana_curic1785,Lana Curic,2024-05-01T04:57:00.0000000Z
u0001786,filip_novak1786,Filip Novak,2024-10-30T20:28:00.0000000Z
u0001787,lana_simic1787,Lana Simic,2024-07-08T12:05:00.0000000Z
u0001788,ana_pavlovic1788,Ana Pavlovic,2024-05-09T01:14:00.0000000Z
u0001789,ema_maric1789,Ema Maric,2024-02-17T16:35:00.0000000Z
u0001790,lana_maric1790,Lana Maric,2024-10-15T21:35:00.0000000Z
u0001791,dario_juric1791,Dario Juric,2025-09-28T23:59:00.0000000Z
u0001792,marko_vukovic1792,Marko Vukovic,2025-10-15T11:57:00.0000000Z
u0001793,bruno_kovacevic1793,Bruno Kovacevic,2024-03-20T19:43:00.0000000Z
u0001794,ines_juric1794,Ines Juric,2024-08-24T09:41:00.0000000Z
u0001795,ana_zoric1795,Ana Zoric,2024-12-26T23:19:00.0000000Z
u0001796,filip_maric1796,Filip Maric,2025-10-13T21:52:00.0000000Z
u0001797,leon_zoric1797,Leon Zoric,2024-03-28T14:33:00.0000000Z
u0001798,ines_pavlovic1798,Ines Pavlovic,2025-06-13T12:38:00.0000000Z
u0001799,karlo_kovac1799,Karlo Kovac,2025-11-03T08:41:00.0000000Z
u0001800,iva_matic1800,Iva Matic,2024-04-23T14:13:00.0000000Z
u0001801,dora_kolar1801,Dora Kolar,2024-03-21T03:04:00.0000000Z
u0001802,bruno_kolar1802,Bruno Kolar,2024-07-26T11:05:00.0000000Z
u0001803,ema_kovacevic1803,Ema Kovacevic,2025-02-08T23:10:00.0000000Z
u0001804,ema_pavlovic1804,Ema Pavlovic,2025-10-09T09:55:00.0000000Z
u0001805,filip_simic1805,Filip Simic,2024-07-20T15:11:00.0000000Z
u0001806,leon_sever1806,Leon Sever,2025-09-05T05:20:00.0000000Z
u0001807,sara_curic1807,Sara Curic,2024-01-08T00:40:00.0000000Z
u0001808,petra_simic1808,Petra Simic,2024-11-09T09:52:00.0000000Z
u0001809,ema_pavlovic1809,Ema Pavlovic,2025-04-20T09:13:00.0000000Z
u0001810,marko_kovacevic1810,Marko Kovacevic,2024-08-07T01:04:00.0000000Z
u0001811,dora_curic1811,Dora Curic,2025-09-26T19:03:00.0000000Z
u0001812,dora_curic1812,Dora Curic,2025-02-01T05:41:00.0000000Z
u0001813,luka_kovacevic1813,Luka Kovacevic,2024-02-25T09:01:00.0000000Z
u0001814,luka_horvat1814,Luka Horvat,2025-08-15T19:53:00.0000000Z
u0001815,filip_perkovic1815,Filip Perkovic,2024-04-12T13:26:00.0000000Z
u0001816,luka_simic1816,Luka Simic,2024-02-13T09:30:00.0000000Z
u0001817,josip_barisic1817,Josip Barisic,2024-03-04T06:00:00.0000000Z
u0001818,ivan_babic1818,Ivan Babic,2025-01-18T00:55:00.0000000Z
u0001819,marko_vidovic1819,Marko Vidovic,2024-05-05T20:54:00.0000000Z
u0001820,sara_knezevic1820,Sara Knezevic,2024-03-07T01:22:00.0000000Z
u0001821,toni_babic1821,Toni Babic,2024-01-19T17:58:00.0000000Z
u0001822,ema_juric1822,Ema Juric,2025-05-16T01:00:00.0000000Z
u0001823,ana_vukovic1823,Ana Vukovic,2025-05-01T18:06:00.0000000Z
u0001824,bruno_kolar1824,Bruno Kolar,2025-05-03T11:32:00.0000000Z
u0001825,iva_matic1825,Iva Matic,2025-10-08T03:50:00.0000000Z
u0001826,petra_vidovic1826,Petra Vidovic,2025-10-27T04:41:00.0000000Z
u0001827,ema_horvat1827,Ema Horvat,2024-01-15T16:52:00.0000000Z
u0001828,nika_perkovic1828,Nika Perkovic,2024-11-09T20:51:00.0000000Z
u0001829,luka_barisic1829,Luka Barisic,2025-08-25T21:35:00.0000000Z
u0001830,filip_vidovic1830,Filip Vidovic,2024-03-03T05:06:00.0000000Z
u0001831,mia_radic1831,Mia Radic,2025-10-08T21:01:00.0000000Z
u0001832,dora_simic1832,Dora Simic,2025-10-28T11:14:00.0000000Z
u0001833,iva_kovac1833,Iva Kovac,2024-09-18T22:14:00.0000000Z
u0001834,lana_novak1834,Lana Novak,2024-06-22T18:03:00.0000000Z
u0001835,mia_kolar1835,Mia Kolar,2024-04-30T10:15:00.0000000Z
u0001836,josip_kovacevic1836,Josip Kovacevic,2025-04-04T08:09:00.0000000Z
u0001837,toni_curic1837,Toni Curic,2025-12-18T21:31:00.0000000Z
u0001838,ema_vukovic1838,Ema Vukovic,2024-10-08T16:03:00.0000000Z
u0001839,ivan_horvat1839,Ivan Horvat,2024-11-15T10:54:00.0000000Z
u0001840,nika_horvat1840,Nika Horvat,2024-10-21T13:49:00.0000000Z
u0001841,ines_perkovic1841,Ines Perkovic,2025-02-02T03:16:00.0000000Z
u0001842,nika_vukovic1842,Nika Vukovic,2024-05-17T06:22:00.0000000Z
u0001843,iva_zoric1843,Iva Zoric,2025-10-15T03:19:00.0000000Z
u0001844,dora_knezevic1844,Dora Knezevic,2025-07-01T19:23:00.0000000Z
u0001845,nika_vidovic1845,Nika Vidovic,2025-08-26T12:38:00.0000000Z
u0001846,iva_maric1846,Iva Maric,2025-12-17T01:57:00.0000000Z
u0001847,ema_zoric1847,Ema Zoric,2025-02-24T16:52:00.0000000Z
u0001848,petra_kolar1848,Petra Kolar,2025-09-19T07:11:00.0000000Z
u0001849,marko_babic1849,Marko Babic,2024-04-13T16:38:00.0000000Z
u0001850,dario_curic1850,Dario Curic,2025-01-26T08:11:00.0000000Z
u0001851,lana_maric1851,Lana Maric,2024-01-31T21:33:00.0000000Z
u0001852,dora_simic1852,Dora Simic,2025-01-31T17:02:00.0000000Z
u0001853,sara_vidovic1853,Sara Vidovic,2024-09-17T11:14:00.0000000Z
u0001854,dora_pavlovic1854,Dora Pavlovic,2025-01-27T18:22:00.0000000Z
u0001855,bruno_perkovic1855,Bruno Perkovic,2025-01-27T05:54:00.0000000Z
u0001856,luka_kolar1856,Luka Kolar,2025-02-10T12:46:00.0000000Z
u0001857,nika_juric1857,Nika Juric,2025-09-06T17:51:00.0000000Z
u0001858,lana_kovacevic1858,Lana Kovacevic,2024-06-28T02:26:00.0000000Z
u0001859,karlo_perkovic1859,Karlo Perkovic,2025-12-06T23:39:00.0000000Z
u0001860,sara_matic1860,Sara Matic,2024-07-01T08:08:00.0000000Z
u0001861,ana_juric1861,Ana Juric,2025-09-22T13:30:00.0000000Z
u0001862,mia_matic1862,Mia Matic,2024-06-09T22:03:00.0000000Z
u0001863,bruno_simic1863,Bruno Simic,2024-06-24T22:58:00.0000000Z
u0001864,ema_kovac1864,Ema Kovac,2024-10-10T05:53:00.0000000Z
u0001865,toni_juric1865,Toni Juric,2024-04-27T20:39:00.0000000Z
u0001866,ana_matic1866,Ana Matic,2024-01-28T16:35:00.0000000Z
u0001867,filip_barisic1867,Filip Barisic,2024-10-20T06:47:00.0000000Z
u0001868,nika_curic1868,Nika Curic,2025-04-02T13:28:00.0000000Z
u0001869,sara_horvat1869,Sara Horvat,2025-09-19T18:17:00.0000000Z
u0001870,iva_babic1870,Iva Babic,2025-11-09T19:03:00.0000000Z
u0001871,nika_horvat1871,Nika Horvat,2024-08-29T21:00:00.0000000Z
u0001872,marko_curic1872,Marko Curic,2024-09-13T18:22:00.0000000Z
u0001873,sara_vukovic1873,Sara Vukovic,2024-05-04T12:12:00.0000000Z
u0001874,filip_radic1874,Filip Radic,2024-03-22T11:46:00.0000000Z
u0001875,filip_juric1875,Filip Juric,2024-05-25T01:39:00.0000000Z
u0001876,lana_vidovic1876,Lana Vidovic,2024-02-01T03:47:00.0000000Z
u0001877,ivan_zoric1877,Ivan Zoric,2024-05-27T05:21:00.0000000Z
u0001878,leon_vukovic1878,Leon Vukovic,2025-03-21T23:57:00.0000000Z
u0001879,karlo_matic1879,Karlo Matic,2024-09-06T07:59:00.0000000Z
u0001880,luka_perkovic1880,Luka Perkovic,2024-12-15T00:54:00.0000000Z
u0001881,mia_curic1881,Mia Curic,2024-12-08T10:31:00.0000000Z
u0001882,filip_kolar1882,Filip Kolar,2024-03-01T13:19:00.0000000Z
u0001883,ivan_radic1883,Ivan Radic,2024-09-17T16:33:00.0000000Z
u0001884,karlo_vukovic1884,Karlo Vukovic,2024-03-03T22:53:00.0000000Z
u0001885,ines_horvat1885,Ines Horvat,2024-09-08T01:09:00.0000000Z
u0001886,ema_juric1886,Ema Juric,2025-04-30T17:45:00.0000000Z
u0001887,josip_novak1887,Josip Novak,2024-05-15T21:06:00.0000000Z
u0001888,karlo_kolar1888,Karlo Kolar,2024-09-04T13:02:00.0000000Z
u0001889,bruno_pavlovic1889,Bruno Pavlovic,2025-04-13T23:54:00.0000000Z
u0001890,bruno_juric1890,Bruno Juric,2024-12-09T04:17:00.0000000Z
u0001891,ana_knezevic1891,Ana Knezevic,2025-06-03T04:56:00.0000000Z
u0001892,sara_sever1892,Sara Sever,2025-03-24T01:34:00.0000000Z
u0001893,toni_horvat1893,Toni Horvat,2025-02-19T05:34:00.0000000Z
u0001894,marko_vukovic1894,Marko Vukovic,2024-08-18T06:38:00.0000000Z
u0001895,sara_juric1895,Sara Juric,2024-11-06T04:47:00.0000000Z
u0001896,marko_kovac1896,Marko Kovac,2024-09-19T01:21:00.0000000Z
u0001897,ema_simic1897,Ema Simic,2024-05-19T19:46:00.0000000Z
u0001898,sara_vidovic1898,Sara Vidovic,2024-11-06T02:23:00.0000000Z
u0001899,ema_radic1899,Ema Radic,2024-05-24T13:22:00.0000000Z
u0001900,marko_simic1900,Marko Simic,2024-02-13T15:54:00.0000000Z
u0001901,josip_kovacevic1901,Josip Kovacevic,2024-07-07T09:51:00.0000000Z
u0001902,ines_zoric1902,Ines Zoric,2025-11-07T12:49:00.0000000Z
u0001903,mia_maric1903,Mia Maric,2024-02-05T13:23:00.0000000Z
u0001904,bruno_pavlovic1904,Bruno Pavlovic,2024-07-12T04:12:00.0000000Z
u0001905,ivan_kovacevic1905,Ivan Kovacevic,2025-09-06T23:18:00.0000000Z
u0001906,ines_babic1906,Ines Babic,2024-11-16T09:50:00.0000000Z
u0001907,leon_pavlovic1907,Leon Pavlovic,2025-03-03T07:37:00.0000000Z
u0001908,ema_matic1908,Ema Matic,2025-05-26T19:25:00.0000000Z
u0001909,ema_kovacevic1909,Ema Kovacevic,2025-04-03T16:35:00.0000000Z
u0001910,ema_knezevic1910,Ema Knezevic,2024-10-28T14:46:00.0000000Z
u0001911,josip_radic1911,Josip Radic,2024-11-03T19:38:00.0000000Z
u0001912,dario_perkovic1912,Dario Perkovic,2024-02-14T15:13:00.0000000Z
u0001913,ivan_zoric1913,Ivan Zoric,2024-12-12T11:36:00.0000000Z
u0001914,lana_kolar1914,Lana Kolar,2025-10-09T09:35:00.0000000Z
u0001915,filip_radic1915,Filip Radic,2025-10-26T12:33:00.0000000Z
u0001916,leon_simic1916,Leon Simic,2024-12-28T12:45:00.0000000Z
u0001917,nika_knezevic1917,Nika Knezevic,2024-10-27T10:01:00.0000000Z
u0001918,iva_novak1918,Iva Novak,2025-12-09T07:00:00.0000000Z
u0001919,lana_maric1919,Lana Maric,2025-10-06T13:34:00.0000000Z
u0001920,nika_pavlovic1920,Nika Pavlovic,2024-12-05T19:44:00.0000000Z
u0001921,ema_kovac1921,Ema Kovac,2025-07-19T09:35:00.0000000Z
u0001922,toni_kovacevic1922,Toni Kovacevic,2024-04-08T14:00:00.0000000Z
u0001923,karlo_simic1923,Karlo Simic,2025-04-10T00:32:00.0000000Z
u0001924,iva_vidovic1924,Iva Vidovic,2024-08-31T04:17:00.0000000Z
u0001925,dora_knezevic1925,Dora Knezevic,2025-09-28T18:42:00.0000000Z
u0001926,sara_sever1926,Sara Sever,2025-10-30T23:02:00.0000000Z
u0001927,iva_vukovic1927,Iva Vukovic,2025-07-04T18:05:00.0000000Z
u0001928,marko_kolar1928,Marko Kolar,2025-12-15T18:11:00.0000000Z
u0001929,ana_perkovic1929,Ana Perkovic,2024-08-04T14:30:00.0000000Z
u0001930,lana_horvat1930,Lana Horvat,2025-01-13T08:03:00.0000000Z
u0001931,petra_radic1931,Petra Radic,2024-05-18T19:13:00.0000000Z
u0001932,ana_maric1932,Ana Maric,2025-04-20T21:05:00.0000000Z
u0001933,marko_perkovic1933,Marko Perkovic,2024-06-11T11:51:00.0000000Z
u0001934,iva_kovac1934,Iva Kovac,2025-12-25T03:32:00.0000000Z
u0001935,ines_vidovic1935,Ines Vidovic,2025-03-19T19:36:00.0000000Z
u0001936,ivan_zoric1936,Ivan Zoric,2025-08-06T20:59:00.0000000Z
u0001937,ivan_zoric1937,Ivan Zoric,2024-05-14T04:16:00.0000000Z
u0001938,dora_zoric1938,Dora Zoric,2024-07-06T10:48:00.0000000Z
u0001939,bruno_maric1939,Bruno Maric,2024-10-07T15:58:00.0000000Z
u0001940,iva_pavlovic1940,Iva Pavlovic,2025-04-25T02:41:00.0000000Z
u0001941,karlo_vukovic1941,Karlo Vukovic,2025-02-07T17:08:00.0000000Z
u0001942,marko_pavlovic1942,Marko Pavlovic,2024-08-16T11:21:00.0000000Z
u0001943,marko_sever1943,Marko Sever,2024-06-06T20:29:00.0000000Z
u0001944,luka_simic1944,Luka Simic,2024-08-05T21:13:00.0000000Z
u0001945,sara_horvat1945,Sara Horvat,2024-07-14T09:56:00.0000000Z
u0001946,iva_juric1946,Iva Juric,2025-10-21T04:26:00.0000000Z
u0001947,mia_curic1947,Mia Curic,2025-09-21T03:22:00.0000000Z
u0001948,lana_vukovic1948,Lana Vukovic,2024-07-07T19:06:00.0000000Z
u0001949,filip_novak1949,Filip Novak,2025-06-19T22:46:00.0000000Z
u0001950,leon_juric1950,Leon Juric,2024-01-25T03:22:00.0000000Z
u0001951,ema_kovacevic1951,Ema Kovacevic,2024-01-30T19:31:00.0000000Z
u0001952,nika_curic1952,Nika Curic,2025-05-20T11:03:00.0000000Z
u0001953,josip_kolar1953,Josip Kolar,2024-05-24T12:34:00.0000000Z
u0001954,ema_curic1954,Ema Curic,2025-09-04T22:55:00.0000000Z
u0001955,nika_barisic1955,Nika Barisic,2024-05-18T12:14:00.0000000Z
u0001956,ines_juric1956,Ines Juric,2025-07-01T23:15:00.0000000Z
u0001957,dora_curic1957,Dora Curic,2025-10-15T00:44:00.0000000Z
u0001958,lana_knezevic1958,Lana Knezevic,2025-06-02T18:48:00.0000000Z
u0001959,iva_kovacevic1959,Iva Kovacevic,2024-01-28T19:36:00.0000000Z
u0001960,ema_zoric1960,Ema Zoric,2024-10-12T19:18:00.0000000Z
u0001961,nika_novak1961,Nika Novak,2025-04-24T16:09:00.0000000Z
u0001962,petra_sever1962,Petra Sever,2024-07-15T13:23:00.0000000Z
u0001963,ema_babic1963,Ema Babic,2024-02-27T09:16:00.0000000Z
u0001964,nika_kovacevic1964,Nika Kovacevic,2025-01-22T19:55:00.0000000Z
u0001965,bruno_kovac1965,Bruno Kovac,2025-12-22T02:21:00.0000000Z
u0001966,ana_curic1966,Ana Curic,2024-12-13T09:38:00.0000000Z
u0001967,ivan_knezevic1967,Ivan Knezevic,2025-11-16T07:46:00.0000000Z
u0001968,dora_curic1968,Dora Curic,2024-09-12T03:07:00.0000000Z
u0001969,marko_zoric1969,Marko Zoric,2025-10-13T15:49:00.0000000Z
u0001970,filip_zoric1970,Filip Zoric,2025-03-10T17:02:00.0000000Z
u0001971,sara_babic1971,Sara Babic,2025-11-29T07:02:00.0000000Z
u0001972,karlo_kolar1972,Karlo Kolar,2025-06-13T20:01:00.0000000Z
u0001973,petra_knezevic1973,Petra Knezevic,2025-11-05T22:12:00.0000000Z
u0001974,leon_pavlovic1974,Leon Pavlovic,2024-04-15T01:18:00.0000000Z
u0001975,sara_knezevic1975,Sara Knezevic,2025-04-01T06:56:00.0000000Z
u0001976,mia_zoric1976,Mia Zoric,2024-09-11T02:27:00.0000000Z
u0001977,bruno_zoric1977,Bruno Zoric,2024-11-08T12:59:00.0000000Z
u0001978,nika_novak1978,Nika Novak,2024-09-01T15:55:00.0000000Z
u0001979,lana_simic1979,Lana Simic,2024-07-12T17:04:00.0000000Z
u0001980,filip_horvat1980,Filip Horvat,2024-05-01T22:51:00.0000000Z
u0001981,mia_curic1981,Mia Curic,2024-09-19T16:12:00.0000000Z
u0001982,lana_curic1982,Lana Curic,2024-05-10T15:45:00.0000000Z
u0001983,nika_barisic1983,Nika Barisic,2024-09-19T18:40:00.0000000Z
u0001984,ema_vidovic1984,Ema Vidovic,2025-01-09T09:37:00.0000000Z
u0001985,nika_babic1985,Nika Babic,2025-08-22T15:25:00.0000000Z
u0001986,iva_kovacevic1986,Iva Kovacevic,2025-01-22T05:36:00.0000000Z
u0001987,bruno_zoric1987,Bruno Zoric,2024-01-07T21:57:00.0000000Z
u0001988,dario_pavlovic1988,Dario Pavlovic,2025-12-27T14:57:00.0000000Z
u0001989,petra_kovac1989,Petra Kovac,2025-11-01T21:14:00.0000000Z
u0001990,toni_vukovic1990,Toni Vukovic,2024-03-29T06:36:00.0000000Z
u0001991,lana_barisic1991,Lana Barisic,2024-09-16T16:54:00.0000000Z
u0001992,iva_radic1992,Iva Radic,2025-05-26T04:20:00.0000000Z
u0001993,iva_maric1993,Iva Maric,2024-12-25T18:30:00.0000000Z
u0001994,josip_zoric1994,Josip Zoric,2025-10-02T21:02:00.0000000Z
u0001995,dora_matic1995,Dora Matic,2025-11-12T21:11:00.0000000Z
u0001996,leon_horvat1996,Leon Horvat,2024-02-26T07:07:00.0000000Z
u0001997,dario_perkovic1997,Dario Perkovic,2024-07-26T03:30:00.0000000Z
u0001998,bruno_simic1998,Bruno Simic,2024-07-15T16:38:00.0000000Z
u0001999,petra_vidovic1999,Petra Vidovic,2024-08-21T16:43:00.0000000Z
u0002000,mia_kovacevic2000,Mia Kovacevic,2025-08-28T01:59:00.0000000Z
u0002001,ema_sever2001,Ema Sever,2025-02-01T16:52:00.0000000Z
u0002002,luka_vidovic2002,Luka Vidovic,2025-12-05T03:57:00.0000000Z
u0002003,petra_zoric2003,Petra Zoric,2025-03-17T06:45:00.0000000Z
u0002004,marko_horvat2004,Marko Horvat,2024-03-30T11:48:00.0000000Z
u0002005,ana_juric2005,Ana Juric,2025-12-21T05:54:00.0000000Z
u0002006,marko_simic2006,Marko Simic,2024-04-16T22:08:00.0000000Z
u0002007,ivan_juric2007,Ivan Juric,2024-02-29T06:55:00.0000000Z
u0002008,karlo_babic2008,Karlo Babic,2025-05-23T00:39:00.0000000Z
u0002009,karlo_kolar2009,Karlo Kolar,2024-08-01T00:51:00.0000000Z
u0002010,ivan_simic2010,Ivan Simic,2025-06-03T17:03:00.0000000Z
u0002011,mia_knezevic2011,Mia Knezevic,2025-09-29T09:32:00.0000000Z
u0002012,sara_maric2012,Sara Maric,2025-09-01T18:09:00.0000000Z
u0002013,filip_kolar2013,Filip Kolar,2025-04-26T06:45:00.0000000Z
u0002014,dora_zoric2014,Dora Zoric,2024-06-07T10:27:00.0000000Z
u0002015,lana_vukovic2015,Lana Vukovic,2025-04-17T07:42:00.0000000Z
u0002016,petra_perkovic2016,Petra Perkovic,2024-08-10T11:52:00.0000000Z
u0002017,ema_horvat2017,Ema Horvat,2024-07-20T02:38:00.0000000Z
u0002018,petra_kovacevic2018,Petra Kovacevic,2024-02-16T11:31:00.0000000Z
u0002019,bruno_knezevic2019,Bruno Knezevic,2025-09-09T07:09:00.0000000Z
u0002020,karlo_knezevic2020,Karlo Knezevic,2024-02-25T11:52:00.0000000Z
u0002021,sara_kovac2021,Sara Kovac,2024-05-21T13:38:00.0000000Z
u0002022,ines_kolar2022,Ines Kolar,2025-03-07T13:31:00.0000000Z
u0002023,luka_vukovic2023,Luka Vukovic,2024-03-08T08:17:00.0000000Z
u0002024,petra_zoric2024,Petra Zoric,2025-08-12T09:52:00.0000000Z
u0002025,lana_kovac2025,Lana Kovac,2024-12-26T14:01:00.0000000Z
u0002026,ines_vukovic2026,Ines Vukovic,2025-06-06T01:11:00.0000000Z
u0002027,ana_perkovic2027,Ana Perkovic,2024-01-21T15:06:00.0000000Z
u0002028,dora_vidovic2028,Dora Vidovic,2025-02-22T22:28:00.0000000Z
u0002029,josip_novak2029,Josip Novak,2024-03-26T00:21:00.0000000Z
u0002030,karlo_curic2030,Karlo Curic,2025-07-14T16:17:00.0000000Z
u0002031,dora_matic2031,Dora Matic,2024-09-10T10:43:00.0000000Z
u0002032,nika_juric2032,Nika Juric,2025-05-16T18:12:00.0000000Z
u0002033,ana_simic2033,Ana Simic,2025-04-20T13:56:00.0000000Z
u0002034,ivan_curic2034,Ivan Curic,2024-08-24T05:48:00.0000000Z
u0002035,luka_babic2035,Luka Babic,2024-06-15T03:12:00.0000000Z
u0002036,lana_perkovic2036,Lana Perkovic,2024-06-03T06:57:00.0000000Z
u0002037,nika_barisic2037,Nika Barisic,2024-02-05T14:38:00.0000000Z
u0002038,marko_zoric2038,Marko Zoric,2025-06-13T21:35:00.0000000Z
u0002039,ana_perkovic2039,Ana Perkovic,2024-07-14T02:53:00.0000000Z
u0002040,toni_matic2040,Toni Matic,2025-01-25T06:25:00.0000000Z
u0002041,lana_knezevic2041,Lana Knezevic,2024-11-29T21:06:00.0000000Z
u0002042,filip_maric2042,Filip Maric,2024-08-17T08:48:00.0000000Z
u0002043,lana_curic2043,Lana Curic,2025-08-03T10:25:00.0000000Z
u0002044,karlo_vidovic2044,Karlo Vidovic,2025-07-30T03:05:00.0000000Z
u0002045,ivan_sever2045,Ivan Sever,2025-07-11T21:57:00.0000000Z
u0002046,bruno_zoric2046,Bruno Zoric,2025-05-05T14:33:00.0000000Z
u0002047,filip_sever2047,Filip Sever,2025-01-14T13:50:00.0000000Z
u0002048,leon_novak2048,Leon Novak,2024-01-24T22:53:00.0000000Z
u0002049,bruno_barisic2049,Bruno Barisic,2025-05-14T12:42:00.0000000Z
u0002050,toni_radic2050,Toni Radic,2025-03-21T23:59:00.0000000Z
u0002051,josip_knezevic2051,Josip Knezevic,2024-03-31T11:23:00.0000000Z
u0002052,marko_simic2052,Marko Simic,2024-12-10T09:11:00.0000000Z
u0002053,ines_barisic2053,Ines Barisic,2025-12-08T22:13:00.0000000Z
u0002054,leon_horvat2054,Leon Horvat,2025-07-25T06:40:00.0000000Z
u0002055,josip_zoric2055,Josip Zoric,2024-01-31T22:54:00.0000000Z
u0002056,ema_kovac2056,Ema Kovac,2025-08-12T00:28:00.0000000Z
u0002057,dora_kovacevic2057,Dora Kovacevic,2025-10-27T04:43:00.0000000Z
u0002058,nika_juric2058,Nika Juric,2024-12-22T01:36:00.0000000Z
u0002059,ana_simic2059,Ana Simic,2024-05-26T03:42:00.0000000Z
u0002060,josip_pavlovic2060,Josip Pavlovic,2024-08-08T19:43:00.0000000Z
u0002061,toni_vidovic2061,Toni Vidovic,2024-09-25T22:24:00.0000000Z
u0002062,petra_vukovic2062,Petra Vukovic,2024-11-15T18:01:00.0000000Z
u0002063,sara_curic2063,Sara Curic,2024-10-27T17:46:00.0000000Z
u0002064,ema_vidovic2064,Ema Vidovic,2025-10-08T21:49:00.0000000Z
u0002065,bruno_knezevic2065,Bruno Knezevic,2025-12-02T04:04:00.0000000Z
u0002066,bruno_matic2066,Bruno Matic,2024-12-13T22:50:00.0000000Z
u0002067,dora_matic2067,Dora Matic,2025-08-01T10:18:00.0000000Z
u0002068,ines_perkovic2068,Ines Perkovic,2024-05-20T10:37:00.0000000Z
u0002069,sara_vidovic2069,Sara Vidovic,2024-04-04T09:43:00.0000000Z
u0002070,toni_babic2070,Toni Babic,2024-01-09T09:14:00.0000000Z
u0002071,ema_knezevic2071,Ema Knezevic,2024-07-25T21:13:00.0000000Z
u0002072,sara_juric2072,Sara Juric,2024-05-03T07:33:00.0000000Z
u0002073,josip_novak2073,Josip Novak,2024-10-01T21:12:00.0000000Z
u0002074,toni_simic2074,Toni Simic,2024-03-28T14:59:00.0000000Z
u0002075,mia_perkovic2075,Mia Perkovic,2025-01-03T10:52:00.0000000Z
u0002076,ana_barisic2076,Ana Barisic,2025-09-05T19:04:00.0000000Z
u0002077,dario_juric2077,Dario Juric,2024-02-28T22:53:00.0000000Z
u0002078,bruno_knezevic2078,Bruno Knezevic,2024-04-16T00:15:00.0000000Z
u0002079,dario_zoric2079,Dario Zoric,2024-05-10T20:33:00.0000000Z
u0002080,petra_matic2080,Petra Matic,2025-02-14T01:29:00.0000000Z
u0002081,filip_horvat2081,Filip Horvat,2025-09-08T12:48:00.0000000Z
u0002082,josip_horvat2082,Josip Horvat,2024-10-16T14:07:00.0000000Z
u0002083,toni_horvat2083,Toni Horvat,2024-04-19T02:31:00.0000000Z
u0002084,iva_kovacevic2084,Iva Kovacevic,2024-07-06T10:46:00.0000000Z
u0002085,marko_vukovic2085,Marko Vukovic,2025-09-23T18:14:00.0000000Z
u0002086,sara_matic2086,Sara Matic,2025-12-24T02:35:00.0000000Z
u0002087,sara_perkovic2087,Sara Perkovic,2025-11-11T07:00:00.0000000Z
u0002088,ema_babic2088,Ema Babic,2025-08-25T05:30:00.0000000Z
u0002089,leon_radic2089,Leon Radic,2024-01-06T12:13:00.0000000Z
u0002090,marko_maric2090,Marko Maric,2025-01-22T14:26:00.0000000Z
u0002091,dora_novak2091,Dora Novak,2025-06-29T18:56:00.0000000Z
u0002092,karlo_juric2092,Karlo Juric,2025-02-16T13:56:00.0000000Z
u0002093,ema_sever2093,Ema Sever,2025-04-18T03:37:00.0000000Z
u0002094,marko_knezevic2094,Marko Knezevic,2025-09-18T06:10:00.0000000Z
u0002095,sara_kolar2095,Sara Kolar,2025-11-27T10:30:00.0000000Z
u0002096,karlo_pavlovic2096,Karlo Pavlovic,2024-02-05T03:10:00.0000000Z
u0002097,ema_vidovic2097,Ema Vidovic,2024-07-16T02:19:00.0000000Z
u0002098,petra_matic2098,Petra Matic,2025-08-14T02:47:00.0000000Z
u0002099,toni_horvat2099,Toni Horvat,2025-11-02T17:40:00.0000000Z
u0002100,ana_matic2100,Ana Matic,2024-12-11T06:39:00.0000000Z
u0002101,mia_matic2101,Mia Matic,2025-10-02T20:44:00.0000000Z
u0002102,toni_vidovic2102,Toni Vidovic,2024-03-03T02:25:00.0000000Z
u0002103,dario_juric2103,Dario Juric,2024-03-06T22:29:00.0000000Z
u0002104,filip_vukovic2104,Filip Vukovic,2024-12-22T07:22:00.0000000Z
u0002105,filip_simic2105,Filip Simic,2024-07-03T06:04:00.0000000Z
u0002106,ivan_simic2106,Ivan Simic,2024-09-29T11:13:00.0000000Z
u0002107,ines_babic2107,Ines Babic,2025-11-05T21:23:00.0000000Z
u0002108,dora_barisic2108,Dora Barisic,2024-08-21T02:57:00.0000000Z
u0002109,ema_vidovic2109,Ema Vidovic,2025-07-01T08:27:00.0000000Z
u0002110,leon_maric2110,Leon Maric,2024-07-20T02:55:00.0000000Z
u0002111,toni_juric2111,Toni Juric,2025-01-17T23:57:00.0000000Z
u0002112,petra_kolar2112,Petra Kolar,2025-11-30T02:39:00.0000000Z
u0002113,dora_kovac2113,Dora Kovac,2025-11-12T15:29:00.0000000Z
u0002114,ines_kovacevic2114,Ines Kovacevic,2024-09-03T21:18:00.0000000Z
u0002115,dora_sever2115,Dora Sever,2024-11-17T20:59:00.0000000Z
u0002116,iva_vidovic2116,Iva Vidovic,2025-10-25T08:59:00.0000000Z
u0002117,nika_simic2117,Nika Simic,2024-11-04T19:33:00.0000000Z
u0002118,dario_babic2118,Dario Babic,2024-09-21T23:59:00.0000000Z
u0002119,dario_knezevic2119,Dario Knezevic,2025-03-18T12:41:00.0000000Z
u0002120,nika_vukovic2120,Nika Vukovic,2024-01-01T16:29:00.0000000Z
u0002121,filip_simic2121,Filip Simic,2024-03-14T04:41:00.0000000Z
u0002122,karlo_perkovic2122,Karlo Perkovic,2024-04-12T22:13:00.0000000Z
u0002123,dora_maric2123,Dora Maric,2025-09-20T08:10:00.0000000Z
u0002124,ema_kovac2124,Ema Kovac,2025-01-17T17:38:00.0000000Z
u0002125,josip_horvat2125,Josip Horvat,2025-08-01T01:55:00.0000000Z
u0002126,nika_horvat2126,Nika Horvat,2025-10-03T13:14:00.0000000Z
u0002127,ines_matic2127,Ines Matic,2025-11-27T22:01:00.0000000Z
u0002128,karlo_vukovic2128,Karlo Vukovic,2025-04-04T07:34:00.0000000Z
u0002129,ines_kovac2129,Ines Kovac,2024-03-19T06:36:00.0000000Z
u0002130,petra_pavlovic2130,Petra Pavlovic,2024-07-30T01:59:00.0000000Z
u0002131,mia_knezevic2131,Mia Knezevic,2025-06-06T04:29:00.0000000Z
u0002132,leon_radic2132,Leon Radic,2025-06-26T20:35:00.0000000Z
u0002133,luka_babic2133,Luka Babic,2024-08-24T17:41:00.0000000Z
u0002134,ema_vidovic2134,Ema Vidovic,2025-05-10T17:00:00.0000000Z
u0002135,ana_juric2135,Ana Juric,2024-12-03T02:15:00.0000000Z
u0002136,ines_babic2136,Ines Babic,2024-04-17T01:21:00.0000000Z
u0002137,nika_sever2137,Nika Sever,2024-11-08T12:28:00.0000000Z
u0002138,bruno_perkovic2138,Bruno Perkovic,2025-10-03T06:46:00.0000000Z
u0002139,ana_matic2139,Ana Matic,2024-05-19T04:15:00.0000000Z
u0002140,lana_sever2140,Lana Sever,2025-02-10T18:11:00.0000000Z
u0002141,ana_vidovic2141,Ana Vidovic,2025-01-29T14:17:00.0000000Z
u0002142,nika_curic2142,Nika Curic,2025-05-05T23:45:00.0000000Z
u0002143,karlo_radic2143,Karlo Radic,2024-12-07T20:48:00.0000000Z
u0002144,ana_kovacevic2144,Ana Kovacevic,2025-09-18T19:15:00.0000000Z
u0002145,nika_simic2145,Nika Simic,2025-04-27T05:39:00.0000000Z
u0002146,ema_zoric2146,Ema Zoric,2024-03-27T02:07:00.0000000Z
u0002147,petra_sever2147,Petra Sever,2025-12-24T03:07:00.0000000Z
u0002148,dora_simic2148,Dora Simic,2025-04-30T02:32:00.0000000Z
u0002149,ines_pavlovic2149,Ines Pavlovic,2025-06-25T03:50:00.0000000Z
u0002150,karlo_barisic2150,Karlo Barisic,2024-01-29T19:36:00.0000000Z
u0002151,nika_zoric2151,Nika Zoric,2024-05-11T20:54:00.0000000Z
u0002152,iva_juric2152,Iva Juric,2024-01-13T04:04:00.0000000Z
u0002153,marko_matic2153,Marko Matic,2024-08-21T03:50:00.0000000Z
u0002154,iva_kovac2154,Iva Kovac,2025-03-14T13:57:00.0000000Z
u0002155,sara_radic2155,Sara Radic,2025-03-24T01:41:00.0000000Z
u0002156,nika_maric2156,Nika Maric,2024-03-15T04:34:00.0000000Z
u0002157,luka_zoric2157,Luka Zoric,2025-05-26T19:50:00.0000000Z
u0002158,ivan_kovacevic2158,Ivan Kovacevic,2024-01-07T06:46:00.0000000Z
u0002159,nika_kovac2159,Nika Kovac,2024-06-03T05:32:00.0000000Z
u0002160,ines_kolar2160,Ines Kolar,2024-08-20T22:57:00.0000000Z
u0002161,leon_sever2161,Leon Sever,2025-03-28T16:13:00.0000000Z
u0002162,josip_matic2162,Josip Matic,2025-02-28T11:59:00.0000000Z
u0002163,sara_zoric2163,Sara Zoric,2024-08-16T00:05:00.0000000Z
u0002164,toni_babic2164,Toni Babic,2024-08-19T04:01:00.0000000Z
u0002165,iva_vukovic2165,Iva Vukovic,2025-09-22T16:38:00.0000000Z
u0002166,mia_juric2166,Mia Juric,2024-02-19T09:09:00.0000000Z
u0002167,ivan_juric2167,Ivan Juric,2024-11-25T10:35:00.0000000Z
u0002168,toni_pavlovic2168,Toni Pavlovic,2024-03-25T15:03:00.0000000Z
u0002169,filip_matic2169,Filip Matic,2024-12-04T03:41:00.0000000Z
u0002170,petra_novak2170,Petra Novak,2024-05-20T20:45:00.0000000Z
u0002171,karlo_juric2171,Karlo Juric,2025-07-13T01:58:00.0000000Z
u0002172,ana_barisic2172,Ana Barisic,2024-03-26T21:21:00.0000000Z
u0002173,dora_novak2173,Dora Novak,2024-01-21T03:45:00.0000000Z
u0002174,ana_barisic2174,Ana Barisic,2024-10-08T07:52:00.0000000Z
u0002175,iva_simic2175,Iva Simic,2025-04-07T11:09:00.0000000Z
u0002176,mia_juric2176,Mia Juric,2025-11-06T12:58:00.0000000Z
u0002177,marko_maric2177,Marko Maric,2025-07-31T09:40:00.0000000Z
u0002178,marko_vidovic2178,Marko Vidovic,2024-11-01T20:20:00.0000000Z
u0002179,ines_juric2179,Ines Juric,2024-09-14T18:50:00.0000000Z
u0002180,dario_kovac2180,Dario Kovac,2024-01-11T22:47:00.0000000Z
u0002181,marko_radic2181,Marko Radic,2025-03-04T11:37:00.0000000Z
u0002182,marko_vidovic2182,Marko Vidovic,2025-09-30T11:19:00.0000000Z
u0002183,nika_zoric2183,Nika Zoric,2025-01-14T20:15:00.0000000Z
u0002184,bruno_knezevic2184,Bruno Knezevic,2024-01-24T21:21:00.0000000Z
u0002185,ana_horvat2185,Ana Horvat,2024-10-19T01:28:00.0000000Z
u0002186,ivan_barisic2186,Ivan Barisic,2024-02-02T21:02:00.0000000Z
u0002187,lana_sever2187,Lana Sever,2024-05-30T10:21:00.0000000Z
u0002188,dario_horvat2188,Dario Horvat,2024-01-18T06:31:00.0000000Z
u0002189,josip_perkovic2189,Josip Perkovic,2024-11-15T04:03:00.0000000Z
u0002190,filip_babic2190,Filip Babic,2025-02-17T09:53:00.0000000Z
u0002191,iva_matic2191,Iva Matic,2024-04-26T01:55:00.0000000Z
u0002192,ana_curic2192,Ana Curic,2024-10-08T10:36:00.0000000Z
u0002193,iva_perkovic2193,Iva Perkovic,2025-06-20T20:29:00.0000000Z
u0002194,iva_vidovic2194,Iva Vidovic,2024-12-13T10:26:00.0000000Z
u0002195,josip_vukovic2195,Josip Vukovic,2025-07-14T10:27:00.0000000Z
u0002196,iva_babic2196,Iva Babic,2025-08-11T23:46:00.0000000Z
u0002197,ana_vidovic2197,Ana Vidovic,2024-11-18T01:53:00.0000000Z
u0002198,filip_horvat2198,Filip Horvat,2024-04-09T17:28:00.0000000Z
u0002199,karlo_simic2199,Karlo Simic,2024-12-15T08:13:00.0000000Z
u0002200,nika_kolar2200,Nika Kolar,2024-05-09T00:53:00.0000000Z
u0002201,josip_novak2201,Josip Novak,2025-05-01T00:54:00.0000000Z
u0002202,dora_sever2202,Dora Sever,2025-11-11T18:53:00.0000000Z
u0002203,ines_horvat2203,Ines Horvat,2024-03-17T05:42:00.0000000Z
u0002204,ana_juric2204,Ana Juric,2024-05-11T17:37:00.0000000Z
u0002205,filip_kolar2205,Filip Kolar,2024-03-28T18:11:00.0000000Z
u0002206,bruno_babic2206,Bruno Babic,2025-04-04T05:09:00.0000000Z
u0002207,ema_pavlovic2207,Ema Pavlovic,2025-02-11T11:10:00.0000000Z
u0002208,toni_kovacevic2208,Toni Kovacevic,2024-08-29T06:50:00.0000000Z
u0002209,marko_matic2209,Marko Matic,2024-11-27T23:18:00.0000000Z
u0002210,ana_novak2210,Ana Novak,2024-08-31T11:50:00.0000000Z
u0002211,leon_novak2211,Leon Novak,2025-11-26T08:53:00.0000000Z
u0002212,nika_kovacevic2212,Nika Kovacevic,2025-04-04T17:19:00.0000000Z
u0002213,karlo_matic2213,Karlo Matic,2024-10-31T02:05:00.0000000Z
u0002214,karlo_barisic2214,Karlo Barisic,2024-02-25T14:33:00.0000000Z
u0002215,bruno_horvat2215,Bruno Horvat,2025-01-25T03:12:00.0000000Z
u0002216,ema_sever2216,Ema Sever,2024-08-05T17:09:00.0000000Z
u0002217,ana_kovac2217,Ana Kovac,2024-11-22T19:33:00.0000000Z
u0002218,karlo_kovacevic2218,Karlo Kovacevic,2024-02-23T17:28:00.0000000Z
u0002219,toni_vidovic2219,Toni Vidovic,2025-10-01T09:41:00.0000000Z
u0002220,filip_vidovic2220,Filip Vidovic,2025-01-18T12:00:00.0000000Z
u0002221,lana_barisic2221,Lana Barisic,2025-08-24T07:53:00.0000000Z
u0002222,iva_babic2222,Iva Babic,2024-01-24T15:17:00.0000000Z
u0002223,luka_zoric2223,Luka Zoric,2024-10-20T11:31:00.0000000Z
u0002224,lana_curic2224,Lana Curic,2025-05-12T15:40:00.0000000Z
u0002225,luka_knezevic2225,Luka Knezevic,2025-07-08T05:55:00.0000000Z
u0002226,lana_curic2226,Lana Curic,2024-08-24T06:43:00.0000000Z
u0002227,iva_barisic2227,Iva Barisic,2024-11-30T07:29:00.0000000Z
u0002228,petra_horvat2228,Petra Horvat,2024-04-01T04:01:00.0000000Z
u0002229,ines_kovac2229,Ines Kovac,2025-11-08T06:08:00.0000000Z
u0002230,ines_curic2230,Ines Curic,2025-01-10T13:35:00.0000000Z
u0002231,iva_matic2231,Iva Matic,2025-03-30T03:58:00.0000000Z
u0002232,ines_vukovic2232,Ines Vukovic,2024-01-25T05:51:00.0000000Z
u0002233,ema_curic2233,Ema Curic,2025-10-16T15:32:00.0000000Z
u0002234,dario_horvat2234,Dario Horvat,2024-06-29T16:18:00.0000000Z
u0002235,ines_radic2235,Ines Radic,2024-04-25T22:07:00.0000000Z
u0002236,iva_pavlovic2236,Iva Pavlovic,2025-10-09T04:30:00.0000000Z
u0002237,filip_babic2237,Filip Babic,2025-10-03T16:45:00.0000000Z
u0002238,nika_radic2238,Nika Radic,2025-12-05T02:38:00.0000000Z
u0002239,ivan_kovacevic2239,Ivan Kovacevic,2025-09-09T01:51:00.0000000Z
u0002240,sara_barisic2240,Sara Barisic,2024-02-06T13:09:00.0000000Z
u0002241,marko_kovacevic2241,Marko Kovacevic,2025-08-14T23:04:00.0000000Z
u0002242,ines_kolar2242,Ines Kolar,2024-11-20T22:54:00.0000000Z
u0002243,ivan_kovacevic2243,Ivan Kovacevic,2024-02-16T08:32:00.0000000Z
u0002244,bruno_novak2244,Bruno Novak,2025-12-28T10:01:00.0000000Z
u0002245,josip_juric2245,Josip Juric,2025-08-30T00:12:00.0000000Z
u0002246,luka_juric2246,Luka Juric,2024-12-16T10:42:00.0000000Z
u0002247,dora_babic2247,Dora Babic,2024-11-02T23:20:00.0000000Z
u0002248,ana_simic2248,Ana Simic,2025-08-09T12:45:00.0000000Z
u0002249,toni_novak2249,Toni Novak,2025-11-14T01:03:00.0000000Z
u0002250,sara_vidovic2250,Sara Vidovic,2024-01-27T06:31:00.0000000Z
u0002251,petra_simic2251,Petra Simic,2024-02-03T22:36:00.0000000Z
u0002252,karlo_vukovic2252,Karlo Vukovic,2025-05-14T06:11:00.0000000Z
u0002253,josip_horvat2253,Josip Horvat,2025-07-30T05:13:00.0000000Z
u0002254,bruno_kolar2254,Bruno Kolar,2024-08-18T10:58:00.0000000Z
u0002255,karlo_simic2255,Karlo Simic,2025-10-24T03:10:00.0000000Z
u0002256,ines_babic2256,Ines Babic,2024-06-27T22:40:00.0000000Z
u0002257,marko_barisic2257,Marko Barisic,2024-02-14T12:57:00.0000000Z
u0002258,mia_kolar2258,Mia Kolar,2025-07-12T13:12:00.0000000Z
u0002259,toni_kovac2259,Toni Kovac,2025-07-26T13:29:00.0000000Z
u0002260,ana_juric2260,Ana Juric,2025-01-25T12:32:00.0000000Z
u0002261,dario_knezevic2261,Dario Knezevic,2024-12-29T03:27:00.0000000Z
u0002262,ana_radic2262,Ana Radic,2025-05-08T11:08:00.0000000Z
u0002263,leon_simic2263,Leon Simic,2025-10-16T12:58:00.0000000Z
u0002264,marko_zoric2264,Marko Zoric,2024-07-02T16:47:00.0000000Z
u0002265,sara_juric2265,Sara Juric,2024-10-28T20:11:00.0000000Z
u0002266,marko_novak2266,Marko Novak,2025-12-13T16:20:00.0000000Z
u0002267,ines_zoric2267,Ines Zoric,2024-02-25T16:53:00.0000000Z
u0002268,sara_radic2268,Sara Radic,2025-12-06T20:10:00.0000000Z
u0002269,dora_vidovic2269,Dora Vidovic,2025-08-22T04:51:00.0000000Z
u0002270,ema_novak2270,Ema Novak,2024-08-31T19:15:00.0000000Z
u0002271,ines_knezevic2271,Ines Knezevic,2025-07-06T06:36:00.0000000Z
u0002272,ema_novak2272,Ema Novak,2024-08-10T05:51:00.0000000Z
u0002273,karlo_zoric2273,Karlo Zoric,2024-02-06T15:25:00.0000000Z
u0002274,luka_curic2274,Luka Curic,2025-02-01T22:57:00.0000000Z
u0002275,filip_sever2275,Filip Sever,2024-03-01T15:25:00.0000000Z
u0002276,karlo_perkovic2276,Karlo Perkovic,2024-12-16T15:16:00.0000000Z
u0002277,mia_radic2277,Mia Radic,2025-09-09T01:49:00.0000000Z
u0002278,karlo_babic2278,Karlo Babic,2024-12-30T11:01:00.0000000Z
u0002279,lana_vidovic2279,Lana Vidovic,2025-10-02T11:26:00.0000000Z
u0002280,dario_kovac2280,Dario Kovac,2025-06-06T07:13:00.0000000Z
u0002281,ines_perkovic2281,Ines Perkovic,2024-09-22T00:15:00.0000000Z
u0002282,nika_novak2282,Nika Novak,2024-09-08T15:01:00.0000000Z
u0002283,lana_knezevic2283,Lana Knezevic,2024-02-05T05:17:00.0000000Z
u0002284,marko_juric2284,Marko Juric,2024-11-04T11:44:00.0000000Z
u0002285,leon_perkovic2285,Leon Perkovic,2025-08-21T18:45:00.0000000Z
u0002286,dario_kovacevic2286,Dario Kovacevic,2025-01-28T14:29:00.0000000Z
u0002287,ines_maric2287,Ines Maric,2024-04-18T03:10:00.0000000Z
u0002288,filip_curic2288,Filip Curic,2025-05-20T11:05:00.0000000Z
u0002289,lana_kovac2289,Lana Kovac,2024-08-20T06:10:00.0000000Z
u0002290,ema_zoric2290,Ema Zoric,2024-10-08T05:55:00.0000000Z
u0002291,josip_juric2291,Josip Juric,2025-06-26T09:29:00.0000000Z
u0002292,filip_vukovic2292,Filip Vukovic,2024-07-11T17:19:00.0000000Z
u0002293,petra_zoric2293,Petra Zoric,2025-06-22T07:04:00.0000000Z
u0002294,bruno_kovacevic2294,Bruno Kovacevic,2024-06-22T20:52:00.0000000Z
u0002295,josip_novak2295,Josip Novak,2024-06-22T20:36:00.0000000Z
u0002296,josip_barisic2296,Josip Barisic,2024-11-21T07:11:00.0000000Z
u0002297,sara_curic2297,Sara Curic,2024-12-14T02:46:00.0000000Z
u0002298,filip_pavlovic2298,Filip Pavlovic,2025-10-09T11:04:00.0000000Z
u0002299,nika_radic2299,Nika Radic,2025-06-23T09:37:00.0000000Z
u0002300,sara_kovac2300,Sara Kovac,2024-04-24T05:48:00.0000000Z
u0002301,ana_novak2301,Ana Novak,2025-04-12T15:46:00.0000000Z
u0002302,sara_perkovic2302,Sara Perkovic,2025-12-30T04:36:00.0000000Z
u0002303,sara_simic2303,Sara Simic,2024-07-30T07:48:00.0000000Z
u0002304,nika_kovacevic2304,Nika Kovacevic,2025-02-10T00:41:00.0000000Z
u0002305,karlo_babic2305,Karlo Babic,2025-09-13T11:23:00.0000000Z
u0002306,leon_curic2306,Leon Curic,2025-05-16T13:41:00.0000000Z
u0002307,lana_kovac2307,Lana Kovac,2024-06-01T23:17:00.0000000Z
u0002308,ines_simic2308,Ines Simic,2025-09-25T19:19:00.0000000Z
u0002309,leon_kovac2309,Leon Kovac,2025-04-12T21:42:00.0000000Z
u0002310,ines_zoric2310,Ines Zoric,2025-09-20T17:02:00.0000000Z
u0002311,dario_radic2311,Dario Radic,2025-06-03T15:42:00.0000000Z
u0002312,nika_kolar2312,Nika Kolar,2024-02-25T19:23:00.0000000Z
u0002313,nika_zoric2313,Nika Zoric,2025-02-13T06:45:00.0000000Z
u0002314,luka_kolar2314,Luka Kolar,2024-07-31T03:32:00.0000000Z
u0002315,petra_babic2315,Petra Babic,2025-02-26T06:28:00.0000000Z
u0002316,leon_radic2316,Leon Radic,2024-12-31T22:08:00.0000000Z
u0002317,ana_perkovic2317,Ana Perkovic,2025-03-18T13:06:00.0000000Z
u0002318,ivan_novak2318,Ivan Novak,2024-01-06T20:56:00.0000000Z
u0002319,leon_maric2319,Leon Maric,2025-04-26T11:16:00.0000000Z
u0002320,iva_zoric2320,Iva Zoric,2025-03-08T22:28:00.0000000Z
u0002321,mia_vidovic2321,Mia Vidovic,2025-08-24T12:33:00.0000000Z
u0002322,josip_horvat2322,Josip Horvat,2025-09-03T09:40:00.0000000Z
u0002323,karlo_novak2323,Karlo Novak,2024-11-12T12:51:00.0000000Z
u0002324,iva_kovacevic2324,Iva Kovacevic,2024-04-11T16:58:00.0000000Z
u0002325,marko_novak2325,Marko Novak,2024-08-23T15:30:00.0000000Z
u0002326,leon_kolar2326,Leon Kolar,2024-11-28T12:30:00.0000000Z
u0002327,ema_sever2327,Ema Sever,2025-02-07T07:53:00.0000000Z
u0002328,marko_vidovic2328,Marko Vidovic,2024-03-21T06:23:00.0000000Z
u0002329,ema_matic2329,Ema Matic,2024-08-03T10:53:00.0000000Z
u0002330,bruno_pavlovic2330,Bruno Pavlovic,2025-02-11T05:38:00.0000000Z
u0002331,josip_vidovic2331,Josip Vidovic,2024-01-11T14:24:00.0000000Z
u0002332,dora_barisic2332,Dora Barisic,2025-11-02T07:59:00.0000000Z
u0002333,lana_kolar2333,Lana Kolar,2024-03-07T21:04:00.0000000Z
u0002334,bruno_kovac2334,Bruno Kovac,2024-08-18T07:25:00.0000000Z
u0002335,ivan_juric2335,Ivan Juric,2024-09-08T20:33:00.0000000Z
u0002336,lana_curic2336,Lana Curic,2024-01-02T00:10:00.0000000Z
u0002337,sara_horvat2337,Sara Horvat,2024-11-15T10:17:00.0000000Z
u0002338,luka_matic2338,Luka Matic,2025-07-13T19:07:00.0000000Z
u0002339,ana_novak2339,Ana Novak,2024-01-03T05:06:00.0000000Z
u0002340,bruno_maric2340,Bruno Maric,2025-02-11T05:57:00.0000000Z
u0002341,dario_babic2341,Dario Babic,2025-03-04T11:22:00.0000000Z
u0002342,ines_vukovic2342,Ines Vukovic,2024-12-21T16:32:00.0000000Z
u0002343,marko_maric2343,Marko Maric,2024-08-31T13:23:00.0000000Z
u0002344,josip_matic2344,Josip Matic,2025-12-22T14:58:00.0000000Z
u0002345,mia_radic2345,Mia Radic,2025-10-27T07:59:00.0000000Z
u0002346,luka_kovac2346,Luka Kovac,2025-02-12T15:04:00.0000000Z
u0002347,iva_zoric2347,Iva Zoric,2025-02-03T22:47:00.0000000Z
u0002348,ema_horvat2348,Ema Horvat,2025-03-18T07:59:00.0000000Z
u0002349,marko_novak2349,Marko Novak,2024-09-07T01:02:00.0000000Z
u0002350,luka_curic2350,Luka Curic,2025-04-29T01:46:00.0000000Z
u0002351,leon_zoric2351,Leon Zoric,2025-02-08T21:48:00.0000000Z
u0002352,dario_maric2352,Dario Maric,2025-11-14T02:51:00.0000000Z
u0002353,bruno_maric2353,Bruno Maric,2025-10-20T23:45:00.0000000Z
u0002354,ines_kovacevic2354,Ines Kovacevic,2025-07-13T14:20:00.0000000Z
u0002355,sara_juric2355,Sara Juric,2025-02-24T05:59:00.0000000Z
u0002356,josip_vidovic2356,Josip Vidovic,2025-11-12T15:34:00.0000000Z
u0002357,ines_vidovic2357,Ines Vidovic,2024-04-16T17:01:00.0000000Z
u0002358,josip_curic2358,Josip Curic,2024-10-08T02:59:00.0000000Z
u0002359,ana_novak2359,Ana Novak,2024-03-30T00:53:00.0000000Z
u0002360,dora_zoric2360,Dora Zoric,2024-04-15T22:33:00.0000000Z
u0002361,marko_barisic2361,Marko Barisic,2024-06-18T04:56:00.0000000Z
u0002362,sara_matic2362,Sara Matic,2025-05-25T19:57:00.0000000Z
u0002363,josip_vidovic2363,Josip Vidovic,2024-09-12T18:02:00.0000000Z
u0002364,dora_radic2364,Dora Radic,2025-10-04T12:14:00.0000000Z
u0002365,sara_curic2365,Sara Curic,2024-11-21T14:14:00.0000000Z
u0002366,iva_pavlovic2366,Iva Pavlovic,2025-06-21T15:25:00.0000000Z
u0002367,ana_perkovic2367,Ana Perkovic,2024-09-29T01:59:00.0000000Z
u0002368,josip_vukovic2368,Josip Vukovic,2024-03-31T03:36:00.0000000Z
u0002369,dario_matic2369,Dario Matic,2025-08-09T12:28:00.0000000Z
u0002370,petra_radic2370,Petra Radic,2025-11-24T09:54:00.0000000Z
u0002371,karlo_kolar2371,Karlo Kolar,2024-11-14T14:10:00.0000000Z
u0002372,iva_kolar2372,Iva Kolar,2024-12-05T10:17:00.0000000Z
u0002373,dario_sever2373,Dario Sever,2025-08-03T17:17:00.0000000Z
u0002374,ines_horvat2374,Ines Horvat,2024-01-08T07:03:00.0000000Z
u0002375,nika_barisic2375,Nika Barisic,2024-08-03T09:40:00.0000000Z
u0002376,ema_zoric2376,Ema Zoric,2024-01-31T14:31:00.0000000Z
u0002377,leon_novak2377,Leon Novak,2025-03-30T12:09:00.0000000Z
u0002378,mia_sever2378,Mia Sever,2024-03-02T11:51:00.0000000Z
u0002379,iva_kolar2379,Iva Kolar,2024-12-19T23:07:00.0000000Z
u0002380,marko_maric2380,Marko Maric,2024-01-10T15:46:00.0000000Z
u0002381,ines_juric2381,Ines Juric,2024-08-11T16:18:00.0000000Z
u0002382,josip_maric2382,Josip Maric,2025-07-09T11:45:00.0000000Z
u0002383,josip_barisic2383,Josip Barisic,2024-05-21T17:17:00.0000000Z
u0002384,dora_novak2384,Dora Novak,2025-04-04T00:46:00.0000000Z
u0002385,leon_maric2385,Leon Maric,2025-04-23T21:51:00.0000000Z
u0002386,mia_vidovic2386,Mia Vidovic,2025-01-09T02:09:00.0000000Z
u0002387,karlo_juric2387,Karlo Juric,2025-05-16T14:08:00.0000000Z
u0002388,iva_novak2388,Iva Novak,2024-08-03T09:17:00.0000000Z
u0002389,filip_knezevic2389,Filip Knezevic,2025-08-04T15:17:00.0000000Z
u0002390,mia_sever2390,Mia Sever,2025-12-14T06:28:00.0000000Z
u0002391,dora_knezevic2391,Dora Knezevic,2025-09-07T20:17:00.0000000Z
u0002392,iva_sever2392,Iva Sever,2025-07-02T03:50:00.0000000Z
u0002393,bruno_maric2393,Bruno Maric,2025-06-08T02:48:00.0000000Z
u0002394,dario_vidovic2394,Dario Vidovic,2025-10-09T08:35:00.0000000Z
u0002395,karlo_sever2395,Karlo Sever,2025-12-17T23:38:00.0000000Z
u0002396,dora_knezevic2396,Dora Knezevic,2025-08-04T09:25:00.0000000Z
u0002397,josip_knezevic2397,Josip Knezevic,2025-10-26T18:05:00.0000000Z
u0002398,dora_juric2398,Dora Juric,2025-10-20T22:52:00.0000000Z
u0002399,filip_babic2399,Filip Babic,2024-01-25T16:15:00.0000000Z
u0002400,ana_kovac2400,Ana Kovac,2025-06-19T10:42:00.0000000Z
u0002401,dora_kovac2401,Dora Kovac,2025-10-29T09:30:00.0000000Z
u0002402,luka_horvat2402,Luka Horvat,2025-08-21T14:58:00.0000000Z
u0002403,iva_maric2403,Iva Maric,2024-05-07T13:23:00.0000000Z
u0002404,leon_perkovic2404,Leon Perkovic,2025-04-13T22:31:00.0000000Z
u0002405,iva_juric2405,Iva Juric,2024-11-08T21:15:00.0000000Z
u0002406,karlo_curic2406,Karlo Curic,2024-07-17T21:16:00.0000000Z
u0002407,filip_kovacevic2407,Filip Kovacevic,2025-12-19T05:08:00.0000000Z
u0002408,ana_curic2408,Ana Curic,2025-02-24T02:59:00.0000000Z
u0002409,ivan_horvat2409,Ivan Horvat,2024-04-17T00:41:00.0000000Z
u0002410,leon_matic2410,Leon Matic,2025-09-08T17:03:00.0000000Z
u0002411,bruno_perkovic2411,Bruno Perkovic,2024-03-21T03:02:00.0000000Z
u0002412,dora_simic2412,Dora Simic,2025-06-17T10:59:00.0000000Z
u0002413,dora_pavlovic2413,Dora Pavlovic,2025-11-29T16:00:00.0000000Z
u0002414,petra_novak2414,Petra Novak,2024-07-27T14:43:00.0000000Z
u0002415,toni_radic2415,Toni Radic,2025-07-01T21:26:00.0000000Z
u0002416,ema_maric2416,Ema Maric,2025-12-20T11:22:00.0000000Z
u0002417,lana_radic2417,Lana Radic,2024-06-10T08:47:00.0000000Z
u0002418,iva_perkovic2418,Iva Perkovic,2025-06-23T23:59:00.0000000Z
u0002419,bruno_sever2419,Bruno Sever,2024-05-02T07:23:00.0000000Z
u0002420,filip_maric2420,Filip Maric,2025-12-26T02:35:00.0000000Z
u0002421,sara_vidovic2421,Sara Vidovic,2025-05-27T20:43:00.0000000Z
u0002422,filip_maric2422,Filip Maric,2025-12-06T20:28:00.0000000Z
u0002423,dario_vidovic2423,Dario Vidovic,2025-06-12T18:33:00.0000000Z
u0002424,sara_vidovic2424,Sara Vidovic,2024-07-25T14:19:00.0000000Z
u0002425,filip_maric2425,Filip Maric,2024-04-01T03:26:00.0000000Z
u0002426,sara_vukovic2426,Sara Vukovic,2024-10-19T16:20:00.0000000Z
u0002427,karlo_zoric2427,Karlo Zoric,2025-08-28T16:33:00.0000000Z
u0002428,petra_matic2428,Petra Matic,2025-11-10T03:49:00.0000000Z
u0002429,toni_sever2429,Toni Sever,2025-12-26T10:20:00.0000000Z
u0002430,mia_novak2430,Mia Novak,2025-03-18T10:50:00.0000000Z
u0002431,nika_pavlovic2431,Nika Pavlovic,2024-12-16T11:58:00.0000000Z
u0002432,dora_matic2432,Dora Matic,2024-09-22T23:51:00.0000000Z
u0002433,nika_juric2433,Nika Juric,2024-09-01T13:33:00.0000000Z
u0002434,iva_kolar2434,Iva Kolar,2024-09-25T14:23:00.0000000Z
u0002435,ema_zoric2435,Ema Zoric,2025-05-24T13:36:00.0000000Z
u0002436,leon_knezevic2436,Leon Knezevic,2025-02-03T20:23:00.0000000Z
u0002437,toni_kovac2437,Toni Kovac,2025-03-03T04:47:00.0000000Z
u0002438,iva_radic2438,Iva Radic,2024-09-14T05:37:00.0000000Z
u0002439,petra_radic2439,Petra Radic,2024-10-02T11:15:00.0000000Z
u0002440,iva_kolar2440,Iva Kolar,2024-06-18T13:49:00.0000000Z
u0002441,dora_maric2441,Dora Maric,2025-02-23T20:43:00.0000000Z
u0002442,marko_babic2442,Marko Babic,2024-05-21T13:53:00.0000000Z
u0002443,karlo_vukovic2443,Karlo Vukovic,2025-04-28T06:37:00.0000000Z
u0002444,iva_babic2444,Iva Babic,2024-03-04T10:06:00.0000000Z
u0002445,ivan_horvat2445,Ivan Horvat,2024-02-15T16:43:00.0000000Z
u0002446,lana_barisic2446,Lana Barisic,2025-05-19T04:27:00.0000000Z
u0002447,luka_perkovic2447,Luka Perkovic,2025-01-07T02:52:00.0000000Z
u0002448,josip_zoric2448,Josip Zoric,2024-05-13T19:21:00.0000000Z
u0002449,ana_zoric2449,Ana Zoric,2024-03-28T15:36:00.0000000Z
u0002450,marko_vidovic2450,Marko Vidovic,2025-12-13T17:23:00.0000000Z
u0002451,dora_vidovic2451,Dora Vidovic,2025-03-03T11:39:00.0000000Z
u0002452,marko_vidovic2452,Marko Vidovic,2025-02-22T07:39:00.0000000Z
u0002453,iva_babic2453,Iva Babic,2025-04-13T08:38:00.0000000Z
u0002454,dario_babic2454,Dario Babic,2024-03-09T21:52:00.0000000Z
u0002455,ines_barisic2455,Ines Barisic,2025-11-14T18:45:00.0000000Z
u0002456,lana_kolar2456,Lana Kolar,2024-12-10T20:22:00.0000000Z
u0002457,ema_kolar2457,Ema Kolar,2025-03-23T04:28:00.0000000Z
u0002458,sara_radic2458,Sara Radic,2024-01-15T22:15:00.0000000Z
u0002459,bruno_radic2459,Bruno Radic,2024-10-24T09:56:00.0000000Z
u0002460,mia_kovac2460,Mia Kovac,2024-09-03T18:09:00.0000000Z
u0002461,ivan_perkovic2461,Ivan Perkovic,2025-02-06T12:27:00.0000000Z
u0002462,sara_zoric2462,Sara Zoric,2024-08-09T19:18:00.0000000Z
u0002463,dario_sever2463,Dario Sever,2024-06-17T13:46:00.0000000Z
u0002464,lana_perkovic2464,Lana Perkovic,2025-07-06T11:23:00.0000000Z
u0002465,ana_kolar2465,Ana Kolar,2025-02-05T21:42:00.0000000Z
u0002466,josip_simic2466,Josip Simic,2025-10-19T13:31:00.0000000Z
u0002467,luka_radic2467,Luka Radic,2024-03-11T00:15:00.0000000Z
u0002468,toni_vidovic2468,Toni Vidovic,2024-03-12T19:29:00.0000000Z
u0002469,mia_kovacevic2469,Mia Kovacevic,2024-07-16T22:24:00.0000000Z
u0002470,nika_vukovic2470,Nika Vukovic,2024-07-25T18:37:00.0000000Z
u0002471,petra_knezevic2471,Petra Knezevic,2024-02-03T07:27:00.0000000Z
u0002472,filip_knezevic2472,Filip Knezevic,2024-12-01T20:06:00.0000000Z
u0002473,dario_novak2473,Dario Novak,2024-02-29T02:00:00.0000000Z
u0002474,toni_sever2474,Toni Sever,2025-06-22T09:12:00.0000000Z
u0002475,luka_vidovic2475,Luka Vidovic,2024-01-24T23:22:00.0000000Z
u0002476,ines_pavlovic2476,Ines Pavlovic,2025-08-15T12:12:00.0000000Z
u0002477,lana_kovacevic2477,Lana Kovacevic,2025-12-06T19:59:00.0000000Z
u0002478,dario_babic2478,Dario Babic,2025-02-23T14:15:00.0000000Z
u0002479,luka_knezevic2479,Luka Knezevic,2025-09-03T02:32:00.0000000Z
u0002480,lana_kovacevic2480,Lana Kovacevic,2024-12-11T09:09:00.0000000Z
u0002481,ana_curic2481,Ana Curic,2025-03-01T14:16:00.0000000Z
u0002482,leon_kovacevic2482,Leon Kovacevic,2024-07-14T16:12:00.0000000Z
u0002483,bruno_kolar2483,Bruno Kolar,2024-08-05T13:02:00.0000000Z
u0002484,ivan_barisic2484,Ivan Barisic,2024-09-19T23:38:00.0000000Z
u0002485,karlo_pavlovic2485,Karlo Pavlovic,2025-01-18T15:09:00.0000000Z
u0002486,mia_knezevic2486,Mia Knezevic,2024-01-28T13:38:00.0000000Z
u0002487,ivan_radic2487,Ivan Radic,2025-04-28T18:49:00.0000000Z
u0002488,lana_kovac2488,Lana Kovac,2024-02-23T06:50:00.0000000Z
u0002489,filip_perkovic2489,Filip Perkovic,2024-07-05T15:32:00.0000000Z
u0002490,lana_kovac2490,Lana Kovac,2024-01-03T22:22:00.0000000Z
u0002491,toni_kovac2491,Toni Kovac,2025-10-03T00:14:00.0000000Z
u0002492,toni_pavlovic2492,Toni Pavlovic,2024-02-14T11:09:00.0000000Z
u0002493,petra_juric2493,Petra Juric,2024-12-13T16:28:00.0000000Z
u0002494,iva_babic2494,Iva Babic,2025-10-13T05:38:00.0000000Z
u0002495,dario_vukovic2495,Dario Vukovic,2024-11-13T10:22:00.0000000Z
u0002496,toni_perkovic2496,Toni Perkovic,2025-01-22T23:36:00.0000000Z
u0002497,ana_barisic2497,Ana Barisic,2024-01-15T14:25:00.0000000Z
u0002498,iva_vukovic2498,Iva Vukovic,2025-08-17T04:27:00.0000000Z
u0002499,karlo_simic2499,Karlo Simic,2025-09-05T20:12:00.0000000Z
u0002500,dario_pavlovic2500,Dario Pavlovic,2025-04-30T10:02:00.0000000Z
u0002501,ana_novak2501,Ana Novak,2025-05-14T08:45:00.0000000Z
u0002502,ema_matic2502,Ema Matic,2025-07-25T03:08:00.0000000Z
u0002503,lana_novak2503,Lana Novak,2024-01-10T22:35:00.0000000Z
u0002504,lana_novak2504,Lana Novak,2024-03-23T01:11:00.0000000Z
u0002505,nika_kovacevic2505,Nika Kovacevic,2024-09-22T06:41:00.0000000Z
u0002506,iva_curic2506,Iva Curic,2025-06-06T13:53:00.0000000Z
u0002507,toni_kolar2507,Toni Kolar,2025-12-10T16:25:00.0000000Z
u0002508,bruno_knezevic2508,Bruno Knezevic,2024-05-09T17:44:00.0000000Z
u0002509,dora_vidovic2509,Dora Vidovic,2025-05-27T19:35:00.0000000Z
u0002510,ivan_zoric2510,Ivan Zoric,2024-01-20T15:52:00.0000000Z
u0002511,luka_pavlovic2511,Luka Pavlovic,2025-04-28T14:54:00.0000000Z
u0002512,karlo_zoric2512,Karlo Zoric,2025-10-22T02:23:00.0000000Z
u0002513,luka_novak2513,Luka Novak,2025-10-27T14:55:00.0000000Z
u0002514,sara_babic2514,Sara Babic,2024-12-12T14:13:00.0000000Z
u0002515,dario_simic2515,Dario Simic,2025-05-11T06:42:00.0000000Z
u0002516,leon_novak2516,Leon Novak,2024-03-04T07:54:00.0000000Z
u0002517,lana_horvat2517,Lana Horvat,2025-04-02T23:40:00.0000000Z
u0002518,marko_barisic2518,Marko Barisic,2025-11-03T18:15:00.0000000Z
u0002519,sara_juric2519,Sara Juric,2025-08-20T16:40:00.0000000Z
u0002520,dario_kovacevic2520,Dario Kovacevic,2025-04-15T03:21:00.0000000Z
u0002521,ivan_knezevic2521,Ivan Knezevic,2024-10-29T16:09:00.0000000Z
u0002522,dora_novak2522,Dora Novak,2025-02-12T08:38:00.0000000Z
u0002523,josip_zoric2523,Josip Zoric,2025-02-04T06:25:00.0000000Z
u0002524,lana_simic2524,Lana Simic,2025-06-14T02:30:00.0000000Z
u0002525,karlo_sever2525,Karlo Sever,2025-03-03T05:17:00.0000000Z
u0002526,lana_novak2526,Lana Novak,2025-09-02T22:58:00.0000000Z
u0002527,lana_kovac2527,Lana Kovac,2025-03-03T12:55:00.0000000Z
u0002528,toni_pavlovic2528,Toni Pavlovic,2025-07-07T01:21:00.0000000Z
u0002529,mia_kovac2529,Mia Kovac,2025-07-18T00:30:00.0000000Z
u0002530,bruno_babic2530,Bruno Babic,2024-12-04T21:47:00.0000000Z
u0002531,ivan_kolar2531,Ivan Kolar,2025-10-26T01:48:00.0000000Z
u0002532,ema_simic2532,Ema Simic,2025-05-30T17:21:00.0000000Z
u0002533,ivan_radic2533,Ivan Radic,2024-09-05T06:04:00.0000000Z
u0002534,marko_matic2534,Marko Matic,2024-12-22T01:00:00.0000000Z
u0002535,dario_sever2535,Dario Sever,2024-12-14T08:51:00.0000000Z
u0002536,leon_kovacevic2536,Leon Kovacevic,2025-10-08T21:44:00.0000000Z
u0002537,filip_maric2537,Filip Maric,2024-02-29T17:47:00.0000000Z
u0002538,dora_horvat2538,Dora Horvat,2024-06-19T11:59:00.0000000Z
u0002539,ivan_matic2539,Ivan Matic,2025-08-10T05:35:00.0000000Z
u0002540,sara_simic2540,Sara Simic,2024-04-19T04:24:00.0000000Z
u0002541,iva_kolar2541,Iva Kolar,2025-04-06T01:54:00.0000000Z
u0002542,ivan_vukovic2542,Ivan Vukovic,2025-09-20T10:25:00.0000000Z
u0002543,karlo_radic2543,Karlo Radic,2024-10-28T13:32:00.0000000Z
u0002544,ines_knezevic2544,Ines Knezevic,2025-05-07T20:38:00.0000000Z
u0002545,lana_vukovic2545,Lana Vukovic,2025-03-27T15:46:00.0000000Z
u0002546,ivan_kovac2546,Ivan Kovac,2025-03-30T04:33:00.0000000Z
u0002547,ema_matic2547,Ema Matic,2025-07-19T01:17:00.0000000Z
u0002548,ines_knezevic2548,Ines Knezevic,2025-11-04T21:23:00.0000000Z
u0002549,mia_babic2549,Mia Babic,2025-05-21T01:52:00.0000000Z
u0002550,sara_novak2550,Sara Novak,2024-03-20T03:50:00.0000000Z
u0002551,leon_knezevic2551,Leon Knezevic,2025-11-20T03:46:00.0000000Z
u0002552,petra_kovacevic2552,Petra Kovacevic,2025-06-30T13:16:00.0000000Z
u0002553,ines_matic2553,Ines Matic,2025-03-26T22:51:00.0000000Z
u0002554,toni_kovac2554,Toni Kovac,2025-07-26T19:55:00.0000000Z
u0002555,lana_matic2555,Lana Matic,2025-07-07T11:16:00.0000000Z
u0002556,josip_matic2556,Josip Matic,2025-04-05T15:03:00.0000000Z
u0002557,toni_sever2557,Toni Sever,2024-10-09T09:37:00.0000000Z
u0002558,petra_vukovic2558,Petra Vukovic,2024-03-05T19:29:00.0000000Z
u0002559,mia_curic2559,Mia Curic,2024-08-10T05:58:00.0000000Z
u0002560,bruno_kolar2560,Bruno Kolar,2024-07-16T02:35:00.0000000Z
u0002561,petra_babic2561,Petra Babic,2024-08-26T14:17:00.0000000Z
u0002562,filip_sever2562,Filip Sever,2024-01-25T20:52:00.0000000Z
u0002563,bruno_kovacevic2563,Bruno Kovacevic,2024-02-01T22:58:00.0000000Z
u0002564,ines_novak2564,Ines Novak,2025-03-30T17:23:00.0000000Z
u0002565,ana_perkovic2565,Ana Perkovic,2024-10-28T22:33:00.0000000Z
u0002566,dora_knezevic2566,Dora Knezevic,2025-11-22T06:38:00.0000000Z
u0002567,petra_sever2567,Petra Sever,2025-03-27T15:12:00.0000000Z
u0002568,ivan_kovac2568,Ivan Kovac,2024-06-30T18:36:00.0000000Z
u0002569,bruno_kolar2569,Bruno Kolar,2024-01-20T08:59:00.0000000Z
u0002570,ines_vidovic2570,Ines Vidovic,2024-11-12T08:37:00.0000000Z
u0002571,josip_babic2571,Josip Babic,2025-07-03T12:12:00.0000000Z
u0002572,filip_knezevic2572,Filip Knezevic,2025-11-20T09:36:00.0000000Z
u0002573,lana_maric2573,Lana Maric,2024-12-17T00:51:00.0000000Z
u0002574,bruno_perkovic2574,Bruno Perkovic,2024-05-10T09:33:00.0000000Z
u0002575,nika_kolar2575,Nika Kolar,2025-06-08T13:40:00.0000000Z
u0002576,iva_maric2576,Iva Maric,2025-06-04T04:12:00.0000000Z
u0002577,sara_vukovic2577,Sara Vukovic,2024-12-21T10:45:00.0000000Z
u0002578,mia_radic2578,Mia Radic,2025-06-13T21:45:00.0000000Z
u0002579,sara_babic2579,Sara Babic,2024-02-27T17:15:00.0000000Z
u0002580,ivan_simic2580,Ivan Simic,2024-07-06T13:25:00.0000000Z
u0002581,ana_barisic2581,Ana Barisic,2024-12-24T16:40:00.0000000Z
u0002582,toni_knezevic2582,Toni Knezevic,2024-03-09T18:15:00.0000000Z
u0002583,ines_perkovic2583,Ines Perkovic,2024-06-06T04:12:00.0000000Z
u0002584,lana_radic2584,Lana Radic,2024-06-27T20:05:00.0000000Z
u0002585,lana_knezevic2585,Lana Knezevic,2024-08-07T02:36:00.0000000Z
u0002586,josip_matic2586,Josip Matic,2024-08-18T23:54:00.0000000Z
u0002587,dario_sever2587,Dario Sever,2025-01-30T15:25:00.0000000Z
u0002588,filip_maric2588,Filip Maric,2024-11-09T00:49:00.0000000Z
u0002589,leon_kovac2589,Leon Kovac,2025-03-17T00:10:00.0000000Z
u0002590,ana_perkovic2590,Ana Perkovic,2024-09-07T16:07:00.0000000Z
u0002591,ines_vukovic2591,Ines Vukovic,2025-03-03T07:01:00.0000000Z
u0002592,luka_kolar2592,Luka Kolar,2025-08-06T19:39:00.0000000Z
u0002593,sara_sever2593,Sara Sever,2024-08-20T22:30:00.0000000Z
u0002594,toni_barisic2594,Toni Barisic,2025-01-15T09:51:00.0000000Z
u0002595,lana_novak2595,Lana Novak,2025-09-15T21:59:00.0000000Z
u0002596,luka_barisic2596,Luka Barisic,2024-03-15T22:41:00.0000000Z
u0002597,josip_novak2597,Josip Novak,2025-04-05T03:00:00.0000000Z
u0002598,iva_radic2598,Iva Radic,2025-04-01T13:27:00.0000000Z
u0002599,bruno_perkovic2599,Bruno Perkovic,2025-05-22T21:16:00.0000000Z
u0002600,ivan_perkovic2600,Ivan Perkovic,2024-09-04T11:13:00.0000000Z
u0002601,lana_vidovic2601,Lana Vidovic,2025-12-02T00:33:00.0000000Z
u0002602,ines_pavlovic2602,Ines Pavlovic,2024-04-20T13:48:00.0000000Z
u0002603,sara_novak2603,Sara Novak,2025-06-12T17:11:00.0000000Z
u0002604,dario_zoric2604,Dario Zoric,2024-12-29T17:01:00.0000000Z
u0002605,dora_curic2605,Dora Curic,2024-02-16T14:57:00.0000000Z
u0002606,ana_vidovic2606,Ana Vidovic,2025-12-12T03:20:00.0000000Z
u0002607,nika_kolar2607,Nika Kolar,2024-05-22T14:26:00.0000000Z
u0002608,dario_pavlovic2608,Dario Pavlovic,2024-12-20T03:10:00.0000000Z
u0002609,bruno_babic2609,Bruno Babic,2025-08-30T19:11:00.0000000Z
u0002610,dora_radic2610,Dora Radic,2024-01-17T19:24:00.0000000Z
u0002611,marko_pavlovic2611,Marko Pavlovic,2024-08-16T09:13:00.0000000Z
u0002612,dora_babic2612,Dora Babic,2024-02-06T20:19:00.0000000Z
u0002613,nika_pavlovic2613,Nika Pavlovic,2025-03-15T11:23:00.0000000Z
u0002614,bruno_simic2614,Bruno Simic,2025-04-18T23:10:00.0000000Z
u0002615,mia_curic2615,Mia Curic,2024-11-30T16:57:00.0000000Z
u0002616,marko_zoric2616,Marko Zoric,2025-04-13T05:14:00.0000000Z
u0002617,nika_perkovic2617,Nika Perkovic,2025-10-02T02:19:00.0000000Z
u0002618,bruno_matic2618,Bruno Matic,2025-12-01T09:17:00.0000000Z
u0002619,marko_sever2619,Marko Sever,2024-06-25T19:23:00.0000000Z
u0002620,lana_maric2620,Lana Maric,2024-12-31T21:37:00.0000000Z
u0002621,filip_perkovic2621,Filip Perkovic,2025-06-19T04:56:00.0000000Z
u0002622,bruno_vukovic2622,Bruno Vukovic,2024-04-03T11:42:00.0000000Z
u0002623,petra_horvat2623,Petra Horvat,2025-07-17T08:09:00.0000000Z
u0002624,ana_matic2624,Ana Matic,2024-05-19T16:50:00.0000000Z
u0002625,mia_barisic2625,Mia Barisic,2024-03-30T05:36:00.0000000Z
u0002626,dario_babic2626,Dario Babic,2025-05-08T07:08:00.0000000Z
u0002627,ana_simic2627,Ana Simic,2024-09-03T07:00:00.0000000Z
u0002628,petra_vukovic2628,Petra Vukovic,2025-08-17T20:59:00.0000000Z
u0002629,marko_vukovic2629,Marko Vukovic,2024-04-09T12:02:00.0000000Z
u0002630,mia_vidovic2630,Mia Vidovic,2024-04-16T08:45:00.0000000Z
u0002631,karlo_kovac2631,Karlo Kovac,2024-12-06T12:58:00.0000000Z
u0002632,marko_vukovic2632,Marko Vukovic,2025-10-06T06:06:00.0000000Z
u0002633,leon_perkovic2633,Leon Perkovic,2025-01-21T03:37:00.0000000Z
u0002634,filip_curic2634,Filip Curic,2025-06-30T01:52:00.0000000Z
u0002635,ines_radic2635,Ines Radic,2024-06-19T20:10:00.0000000Z
u0002636,sara_kovacevic2636,Sara Kovacevic,2025-03-26T18:21:00.0000000Z
u0002637,karlo_simic2637,Karlo Simic,2025-09-23T20:36:00.0000000Z
u0002638,nika_knezevic2638,Nika Knezevic,2025-02-25T19:49:00.0000000Z
u0002639,petra_babic2639,Petra Babic,2024-08-08T00:25:00.0000000Z
u0002640,leon_simic2640,Leon Simic,2024-01-11T04:05:00.0000000Z
u0002641,dora_vidovic2641,Dora Vidovic,2024-05-11T23:34:00.0000000Z
u0002642,toni_novak2642,Toni Novak,2024-09-30T08:20:00.0000000Z
u0002643,bruno_juric2643,Bruno Juric,2024-12-21T05:04:00.0000000Z
u0002644,luka_pavlovic2644,Luka Pavlovic,2024-11-21T12:15:00.0000000Z
u0002645,marko_perkovic2645,Marko Perkovic,2025-04-08T00:56:00.0000000Z
u0002646,nika_kovacevic2646,Nika Kovacevic,2025-09-12T15:11:00.0000000Z
u0002647,nika_matic2647,Nika Matic,2024-01-25T02:29:00.0000000Z
u0002648,dario_radic2648,Dario Radic,2024-06-23T09:00:00.0000000Z
u0002649,ema_novak2649,Ema Novak,2025-04-10T00:44:00.0000000Z
u0002650,ines_curic2650,Ines Curic,2024-07-06T08:54:00.0000000Z
u0002651,nika_sever2651,Nika Sever,2024-03-30T03:01:00.0000000Z
u0002652,dario_kovacevic2652,Dario Kovacevic,2024-03-24T18:19:00.0000000Z
u0002653,nika_novak2653,Nika Novak,2024-09-07T10:09:00.0000000Z
u0002654,ines_sever2654,Ines Sever,2024-02-26T23:47:00.0000000Z
u0002655,marko_simic2655,Marko Simic,2025-12-07T08:28:00.0000000Z
u0002656,josip_knezevic2656,Josip Knezevic,2025-07-03T06:13:00.0000000Z
u0002657,leon_simic2657,Leon Simic,2025-08-11T11:48:00.0000000Z
u0002658,lana_kovacevic2658,Lana Kovacevic,2024-03-09T21:06:00.0000000Z
u0002659,dora_matic2659,Dora Matic,2024-08-18T11:37:00.0000000Z
u0002660,leon_kovacevic2660,Leon Kovacevic,2025-12-04T05:02:00.0000000Z
u0002661,bruno_vidovic2661,Bruno Vidovic,2024-09-01T03:01:00.0000000Z
u0002662,luka_perkovic2662,Luka Perkovic,2025-04-06T10:46:00.0000000Z
u0002663,filip_pavlovic2663,Filip Pavlovic,2024-09-17T23:21:00.0000000Z
u0002664,dario_horvat2664,Dario Horvat,2024-02-26T19:09:00.0000000Z
u0002665,dario_kolar2665,Dario Kolar,2024-12-31T01:58:00.0000000Z
u0002666,dora_vukovic2666,Dora Vukovic,2025-11-01T16:03:00.0000000Z
u0002667,ema_barisic2667,Ema Barisic,2025-08-23T03:56:00.0000000Z
u0002668,ines_curic2668,Ines Curic,2024-09-21T13:40:00.0000000Z
u0002669,lana_babic2669,Lana Babic,2025-04-27T03:06:00.0000000Z
u0002670,ana_radic2670,Ana Radic,2025-09-23T23:35:00.0000000Z
u0002671,iva_pavlovic2671,Iva Pavlovic,2025-10-17T10:27:00.0000000Z
u0002672,mia_babic2672,Mia Babic,2024-03-31T18:53:00.0000000Z
u0002673,bruno_curic2673,Bruno Curic,2025-11-16T10:21:00.0000000Z
u0002674,filip_kovac2674,Filip Kovac,2025-07-29T04:43:00.0000000Z
u0002675,mia_knezevic2675,Mia Knezevic,2025-02-07T06:38:00.0000000Z
u0002676,bruno_curic2676,Bruno Curic,2025-03-25T18:12:00.0000000Z
u0002677,nika_horvat2677,Nika Horvat,2024-03-03T01:35:00.0000000Z
u0002678,mia_perkovic2678,Mia Perkovic,2024-12-20T07:26:00.0000000Z
u0002679,marko_barisic2679,Marko Barisic,2025-10-12T12:27:00.0000000Z
u0002680,dora_zoric2680,Dora Zoric,2025-01-20T21:23:00.0000000Z
u0002681,dora_juric2681,Dora Juric,2024-03-12T06:05:00.0000000Z
u0002682,lana_kolar2682,Lana Kolar,2024-10-16T15:06:00.0000000Z
u0002683,petra_babic2683,Petra Babic,2025-03-13T08:41:00.0000000Z
u0002684,mia_novak2684,Mia Novak,2024-12-21T11:18:00.0000000Z
u0002685,dora_curic2685,Dora Curic,2025-07-12T04:40:00.0000000Z
u0002686,ana_matic2686,Ana Matic,2025-01-15T09:59:00.0000000Z
u0002687,karlo_kolar2687,Karlo Kolar,2024-05-15T16:12:00.0000000Z
u0002688,ana_knezevic2688,Ana Knezevic,2025-01-05T22:59:00.0000000Z
u0002689,iva_knezevic2689,Iva Knezevic,2025-11-27T21:41:00.0000000Z
u0002690,josip_novak2690,Josip Novak,2024-07-15T15:11:00.0000000Z
u0002691,luka_zoric2691,Luka Zoric,2024-03-29T18:01:00.0000000Z
u0002692,josip_vukovic2692,Josip Vukovic,2025-08-06T19:47:00.0000000Z
u0002693,sara_curic2693,Sara Curic,2025-05-28T12:21:00.0000000Z
u0002694,petra_radic2694,Petra Radic,2025-08-19T04:19:00.0000000Z
u0002695,ana_novak2695,Ana Novak,2025-08-17T17:00:00.0000000Z
u0002696,nika_knezevic2696,Nika Knezevic,2025-06-20T11:12:00.0000000Z
u0002697,bruno_babic2697,Bruno Babic,2024-09-22T01:24:00.0000000Z
u0002698,mia_maric2698,Mia Maric,2024-02-11T18:37:00.0000000Z
u0002699,filip_curic2699,Filip Curic,2025-09-21T16:34:00.0000000Z
u0002700,nika_kolar2700,Nika Kolar,2024-08-20T12:46:00.0000000Z
u0002701,josip_zoric2701,Josip Zoric,2025-10-10T19:52:00.0000000Z
u0002702,filip_babic2702,Filip Babic,2024-11-16T22:28:00.0000000Z
u0002703,mia_simic2703,Mia Simic,2025-02-21T12:48:00.0000000Z
u0002704,dora_kovacevic2704,Dora Kovacevic,2025-03-04T04:33:00.0000000Z
u0002705,karlo_perkovic2705,Karlo Perkovic,2024-05-06T20:29:00.0000000Z
u0002706,mia_horvat2706,Mia Horvat,2024-06-05T22:42:00.0000000Z
u0002707,sara_maric2707,Sara Maric,2025-12-19T21:16:00.0000000Z
u0002708,luka_perkovic2708,Luka Perkovic,2024-04-06T02:08:00.0000000Z
u0002709,leon_barisic2709,Leon Barisic,2025-03-21T01:08:00.0000000Z
u0002710,ivan_kovac2710,Ivan Kovac,2024-11-14T15:16:00.0000000Z
u0002711,leon_babic2711,Leon Babic,2024-05-20T05:20:00.0000000Z
u0002712,mia_kolar2712,Mia Kolar,2025-07-24T02:17:00.0000000Z
u0002713,leon_perkovic2713,Leon Perkovic,2024-02-25T11:25:00.0000000Z
u0002714,mia_novak2714,Mia Novak,2025-09-10T21:07:00.0000000Z
u0002715,petra_zoric2715,Petra Zoric,2025-07-11T01:18:00.0000000Z
u0002716,iva_simic2716,Iva Simic,2025-01-05T14:48:00.0000000Z
u0002717,ines_sever2717,Ines Sever,2025-10-18T23:22:00.0000000Z
u0002718,toni_barisic2718,Toni Barisic,2025-01-20T18:01:00.0000000Z
u0002719,filip_novak2719,Filip Novak,2024-02-25T05:22:00.0000000Z
u0002720,iva_knezevic2720,Iva Knezevic,2024-07-22T20:39:00.0000000Z
u0002721,karlo_kovacevic2721,Karlo Kovacevic,2025-01-01T08:58:00.0000000Z
u0002722,marko_horvat2722,Marko Horvat,2024-06-26T09:03:00.0000000Z
u0002723,mia_knezevic2723,Mia Knezevic,2025-11-17T17:22:00.0000000Z
u0002724,mia_knezevic2724,Mia Knezevic,2024-09-05T07:22:00.0000000Z
u0002725,marko_kovacevic2725,Marko Kovacevic,2025-11-24T10:43:00.0000000Z
u0002726,marko_kovac2726,Marko Kovac,2025-11-14T06:25:00.0000000Z
u0002727,mia_babic2727,Mia Babic,2024-08-14T23:08:00.0000000Z
u0002728,marko_maric2728,Marko Maric,2024-03-09T14:27:00.0000000Z
u0002729,dario_juric2729,Dario Juric,2024-05-29T14:23:00.0000000Z
u0002730,sara_kovac2730,Sara Kovac,2024-12-24T15:10:00.0000000Z
u0002731,bruno_maric2731,Bruno Maric,2024-07-11T12:16:00.0000000Z
u0002732,iva_radic2732,Iva Radic,2025-11-11T03:07:00.0000000Z
u0002733,filip_horvat2733,Filip Horvat,2025-06-15T12:10:00.0000000Z
u0002734,dario_vukovic2734,Dario Vukovic,2024-03-28T06:47:00.0000000Z
u0002735,nika_matic2735,Nika Matic,2025-01-23T13:52:00.0000000Z
u0002736,nika_radic2736,Nika Radic,2025-02-25T13:39:00.0000000Z
u0002737,nika_maric2737,Nika Maric,2024-04-30T18:51:00.0000000Z
u0002738,marko_vukovic2738,Marko Vukovic,2024-08-02T10:49:00.0000000Z
u0002739,dora_kolar2739,Dora Kolar,2024-03-28T16:37:00.0000000Z
u0002740,josip_simic2740,Josip Simic,2025-06-22T20:19:00.0000000Z
u0002741,ana_kolar2741,Ana Kolar,2024-10-05T13:59:00.0000000Z
u0002742,josip_perkovic2742,Josip Perkovic,2024-07-16T12:42:00.0000000Z
u0002743,ivan_kovacevic2743,Ivan Kovacevic,2025-07-18T14:16:00.0000000Z
u0002744,ana_zoric2744,Ana Zoric,2024-01-22T11:13:00.0000000Z
u0002745,luka_vidovic2745,Luka Vidovic,2025-06-29T19:17:00.0000000Z
u0002746,petra_radic2746,Petra Radic,2025-05-18T21:17:00.0000000Z
u0002747,nika_sever2747,Nika Sever,2025-07-24T02:46:00.0000000Z
u0002748,toni_kovac2748,Toni Kovac,2025-09-15T16:41:00.0000000Z
u0002749,filip_simic2749,Filip Simic,2025-07-24T21:48:00.0000000Z
u0002750,dora_vidovic2750,Dora Vidovic,2025-08-19T10:10:00.0000000Z
u0002751,karlo_curic2751,Karlo Curic,2024-11-08T19:13:00.0000000Z
u0002752,dora_matic2752,Dora Matic,2025-04-20T09:42:00.0000000Z
u0002753,bruno_babic2753,Bruno Babic,2025-08-09T06:41:00.0000000Z
u0002754,ema_matic2754,Ema Matic,2024-05-01T10:03:00.0000000Z
u0002755,karlo_simic2755,Karlo Simic,2024-10-23T03:23:00.0000000Z
u0002756,marko_curic2756,Marko Curic,2025-01-29T08:20:00.0000000Z
u0002757,dario_zoric2757,Dario Zoric,2024-05-20T22:06:00.0000000Z
u0002758,josip_vidovic2758,Josip Vidovic,2025-03-30T05:42:00.0000000Z
u0002759,dora_knezevic2759,Dora Knezevic,2025-04-16T07:54:00.0000000Z
u0002760,dario_babic2760,Dario Babic,2024-03-29T23:18:00.0000000Z
u0002761,lana_babic2761,Lana Babic,2025-01-10T03:16:00.0000000Z
u0002762,dora_novak2762,Dora Novak,2025-09-14T18:19:00.0000000Z
u0002763,toni_novak2763,Toni Novak,2024-09-24T10:59:00.0000000Z
u0002764,ivan_matic2764,Ivan Matic,2024-10-31T17:41:00.0000000Z
u0002765,ines_juric2765,Ines Juric,2024-12-26T03:02:00.0000000Z
u0002766,toni_vidovic2766,Toni Vidovic,2025-01-18T04:18:00.0000000Z
u0002767,josip_maric2767,Josip Maric,2025-04-07T17:14:00.0000000Z
u0002768,luka_knezevic2768,Luka Knezevic,2024-02-07T12:04:00.0000000Z
u0002769,toni_vukovic2769,Toni Vukovic,2024-03-07T23:44:00.0000000Z
u0002770,karlo_horvat2770,Karlo Horvat,2024-02-22T03:40:00.0000000Z
u0002771,ana_novak2771,Ana Novak,2025-12-26T13:20:00.0000000Z
u0002772,sara_zoric2772,Sara Zoric,2024-10-02T03:12:00.0000000Z
u0002773,sara_vidovic2773,Sara Vidovic,2024-09-15T02:36:00.0000000Z
u0002774,nika_radic2774,Nika Radic,2025-06-05T02:18:00.0000000Z
u0002775,petra_knezevic2775,Petra Knezevic,2024-08-24T05:38:00.0000000Z
u0002776,iva_radic2776,Iva Radic,2025-02-02T18:30:00.0000000Z
u0002777,marko_kovacevic2777,Marko Kovacevic,2025-03-04T16:33:00.0000000Z
u0002778,marko_kovac2778,Marko Kovac,2025-11-12T17:10:00.0000000Z
u0002779,lana_novak2779,Lana Novak,2025-05-13T07:44:00.0000000Z
u0002780,lana_kovacevic2780,Lana Kovacevic,2025-08-25T05:55:00.0000000Z
u0002781,iva_zoric2781,Iva Zoric,2024-05-15T04:07:00.0000000Z
u0002782,ema_kovac2782,Ema Kovac,2024-06-26T04:01:00.0000000Z
u0002783,josip_novak2783,Josip Novak,2025-01-19T13:07:00.0000000Z
u0002784,marko_sever2784,Marko Sever,2025-12-13T06:05:00.0000000Z
u0002785,petra_barisic2785,Petra Barisic,2025-04-22T21:04:00.0000000Z
u0002786,leon_kovac2786,Leon Kovac,2025-12-12T03:59:00.0000000Z
u0002787,bruno_vidovic2787,Bruno Vidovic,2025-09-04T10:26:00.0000000Z
u0002788,dario_perkovic2788,Dario Perkovic,2025-05-18T21:25:00.0000000Z
u0002789,lana_barisic2789,Lana Barisic,2024-04-06T11:30:00.0000000Z
u0002790,ivan_maric2790,Ivan Maric,2025-01-19T08:51:00.0000000Z
u0002791,sara_maric2791,Sara Maric,2025-01-11T03:14:00.0000000Z
u0002792,dario_zoric2792,Dario Zoric,2025-06-24T13:09:00.0000000Z
u0002793,dario_barisic2793,Dario Barisic,2024-09-18T22:09:00.0000000Z
u0002794,ivan_vukovic2794,Ivan Vukovic,2024-09-02T21:29:00.0000000Z
u0002795,ana_horvat2795,Ana Horvat,2024-10-04T14:56:00.0000000Z
u0002796,toni_curic2796,Toni Curic,2024-05-13T03:46:00.0000000Z
u0002797,ema_simic2797,Ema Simic,2024-05-10T09:18:00.0000000Z
u0002798,bruno_kolar2798,Bruno Kolar,2024-12-19T08:23:00.0000000Z
u0002799,dora_novak2799,Dora Novak,2024-03-26T15:37:00.0000000Z
u0002800,lana_vidovic2800,Lana Vidovic,2024-05-30T09:35:00.0000000Z
u0002801,marko_vukovic2801,Marko Vukovic,2024-01-10T05:55:00.0000000Z
u0002802,ana_knezevic2802,Ana Knezevic,2025-07-17T18:18:00.0000000Z
u0002803,lana_pavlovic2803,Lana Pavlovic,2024-03-17T13:44:00.0000000Z
u0002804,leon_vukovic2804,Leon Vukovic,2024-05-18T02:05:00.0000000Z
u0002805,toni_pavlovic2805,Toni Pavlovic,2024-12-28T07:34:00.0000000Z
u0002806,dario_radic2806,Dario Radic,2025-04-30T08:00:00.0000000Z
u0002807,filip_barisic2807,Filip Barisic,2025-11-13T20:17:00.0000000Z
u0002808,leon_zoric2808,Leon Zoric,2025-04-01T10:10:00.0000000Z
u0002809,filip_sever2809,Filip Sever,2024-11-28T06:50:00.0000000Z
u0002810,ana_radic2810,Ana Radic,2025-02-24T01:07:00.0000000Z
u0002811,toni_horvat2811,Toni Horvat,2024-02-19T17:49:00.0000000Z
u0002812,petra_sever2812,Petra Sever,2025-12-22T15:52:00.0000000Z
u0002813,filip_horvat2813,Filip Horvat,2025-03-06T22:27:00.0000000Z
u0002814,toni_maric2814,Toni Maric,2024-08-11T20:53:00.0000000Z
u0002815,ivan_vukovic2815,Ivan Vukovic,2024-05-08T22:23:00.0000000Z
u0002816,dora_kovac2816,Dora Kovac,2024-03-05T03:55:00.0000000Z
u0002817,dora_matic2817,Dora Matic,2025-05-18T13:32:00.0000000Z
u0002818,lana_maric2818,Lana Maric,2025-11-15T19:34:00.0000000Z
u0002819,ema_maric2819,Ema Maric,2025-03-01T08:09:00.0000000Z
u0002820,mia_perkovic2820,Mia Perkovic,2024-11-14T12:40:00.0000000Z
u0002821,filip_knezevic2821,Filip Knezevic,2024-03-14T03:49:00.0000000Z
u0002822,dario_juric2822,Dario Juric,2024-09-18T01:13:00.0000000Z
u0002823,marko_matic2823,Marko Matic,2025-05-08T19:44:00.0000000Z
u0002824,dario_maric2824,Dario Maric,2025-01-04T22:43:00.0000000Z
u0002825,ivan_kolar2825,Ivan Kolar,2025-06-10T17:00:00.0000000Z
u0002826,toni_barisic2826,Toni Barisic,2024-10-30T11:50:00.0000000Z
u0002827,josip_vukovic2827,Josip Vukovic,2025-10-13T17:46:00.0000000Z
u0002828,mia_horvat2828,Mia Horvat,2024-02-12T18:38:00.0000000Z
u0002829,ines_maric2829,Ines Maric,2025-09-11T15:17:00.0000000Z
u0002830,marko_barisic2830,Marko Barisic,2025-08-14T00:18:00.0000000Z
u0002831,josip_curic2831,Josip Curic,2024-09-24T20:23:00.0000000Z
u0002832,petra_juric2832,Petra Juric,2025-06-10T23:37:00.0000000Z
u0002833,luka_radic2833,Luka Radic,2024-02-24T01:49:00.0000000Z
u0002834,karlo_barisic2834,Karlo Barisic,2025-04-05T04:39:00.0000000Z
u0002835,josip_matic2835,Josip Matic,2024-08-11T09:10:00.0000000Z
u0002836,petra_vukovic2836,Petra Vukovic,2024-12-18T14:22:00.0000000Z
u0002837,luka_pavlovic2837,Luka Pavlovic,2024-07-29T15:05:00.0000000Z
u0002838,petra_curic2838,Petra Curic,2024-08-02T12:24:00.0000000Z
u0002839,dario_curic2839,Dario Curic,2024-10-08T13:58:00.0000000Z
u0002840,ana_pavlovic2840,Ana Pavlovic,2024-03-28T20:28:00.0000000Z
u0002841,dario_sever2841,Dario Sever,2025-02-27T18:01:00.0000000Z
u0002842,ines_babic2842,Ines Babic,2024-06-25T01:31:00.0000000Z
u0002843,marko_curic2843,Marko Curic,2024-10-27T00:40:00.0000000Z
u0002844,dora_knezevic2844,Dora Knezevic,2024-08-24T16:16:00.0000000Z
u0002845,filip_pavlovic2845,Filip Pavlovic,2024-12-23T17:22:00.0000000Z
u0002846,ema_sever2846,Ema Sever,2025-02-15T08:54:00.0000000Z
u0002847,iva_kolar2847,Iva Kolar,2025-08-01T15:50:00.0000000Z
u0002848,mia_curic2848,Mia Curic,2024-06-24T09:19:00.0000000Z
u0002849,dario_novak2849,Dario Novak,2025-12-29T11:52:00.0000000Z
u0002850,ivan_pavlovic2850,Ivan Pavlovic,2024-09-06T00:36:00.0000000Z
u0002851,filip_maric2851,Filip Maric,2025-10-22T00:23:00.0000000Z
u0002852,dora_kovacevic2852,Dora Kovacevic,2025-10-02T12:54:00.0000000Z
u0002853,ana_radic2853,Ana Radic,2024-10-03T01:08:00.0000000Z
u0002854,ivan_horvat2854,Ivan Horvat,2024-11-29T22:18:00.0000000Z
u0002855,ivan_novak2855,Ivan Novak,2024-06-09T07:36:00.0000000Z
u0002856,dora_vidovic2856,Dora Vidovic,2024-08-13T17:20:00.0000000Z
u0002857,karlo_juric2857,Karlo Juric,2025-12-26T13:50:00.0000000Z
u0002858,karlo_juric2858,Karlo Juric,2025-11-18T04:15:00.0000000Z
u0002859,filip_babic2859,Filip Babic,2024-02-26T14:22:00.0000000Z
u0002860,filip_kovacevic2860,Filip Kovacevic,2025-09-21T20:33:00.0000000Z
u0002861,luka_kovac2861,Luka Kovac,2024-08-14T08:52:00.0000000Z
u0002862,ivan_perkovic2862,Ivan Perkovic,2024-07-06T22:25:00.0000000Z
u0002863,josip_vukovic2863,Josip Vukovic,2024-08-21T03:23:00.0000000Z
u0002864,toni_novak2864,Toni Novak,2024-10-27T05:58:00.0000000Z
u0002865,petra_perkovic2865,Petra Perkovic,2025-04-26T08:16:00.0000000Z
u0002866,filip_juric2866,Filip Juric,2025-05-23T10:27:00.0000000Z
u0002867,ana_simic2867,Ana Simic,2024-10-29T01:07:00.0000000Z
u0002868,sara_juric2868,Sara Juric,2024-08-28T09:07:00.0000000Z
u0002869,filip_radic2869,Filip Radic,2025-10-01T08:10:00.0000000Z
u0002870,dora_pavlovic2870,Dora Pavlovic,2024-05-02T02:12:00.0000000Z
u0002871,iva_kolar2871,Iva Kolar,2024-05-25T02:31:00.0000000Z
u0002872,dario_vidovic2872,Dario Vidovic,2025-12-13T18:08:00.0000000Z
u0002873,marko_horvat2873,Marko Horvat,2025-02-08T01:27:00.0000000Z
u0002874,dora_radic2874,Dora Radic,2024-11-15T05:36:00.0000000Z
u0002875,dora_maric2875,Dora Maric,2024-02-20T03:16:00.0000000Z
u0002876,nika_pavlovic2876,Nika Pavlovic,2025-03-14T21:54:00.0000000Z
u0002877,ema_sever2877,Ema Sever,2025-09-11T21:47:00.0000000Z
u0002878,mia_kovacevic2878,Mia Kovacevic,2025-07-29T23:50:00.0000000Z
u0002879,josip_simic2879,Josip Simic,2025-08-05T05:22:00.0000000Z
u0002880,dora_kolar2880,Dora Kolar,2024-04-19T03:09:00.0000000Z
u0002881,mia_matic2881,Mia Matic,2025-07-10T03:57:00.0000000Z
u0002882,petra_vidovic2882,Petra Vidovic,2025-01-02T00:33:00.0000000Z
u0002883,luka_perkovic2883,Luka Perkovic,2025-09-24T07:49:00.0000000Z
u0002884,sara_maric2884,Sara Maric,2024-07-31T21:35:00.0000000Z
u0002885,marko_kovac2885,Marko Kovac,2024-01-10T03:25:00.0000000Z
u0002886,dora_perkovic2886,Dora Perkovic,2024-02-26T22:24:00.0000000Z
u0002887,ema_zoric2887,Ema Zoric,2025-10-02T07:17:00.0000000Z
u0002888,ema_perkovic2888,Ema Perkovic,2025-04-07T13:36:00.0000000Z
u0002889,filip_knezevic2889,Filip Knezevic,2024-10-11T18:58:00.0000000Z
u0002890,josip_kovac2890,Josip Kovac,2024-07-13T22:51:00.0000000Z
u0002891,petra_maric2891,Petra Maric,2024-07-23T00:19:00.0000000Z
u0002892,josip_simic2892,Josip Simic,2024-03-04T11:12:00.0000000Z
u0002893,sara_vidovic2893,Sara Vidovic,2024-10-03T08:37:00.0000000Z
u0002894,nika_vukovic2894,Nika Vukovic,2025-12-06T18:05:00.0000000Z
u0002895,bruno_simic2895,Bruno Simic,2025-08-10T07:00:00.0000000Z
u0002896,nika_novak2896,Nika Novak,2024-07-09T14:25:00.0000000Z
u0002897,iva_matic2897,Iva Matic,2025-09-16T14:33:00.0000000Z
u0002898,bruno_kolar2898,Bruno Kolar,2025-11-30T10:25:00.0000000Z
u0002899,ema_babic2899,Ema Babic,2025-07-20T19:35:00.0000000Z
u0002900,marko_vidovic2900,Marko Vidovic,2024-10-14T11:17:00.0000000Z
u0002901,marko_vidovic2901,Marko Vidovic,2025-03-16T18:03:00.0000000Z
u0002902,nika_radic2902,Nika Radic,2024-01-16T14:23:00.0000000Z
u0002903,ana_kolar2903,Ana Kolar,2024-12-14T21:37:00.0000000Z
u0002904,leon_kovacevic2904,Leon Kovacevic,2025-09-20T15:46:00.0000000Z
u0002905,sara_perkovic2905,Sara Perkovic,2024-10-14T22:27:00.0000000Z
u0002906,leon_radic2906,Leon Radic,2024-02-29T18:18:00.0000000Z
u0002907,karlo_zoric2907,Karlo Zoric,2024-05-11T23:43:00.0000000Z
u0002908,marko_pavlovic2908,Marko Pavlovic,2025-03-09T09:12:00.0000000Z
u0002909,josip_matic2909,Josip Matic,2024-11-21T19:47:00.0000000Z
u0002910,filip_babic2910,Filip Babic,2024-12-11T14:55:00.0000000Z
u0002911,filip_radic2911,Filip Radic,2024-01-03T16:03:00.0000000Z
u0002912,dora_matic2912,Dora Matic,2025-02-18T03:40:00.0000000Z
u0002913,mia_babic2913,Mia Babic,2024-03-10T04:27:00.0000000Z
u0002914,iva_radic2914,Iva Radic,2024-12-30T08:13:00.0000000Z
u0002915,iva_barisic2915,Iva Barisic,2024-05-05T06:04:00.0000000Z
u0002916,dora_horvat2916,Dora Horvat,2024-01-19T14:46:00.0000000Z
u0002917,nika_vukovic2917,Nika Vukovic,2025-02-18T07:48:00.0000000Z
u0002918,sara_juric2918,Sara Juric,2024-02-23T16:30:00.0000000Z
u0002919,luka_sever2919,Luka Sever,2024-05-03T18:28:00.0000000Z
u0002920,ana_maric2920,Ana Maric,2024-02-02T19:34:00.0000000Z
u0002921,nika_perkovic2921,Nika Perkovic,2025-03-19T08:14:00.0000000Z
u0002922,ana_pavlovic2922,Ana Pavlovic,2025-07-04T06:33:00.0000000Z
u0002923,ines_kolar2923,Ines Kolar,2024-06-25T06:00:00.0000000Z
u0002924,karlo_radic2924,Karlo Radic,2024-10-21T15:03:00.0000000Z
u0002925,dora_horvat2925,Dora Horvat,2024-06-06T01:19:00.0000000Z
u0002926,sara_kovacevic2926,Sara Kovacevic,2025-07-25T02:06:00.0000000Z
u0002927,josip_knezevic2927,Josip Knezevic,2024-11-16T12:37:00.0000000Z
u0002928,josip_zoric2928,Josip Zoric,2025-07-15T19:47:00.0000000Z
u0002929,leon_pavlovic2929,Leon Pavlovic,2024-06-30T03:32:00.0000000Z
u0002930,leon_zoric2930,Leon Zoric,2024-12-08T20:05:00.0000000Z
u0002931,mia_vukovic2931,Mia Vukovic,2025-11-23T04:26:00.0000000Z
u0002932,ana_novak2932,Ana Novak,2025-09-15T19:31:00.0000000Z
u0002933,ines_zoric2933,Ines Zoric,2024-06-21T03:34:00.0000000Z
u0002934,josip_babic2934,Josip Babic,2024-08-11T00:43:00.0000000Z
u0002935,iva_kolar2935,Iva Kolar,2025-08-17T17:28:00.0000000Z
u0002936,petra_kolar2936,Petra Kolar,2024-07-03T17:47:00.0000000Z
u0002937,ines_radic2937,Ines Radic,2025-04-10T13:17:00.0000000Z
u0002938,mia_simic2938,Mia Simic,2025-07-16T15:09:00.0000000Z
u0002939,toni_maric2939,Toni Maric,2025-11-12T05:26:00.0000000Z
u0002940,karlo_kovac2940,Karlo Kovac,2025-12-30T10:16:00.0000000Z
u0002941,dario_curic2941,Dario Curic,2025-11-19T06:41:00.0000000Z
u0002942,iva_knezevic2942,Iva Knezevic,2024-05-21T22:00:00.0000000Z
u0002943,lana_curic2943,Lana Curic,2025-09-03T15:57:00.0000000Z
u0002944,mia_zoric2944,Mia Zoric,2025-02-18T01:39:00.0000000Z
u0002945,dario_horvat2945,Dario Horvat,2024-07-23T10:26:00.0000000Z
u0002946,marko_pavlovic2946,Marko Pavlovic,2024-01-16T08:46:00.0000000Z
u0002947,dora_kolar2947,Dora Kolar,2025-10-25T02:54:00.0000000Z
u0002948,dora_kovac2948,Dora Kovac,2024-06-24T13:41:00.0000000Z
u0002949,karlo_horvat2949,Karlo Horvat,2025-07-12T09:27:00.0000000Z
u0002950,petra_knezevic2950,Petra Knezevic,2024-02-09T08:24:00.0000000Z
u0002951,leon_kovac2951,Leon Kovac,2025-05-11T10:31:00.0000000Z
u0002952,luka_curic2952,Luka Curic,2024-06-01T22:53:00.0000000Z
u0002953,mia_horvat2953,Mia Horvat,2024-08-12T07:34:00.0000000Z
u0002954,toni_kolar2954,Toni Kolar,2025-07-16T06:27:00.0000000Z
u0002955,josip_matic2955,Josip Matic,2025-06-25T04:34:00.0000000Z
u0002956,ivan_vidovic2956,Ivan Vidovic,2025-03-02T02:04:00.0000000Z
u0002957,lana_matic2957,Lana Matic,2025-01-12T17:21:00.0000000Z
u0002958,leon_barisic2958,Leon Barisic,2024-09-17T09:13:00.0000000Z
u0002959,ivan_radic2959,Ivan Radic,2025-09-16T15:48:00.0000000Z
u0002960,bruno_curic2960,Bruno Curic,2024-11-01T16:45:00.0000000Z
u0002961,josip_juric2961,Josip Juric,2024-12-26T03:02:00.0000000Z
u0002962,iva_knezevic2962,Iva Knezevic,2025-06-21T03:58:00.0000000Z
u0002963,ines_kovacevic2963,Ines Kovacevic,2024-03-08T07:08:00.0000000Z
u0002964,ivan_zoric2964,Ivan Zoric,2025-03-31T21:22:00.0000000Z
u0002965,bruno_kovacevic2965,Bruno Kovacevic,2024-01-25T08:13:00.0000000Z
u0002966,marko_simic2966,Marko Simic,2025-02-22T22:58:00.0000000Z
u0002967,lana_zoric2967,Lana Zoric,2024-05-03T22:59:00.0000000Z
u0002968,petra_perkovic2968,Petra Perkovic,2025-12-10T06:51:00.0000000Z
u0002969,dario_horvat2969,Dario Horvat,2024-05-05T01:23:00.0000000Z
u0002970,filip_babic2970,Filip Babic,2024-10-20T03:13:00.0000000Z
u0002971,mia_perkovic2971,Mia Perkovic,2024-02-22T19:45:00.0000000Z
u0002972,ines_maric2972,Ines Maric,2024-11-10T08:49:00.0000000Z
u0002973,ema_pavlovic2973,Ema Pavlovic,2024-02-12T17:41:00.0000000Z
u0002974,ana_maric2974,Ana Maric,2025-01-22T12:36:00.0000000Z
u0002975,lana_knezevic2975,Lana Knezevic,2025-05-27T01:13:00.0000000Z
u0002976,ines_maric2976,Ines Maric,2025-02-04T03:17:00.0000000Z
u0002977,filip_sever2977,Filip Sever,2025-11-10T09:21:00.0000000Z
u0002978,ema_novak2978,Ema Novak,2024-05-10T07:56:00.0000000Z
u0002979,luka_novak2979,Luka Novak,2025-03-07T12:44:00.0000000Z
u0002980,dario_novak2980,Dario Novak,2024-11-09T22:16:00.0000000Z
u0002981,nika_simic2981,Nika Simic,2024-04-29T19:17:00.0000000Z
u0002982,sara_kolar2982,Sara Kolar,2024-03-21T16:48:00.0000000Z
u0002983,nika_vidovic2983,Nika Vidovic,2024-04-14T23:56:00.0000000Z
u0002984,toni_barisic2984,Toni Barisic,2025-11-23T13:38:00.0000000Z
u0002985,dario_matic2985,Dario Matic,2025-02-25T22:39:00.0000000Z
u0002986,toni_perkovic2986,Toni Perkovic,2024-07-13T15:26:00.0000000Z
u0002987,ema_pavlovic2987,Ema Pavlovic,2025-08-14T21:57:00.0000000Z
u0002988,toni_horvat2988,Toni Horvat,2024-05-20T23:01:00.0000000Z
u0002989,lana_kovac2989,Lana Kovac,2024-11-29T17:09:00.0000000Z
u0002990,ines_pavlovic2990,Ines Pavlovic,2025-11-19T01:44:00.0000000Z
u0002991,karlo_zoric2991,Karlo Zoric,2024-10-07T01:46:00.0000000Z
u0002992,toni_knezevic2992,Toni Knezevic,2025-03-28T06:39:00.0000000Z
u0002993,mia_vidovic2993,Mia Vidovic,2025-05-28T12:39:00.0000000Z
u0002994,nika_kovacevic2994,Nika Kovacevic,2024-09-29T09:06:00.0000000Z
u0002995,josip_kolar2995,Josip Kolar,2024-03-07T17:54:00.0000000Z
u0002996,dora_zoric2996,Dora Zoric,2025-06-01T23:21:00.0000000Z
u0002997,toni_pavlovic2997,Toni Pavlovic,2025-02-11T16:44:00.0000000Z
u0002998,filip_juric2998,Filip Juric,2025-03-16T21:27:00.0000000Z
u0002999,toni_curic2999,Toni Curic,2025-02-15T13:32:00.0000000Z
u0003000,dora_novak3000,Dora Novak,2025-04-15T14:15:00.0000000Z
u0003001,sara_perkovic3001,Sara Perkovic,2024-05-15T13:18:00.0000000Z
u0003002,luka_zoric3002,Luka Zoric,2024-03-18T09:45:00.0000000Z
u0003003,nika_barisic3003,Nika Barisic,2024-02-08T10:29:00.0000000Z
u0003004,dora_juric3004,Dora Juric,2025-10-10T21:24:00.0000000Z
u0003005,nika_perkovic3005,Nika Perkovic,2024-08-09T00:40:00.0000000Z
u0003006,josip_novak3006,Josip Novak,2024-07-22T22:41:00.0000000Z
u0003007,marko_matic3007,Marko Matic,2024-08-11T02:40:00.0000000Z
u0003008,bruno_juric3008,Bruno Juric,2024-01-22T13:40:00.0000000Z
u0003009,mia_radic3009,Mia Radic,2025-01-02T16:43:00.0000000Z
u0003010,iva_horvat3010,Iva Horvat,2024-12-30T17:33:00.0000000Z
u0003011,ivan_vukovic3011,Ivan Vukovic,2025-02-28T04:57:00.0000000Z
u0003012,ivan_curic3012,Ivan Curic,2025-05-13T04:33:00.0000000Z
u0003013,petra_novak3013,Petra Novak,2025-11-29T22:17:00.0000000Z
u0003014,dora_knezevic3014,Dora Knezevic,2025-10-04T01:40:00.0000000Z
u0003015,sara_pavlovic3015,Sara Pavlovic,2024-09-03T14:20:00.0000000Z
u0003016,sara_zoric3016,Sara Zoric,2025-02-21T17:19:00.0000000Z
u0003017,filip_maric3017,Filip Maric,2025-06-11T09:43:00.0000000Z
u0003018,ema_barisic3018,Ema Barisic,2025-06-17T11:55:00.0000000Z
u0003019,filip_curic3019,Filip Curic,2024-09-23T11:17:00.0000000Z
u0003020,petra_vidovic3020,Petra Vidovic,2024-06-30T04:31:00.0000000Z
u0003021,toni_zoric3021,Toni Zoric,2025-10-02T14:48:00.0000000Z
u0003022,nika_curic3022,Nika Curic,2025-10-01T19:59:00.0000000Z
u0003023,filip_radic3023,Filip Radic,2025-06-25T12:25:00.0000000Z
u0003024,toni_juric3024,Toni Juric,2024-01-12T13:35:00.0000000Z
u0003025,filip_babic3025,Filip Babic,2024-02-22T14:17:00.0000000Z
u0003026,josip_kovac3026,Josip Kovac,2025-04-20T09:14:00.0000000Z
u0003027,sara_kolar3027,Sara Kolar,2025-07-04T04:16:00.0000000Z
u0003028,leon_matic3028,Leon Matic,2025-08-27T07:35:00.0000000Z
u0003029,iva_zoric3029,Iva Zoric,2025-01-19T05:53:00.0000000Z
u0003030,ines_kolar3030,Ines Kolar,2024-01-24T02:56:00.0000000Z
u0003031,filip_horvat3031,Filip Horvat,2024-10-08T15:57:00.0000000Z
u0003032,bruno_vukovic3032,Bruno Vukovic,2025-04-06T00:17:00.0000000Z
u0003033,ana_babic3033,Ana Babic,2025-06-23T18:23:00.0000000Z
u0003034,lana_vukovic3034,Lana Vukovic,2024-07-06T14:06:00.0000000Z
u0003035,karlo_perkovic3035,Karlo Perkovic,2025-11-10T18:25:00.0000000Z
u0003036,bruno_sever3036,Bruno Sever,2025-07-03T18:12:00.0000000Z
u0003037,sara_curic3037,Sara Curic,2025-08-18T00:54:00.0000000Z
u0003038,bruno_matic3038,Bruno Matic,2024-03-15T23:32:00.0000000Z
u0003039,lana_perkovic3039,Lana Perkovic,2024-08-12T00:00:00.0000000Z
u0003040,ana_zoric3040,Ana Zoric,2024-04-05T20:37:00.0000000Z
u0003041,mia_matic3041,Mia Matic,2025-07-26T17:36:00.0000000Z
u0003042,bruno_kovacevic3042,Bruno Kovacevic,2024-06-08T20:52:00.0000000Z
u0003043,toni_pavlovic3043,Toni Pavlovic,2025-06-19T05:49:00.0000000Z
u0003044,josip_knezevic3044,Josip Knezevic,2025-12-21T09:01:00.0000000Z
u0003045,leon_novak3045,Leon Novak,2024-09-14T10:48:00.0000000Z
u0003046,lana_babic3046,Lana Babic,2025-08-05T06:53:00.0000000Z
u0003047,ines_kovac3047,Ines Kovac,2025-08-13T11:48:00.0000000Z
u0003048,iva_maric3048,Iva Maric,2025-08-12T00:12:00.0000000Z
u0003049,luka_pavlovic3049,Luka Pavlovic,2025-02-17T19:53:00.0000000Z
u0003050,ema_novak3050,Ema Novak,2025-06-03T21:29:00.0000000Z
u0003051,filip_sever3051,Filip Sever,2024-08-27T10:48:00.0000000Z
u0003052,toni_babic3052,Toni Babic,2025-10-22T03:26:00.0000000Z
u0003053,lana_babic3053,Lana Babic,2024-10-02T21:47:00.0000000Z
u0003054,bruno_kovac3054,Bruno Kovac,2024-09-12T07:48:00.0000000Z
u0003055,ana_novak3055,Ana Novak,2024-12-22T20:26:00.0000000Z
u0003056,karlo_vidovic3056,Karlo Vidovic,2024-06-19T19:17:00.0000000Z
u0003057,iva_sever3057,Iva Sever,2025-02-19T23:08:00.0000000Z
u0003058,dario_maric3058,Dario Maric,2025-05-29T21:23:00.0000000Z
u0003059,filip_simic3059,Filip Simic,2024-07-13T04:01:00.0000000Z
u0003060,dora_matic3060,Dora Matic,2025-05-25T11:38:00.0000000Z
u0003061,sara_kovacevic3061,Sara Kovacevic,2024-10-17T13:08:00.0000000Z
u0003062,ana_babic3062,Ana Babic,2024-12-10T10:31:00.0000000Z
u0003063,sara_kovacevic3063,Sara Kovacevic,2024-03-28T00:43:00.0000000Z
u0003064,josip_horvat3064,Josip Horvat,2025-12-16T23:05:00.0000000Z
u0003065,josip_maric3065,Josip Maric,2025-12-26T13:12:00.0000000Z
u0003066,lana_zoric3066,Lana Zoric,2025-12-11T11:44:00.0000000Z
u0003067,filip_vukovic3067,Filip Vukovic,2025-08-08T04:01:00.0000000Z
u0003068,filip_radic3068,Filip Radic,2024-06-07T07:24:00.0000000Z
u0003069,marko_vidovic3069,Marko Vidovic,2025-08-06T09:34:00.0000000Z
u0003070,toni_juric3070,Toni Juric,2025-01-25T01:50:00.0000000Z
u0003071,toni_matic3071,Toni Matic,2025-04-02T11:57:00.0000000Z
u0003072,sara_kovac3072,Sara Kovac,2025-06-16T17:17:00.0000000Z
u0003073,dora_sever3073,Dora Sever,2024-03-15T17:56:00.0000000Z
u0003074,ana_maric3074,Ana Maric,2024-12-29T18:06:00.0000000Z
u0003075,marko_kovacevic3075,Marko Kovacevic,2025-12-11T16:26:00.0000000Z
u0003076,nika_kovac3076,Nika Kovac,2025-12-08T02:25:00.0000000Z
u0003077,bruno_barisic3077,Bruno Barisic,2025-08-24T03:07:00.0000000Z
u0003078,ema_perkovic3078,Ema Perkovic,2024-03-17T21:18:00.0000000Z
u0003079,ines_kovacevic3079,Ines Kovacevic,2025-08-17T01:30:00.0000000Z
u0003080,petra_barisic3080,Petra Barisic,2024-08-07T06:33:00.0000000Z
u0003081,sara_horvat3081,Sara Horvat,2024-01-14T04:08:00.0000000Z
u0003082,nika_vidovic3082,Nika Vidovic,2025-01-21T14:31:00.0000000Z
u0003083,mia_kolar3083,Mia Kolar,2024-03-31T19:04:00.0000000Z
u0003084,ema_radic3084,Ema Radic,2025-07-04T19:13:00.0000000Z
u0003085,ines_kovacevic3085,Ines Kovacevic,2024-06-08T16:27:00.0000000Z
u0003086,filip_novak3086,Filip Novak,2024-06-17T22:19:00.0000000Z
u0003087,luka_simic3087,Luka Simic,2025-06-13T23:06:00.0000000Z
u0003088,karlo_curic3088,Karlo Curic,2024-11-04T08:06:00.0000000Z
u0003089,bruno_kovacevic3089,Bruno Kovacevic,2025-09-01T13:28:00.0000000Z
u0003090,dario_zoric3090,Dario Zoric,2025-06-24T20:10:00.0000000Z
u0003091,leon_zoric3091,Leon Zoric,2024-03-28T18:04:00.0000000Z
u0003092,karlo_kovacevic3092,Karlo Kovacevic,2024-04-07T08:54:00.0000000Z
u0003093,lana_radic3093,Lana Radic,2024-12-24T21:24:00.0000000Z
u0003094,josip_novak3094,Josip Novak,2024-09-11T09:07:00.0000000Z
u0003095,karlo_knezevic3095,Karlo Knezevic,2024-09-16T19:30:00.0000000Z
u0003096,ivan_knezevic3096,Ivan Knezevic,2024-09-18T19:47:00.0000000Z
u0003097,ines_simic3097,Ines Simic,2024-03-14T18:20:00.0000000Z
u0003098,nika_curic3098,Nika Curic,2024-08-25T11:41:00.0000000Z
u0003099,nika_vidovic3099,Nika Vidovic,2024-04-01T03:33:00.0000000Z
u0003100,nika_barisic3100,Nika Barisic,2024-12-05T00:50:00.0000000Z
u0003101,sara_vidovic3101,Sara Vidovic,2025-12-01T20:21:00.0000000Z
u0003102,mia_kovacevic3102,Mia Kovacevic,2025-06-21T20:23:00.0000000Z
u0003103,toni_kovac3103,Toni Kovac,2025-11-29T08:52:00.0000000Z
u0003104,ivan_vidovic3104,Ivan Vidovic,2025-05-17T10:22:00.0000000Z
u0003105,bruno_zoric3105,Bruno Zoric,2024-08-20T09:21:00.0000000Z
u0003106,mia_sever3106,Mia Sever,2024-12-04T16:56:00.0000000Z
u0003107,ivan_pavlovic3107,Ivan Pavlovic,2025-11-05T08:36:00.0000000Z
u0003108,lana_pavlovic3108,Lana Pavlovic,2024-05-16T04:52:00.0000000Z
u0003109,toni_kovacevic3109,Toni Kovacevic,2025-08-30T22:11:00.0000000Z
u0003110,iva_novak3110,Iva Novak,2025-01-01T15:11:00.0000000Z
u0003111,ana_barisic3111,Ana Barisic,2025-04-23T19:30:00.0000000Z
u0003112,ana_kolar3112,Ana Kolar,2024-10-20T16:25:00.0000000Z
u0003113,mia_matic3113,Mia Matic,2024-03-13T08:09:00.0000000Z
u0003114,toni_knezevic3114,Toni Knezevic,2024-09-14T16:06:00.0000000Z
u0003115,josip_vidovic3115,Josip Vidovic,2025-07-17T01:43:00.0000000Z
u0003116,josip_vidovic3116,Josip Vidovic,2024-04-11T01:40:00.0000000Z
u0003117,ana_maric3117,Ana Maric,2025-09-16T17:59:00.0000000Z
u0003118,sara_radic3118,Sara Radic,2024-06-18T09:20:00.0000000Z
u0003119,dario_novak3119,Dario Novak,2024-05-24T10:42:00.0000000Z
u0003120,iva_kolar3120,Iva Kolar,2024-01-11T15:32:00.0000000Z
u0003121,leon_vidovic3121,Leon Vidovic,2025-09-06T02:27:00.0000000Z
u0003122,lana_kovac3122,Lana Kovac,2025-11-16T02:01:00.0000000Z
u0003123,ana_kolar3123,Ana Kolar,2024-02-06T12:12:00.0000000Z
u0003124,leon_sever3124,Leon Sever,2025-01-18T15:20:00.0000000Z
u0003125,mia_knezevic3125,Mia Knezevic,2024-05-31T08:04:00.0000000Z
u0003126,nika_kovac3126,Nika Kovac,2025-08-31T12:29:00.0000000Z
u0003127,josip_novak3127,Josip Novak,2024-12-24T10:20:00.0000000Z
u0003128,sara_zoric3128,Sara Zoric,2024-01-23T10:28:00.0000000Z
u0003129,toni_kovacevic3129,Toni Kovacevic,2024-09-16T10:29:00.0000000Z
u0003130,josip_matic3130,Josip Matic,2025-01-22T17:29:00.0000000Z
u0003131,luka_pavlovic3131,Luka Pavlovic,2025-06-07T11:24:00.0000000Z
u0003132,ivan_kolar3132,Ivan Kolar,2025-03-10T11:57:00.0000000Z
u0003133,dario_curic3133,Dario Curic,2025-06-12T19:05:00.0000000Z
u0003134,karlo_vukovic3134,Karlo Vukovic,2024-04-04T21:53:00.0000000Z
u0003135,ivan_kovac3135,Ivan Kovac,2024-05-31T16:14:00.0000000Z
u0003136,filip_juric3136,Filip Juric,2024-02-29T17:57:00.0000000Z
u0003137,ana_sever3137,Ana Sever,2024-04-15T00:34:00.0000000Z
u0003138,mia_vukovic3138,Mia Vukovic,2025-01-12T03:10:00.0000000Z
u0003139,dario_novak3139,Dario Novak,2024-02-07T14:44:00.0000000Z
u0003140,karlo_vidovic3140,Karlo Vidovic,2025-06-16T07:28:00.0000000Z
u0003141,nika_pavlovic3141,Nika Pavlovic,2024-06-14T00:02:00.0000000Z
u0003142,dario_kolar3142,Dario Kolar,2024-09-30T03:57:00.0000000Z
u0003143,karlo_juric3143,Karlo Juric,2025-06-18T12:32:00.0000000Z
u0003144,toni_kovac3144,Toni Kovac,2024-04-02T13:33:00.0000000Z
u0003145,marko_simic3145,Marko Simic,2025-09-10T00:46:00.0000000Z
u0003146,mia_pavlovic3146,Mia Pavlovic,2025-05-23T18:38:00.0000000Z
u0003147,karlo_kovacevic3147,Karlo Kovacevic,2024-02-07T16:54:00.0000000Z
u0003148,ema_vukovic3148,Ema Vukovic,2025-01-12T04:36:00.0000000Z
u0003149,mia_vidovic3149,Mia Vidovic,2024-07-06T08:54:00.0000000Z
u0003150,luka_simic3150,Luka Simic,2025-01-03T23:14:00.0000000Z
u0003151,dario_kolar3151,Dario Kolar,2024-04-11T20:44:00.0000000Z
u0003152,dora_novak3152,Dora Novak,2025-07-17T12:23:00.0000000Z
u0003153,leon_simic3153,Leon Simic,2024-10-03T22:11:00.0000000Z
u0003154,karlo_radic3154,Karlo Radic,2024-01-12T09:38:00.0000000Z
u0003155,filip_knezevic3155,Filip Knezevic,2025-10-26T20:51:00.0000000Z
u0003156,ana_juric3156,Ana Juric,2025-07-20T08:53:00.0000000Z
u0003157,sara_maric3157,Sara Maric,2025-03-16T18:38:00.0000000Z
u0003158,mia_sever3158,Mia Sever,2024-12-25T01:56:00.0000000Z
u0003159,sara_kovacevic3159,Sara Kovacevic,2024-06-01T19:49:00.0000000Z
u0003160,bruno_babic3160,Bruno Babic,2025-09-28T03:42:00.0000000Z
u0003161,marko_pavlovic3161,Marko Pavlovic,2025-06-09T04:45:00.0000000Z
u0003162,luka_kovac3162,Luka Kovac,2024-09-18T05:10:00.0000000Z
u0003163,dora_babic3163,Dora Babic,2024-08-30T19:18:00.0000000Z
u0003164,ivan_matic3164,Ivan Matic,2024-01-27T12:17:00.0000000Z
u0003165,filip_sever3165,Filip Sever,2025-08-02T19:49:00.0000000Z
u0003166,ana_curic3166,Ana Curic,2025-12-21T03:44:00.0000000Z
u0003167,toni_vukovic3167,Toni Vukovic,2025-03-03T02:41:00.0000000Z
u0003168,lana_radic3168,Lana Radic,2024-10-17T18:39:00.0000000Z
u0003169,leon_maric3169,Leon Maric,2025-06-04T23:57:00.0000000Z
u0003170,toni_kovacevic3170,Toni Kovacevic,2025-11-17T09:06:00.0000000Z
u0003171,nika_maric3171,Nika Maric,2024-11-15T16:57:00.0000000Z
u0003172,dario_kolar3172,Dario Kolar,2025-10-29T03:02:00.0000000Z
u0003173,ema_babic3173,Ema Babic,2024-09-08T06:14:00.0000000Z
u0003174,nika_horvat3174,Nika Horvat,2024-04-12T23:03:00.0000000Z
u0003175,josip_simic3175,Josip Simic,2025-05-30T02:10:00.0000000Z
u0003176,nika_horvat3176,Nika Horvat,2025-12-29T15:45:00.0000000Z
u0003177,sara_pavlovic3177,Sara Pavlovic,2024-10-08T11:55:00.0000000Z
u0003178,luka_babic3178,Luka Babic,2025-07-09T19:53:00.0000000Z
u0003179,ema_pavlovic3179,Ema Pavlovic,2024-02-26T13:52:00.0000000Z
u0003180,filip_kovacevic3180,Filip Kovacevic,2025-10-03T21:48:00.0000000Z
u0003181,toni_kovacevic3181,Toni Kovacevic,2025-08-04T08:41:00.0000000Z
u0003182,mia_radic3182,Mia Radic,2024-07-10T12:08:00.0000000Z
u0003183,nika_vidovic3183,Nika Vidovic,2024-07-18T12:44:00.0000000Z
u0003184,ines_kolar3184,Ines Kolar,2025-08-07T18:59:00.0000000Z
u0003185,toni_kovac3185,Toni Kovac,2024-09-05T11:42:00.0000000Z
u0003186,josip_horvat3186,Josip Horvat,2025-11-13T15:46:00.0000000Z
u0003187,sara_kovacevic3187,Sara Kovacevic,2024-04-21T01:25:00.0000000Z
u0003188,bruno_sever3188,Bruno Sever,2025-05-08T13:47:00.0000000Z
u0003189,nika_kovacevic3189,Nika Kovacevic,2024-03-07T14:46:00.0000000Z
u0003190,sara_novak3190,Sara Novak,2024-02-27T22:11:00.0000000Z
u0003191,karlo_sever3191,Karlo Sever,2025-08-05T07:22:00.0000000Z
u0003192,lana_curic3192,Lana Curic,2025-05-18T20:09:00.0000000Z
u0003193,filip_kovac3193,Filip Kovac,2024-03-01T18:15:00.0000000Z
u0003194,josip_sever3194,Josip Sever,2024-06-14T21:42:00.0000000Z
u0003195,bruno_vidovic3195,Bruno Vidovic,2025-10-20T04:53:00.0000000Z
u0003196,nika_simic3196,Nika Simic,2024-02-06T19:34:00.0000000Z
u0003197,josip_vidovic3197,Josip Vidovic,2025-03-13T08:36:00.0000000Z
u0003198,marko_pavlovic3198,Marko Pavlovic,2025-12-24T10:30:00.0000000Z
u0003199,bruno_curic3199,Bruno Curic,2024-10-11T09:19:00.0000000Z
u0003200,marko_vidovic3200,Marko Vidovic,2024-05-05T19:17:00.0000000Z
u0003201,petra_curic3201,Petra Curic,2025-03-05T08:29:00.0000000Z
u0003202,petra_horvat3202,Petra Horvat,2025-07-12T07:36:00.0000000Z
u0003203,ana_maric3203,Ana Maric,2024-04-15T05:39:00.0000000Z
u0003204,sara_kovac3204,Sara Kovac,2025-12-21T07:01:00.0000000Z
u0003205,ines_novak3205,Ines Novak,2024-09-23T11:12:00.0000000Z
u0003206,leon_sever3206,Leon Sever,2024-04-06T23:22:00.0000000Z
u0003207,iva_sever3207,Iva Sever,2025-07-08T05:56:00.0000000Z
u0003208,ana_juric3208,Ana Juric,2024-10-03T20:04:00.0000000Z
u0003209,lana_perkovic3209,Lana Perkovic,2024-09-10T01:10:00.0000000Z
u0003210,karlo_kolar3210,Karlo Kolar,2025-12-16T13:24:00.0000000Z
u0003211,filip_novak3211,Filip Novak,2024-06-04T14:23:00.0000000Z
u0003212,leon_juric3212,Leon Juric,2024-02-04T12:44:00.0000000Z
u0003213,toni_radic3213,Toni Radic,2025-07-18T09:41:00.0000000Z
u0003214,marko_simic3214,Marko Simic,2024-10-21T05:28:00.0000000Z
u0003215,leon_zoric3215,Leon Zoric,2025-06-26T08:07:00.0000000Z
u0003216,toni_juric3216,Toni Juric,2024-10-03T15:08:00.0000000Z
u0003217,toni_vidovic3217,Toni Vidovic,2025-11-15T15:52:00.0000000Z
u0003218,ema_kovacevic3218,Ema Kovacevic,2025-09-25T08:45:00.0000000Z
u0003219,josip_babic3219,Josip Babic,2025-05-01T09:24:00.0000000Z
u0003220,luka_kolar3220,Luka Kolar,2024-09-12T12:32:00.0000000Z
u0003221,josip_maric3221,Josip Maric,2024-11-17T01:03:00.0000000Z
u0003222,petra_kovacevic3222,Petra Kovacevic,2025-09-30T17:47:00.0000000Z
u0003223,iva_curic3223,Iva Curic,2025-12-14T09:49:00.0000000Z
u0003224,filip_juric3224,Filip Juric,2024-12-01T16:42:00.0000000Z
u0003225,mia_pavlovic3225,Mia Pavlovic,2024-10-10T22:56:00.0000000Z
u0003226,mia_babic3226,Mia Babic,2024-12-19T20:15:00.0000000Z
u0003227,toni_barisic3227,Toni Barisic,2024-10-21T14:31:00.0000000Z
u0003228,dora_maric3228,Dora Maric,2025-11-13T19:22:00.0000000Z
u0003229,ana_horvat3229,Ana Horvat,2025-10-03T09:28:00.0000000Z
u0003230,filip_matic3230,Filip Matic,2024-04-13T14:29:00.0000000Z
u0003231,mia_knezevic3231,Mia Knezevic,2025-08-19T11:29:00.0000000Z
u0003232,josip_kolar3232,Josip Kolar,2024-10-07T14:33:00.0000000Z
u0003233,dora_kolar3233,Dora Kolar,2024-11-03T11:54:00.0000000Z
u0003234,ines_vidovic3234,Ines Vidovic,2024-09-12T02:00:00.0000000Z
u0003235,josip_kovacevic3235,Josip Kovacevic,2025-01-12T02:08:00.0000000Z
u0003236,lana_barisic3236,Lana Barisic,2025-05-31T22:21:00.0000000Z
u0003237,lana_kovac3237,Lana Kovac,2025-12-27T20:51:00.0000000Z
u0003238,petra_simic3238,Petra Simic,2025-09-09T12:59:00.0000000Z
u0003239,leon_matic3239,Leon Matic,2024-01-12T17:10:00.0000000Z
u0003240,dario_babic3240,Dario Babic,2024-08-11T03:50:00.0000000Z
u0003241,dora_knezevic3241,Dora Knezevic,2024-11-19T12:56:00.0000000Z
u0003242,karlo_curic3242,Karlo Curic,2025-09-16T13:42:00.0000000Z
u0003243,toni_curic3243,Toni Curic,2025-11-01T20:47:00.0000000Z
u0003244,ana_vukovic3244,Ana Vukovic,2024-10-13T07:37:00.0000000Z
u0003245,ivan_zoric3245,Ivan Zoric,2024-01-22T03:00:00.0000000Z
u0003246,ivan_simic3246,Ivan Simic,2025-09-28T20:45:00.0000000Z
u0003247,josip_simic3247,Josip Simic,2024-04-17T04:36:00.0000000Z
u0003248,petra_barisic3248,Petra Barisic,2024-11-17T20:43:00.0000000Z
u0003249,marko_maric3249,Marko Maric,2025-09-18T00:21:00.0000000Z
u0003250,dora_matic3250,Dora Matic,2024-07-14T18:25:00.0000000Z
u0003251,mia_matic3251,Mia Matic,2025-03-29T02:56:00.0000000Z
u0003252,marko_barisic3252,Marko Barisic,2024-10-26T21:58:00.0000000Z
u0003253,leon_simic3253,Leon Simic,2024-09-28T05:40:00.0000000Z
u0003254,sara_vidovic3254,Sara Vidovic,2025-12-02T03:45:00.0000000Z
u0003255,iva_matic3255,Iva Matic,2025-04-29T16:50:00.0000000Z
u0003256,toni_babic3256,Toni Babic,2025-08-10T02:50:00.0000000Z
u0003257,karlo_barisic3257,Karlo Barisic,2025-10-07T15:42:00.0000000Z
u0003258,marko_kovac3258,Marko Kovac,2025-02-10T20:21:00.0000000Z
u0003259,petra_vidovic3259,Petra Vidovic,2025-02-13T15:10:00.0000000Z
u0003260,ana_perkovic3260,Ana Perkovic,2025-06-22T04:58:00.0000000Z
u0003261,dora_perkovic3261,Dora Perkovic,2024-12-01T17:22:00.0000000Z
u0003262,sara_pavlovic3262,Sara Pavlovic,2025-11-12T21:17:00.0000000Z
u0003263,iva_curic3263,Iva Curic,2025-10-16T15:35:00.0000000Z
u0003264,toni_babic3264,Toni Babic,2025-12-30T18:43:00.0000000Z
u0003265,dario_zoric3265,Dario Zoric,2025-06-16T04:24:00.0000000Z
u0003266,petra_vukovic3266,Petra Vukovic,2024-10-13T18:23:00.0000000Z
u0003267,iva_radic3267,Iva Radic,2024-02-29T09:22:00.0000000Z
u0003268,ivan_maric3268,Ivan Maric,2025-03-02T13:38:00.0000000Z
u0003269,mia_novak3269,Mia Novak,2024-09-29T10:18:00.0000000Z
u0003270,ivan_sever3270,Ivan Sever,2024-02-03T08:49:00.0000000Z
u0003271,karlo_curic3271,Karlo Curic,2025-10-02T08:17:00.0000000Z
u0003272,toni_perkovic3272,Toni Perkovic,2024-04-29T11:13:00.0000000Z
u0003273,dario_babic3273,Dario Babic,2025-09-03T14:24:00.0000000Z
u0003274,bruno_vidovic3274,Bruno Vidovic,2024-05-04T04:31:00.0000000Z
u0003275,leon_maric3275,Leon Maric,2025-06-27T10:02:00.0000000Z
u0003276,ines_pavlovic3276,Ines Pavlovic,2024-08-27T07:38:00.0000000Z
u0003277,karlo_sever3277,Karlo Sever,2024-11-20T11:39:00.0000000Z
u0003278,petra_novak3278,Petra Novak,2024-04-16T21:18:00.0000000Z
u0003279,sara_curic3279,Sara Curic,2025-01-12T18:13:00.0000000Z
u0003280,ines_juric3280,Ines Juric,2024-10-27T10:02:00.0000000Z
u0003281,nika_kolar3281,Nika Kolar,2025-12-24T15:25:00.0000000Z
u0003282,ines_zoric3282,Ines Zoric,2024-06-27T02:36:00.0000000Z
u0003283,marko_barisic3283,Marko Barisic,2024-03-10T05:41:00.0000000Z
u0003284,nika_perkovic3284,Nika Perkovic,2024-06-26T10:18:00.0000000Z
u0003285,nika_horvat3285,Nika Horvat,2025-06-02T19:50:00.0000000Z
u0003286,leon_babic3286,Leon Babic,2025-11-28T07:33:00.0000000Z
u0003287,karlo_matic3287,Karlo Matic,2025-02-28T19:38:00.0000000Z
u0003288,ana_novak3288,Ana Novak,2025-12-19T10:27:00.0000000Z
u0003289,toni_perkovic3289,Toni Perkovic,2025-05-10T08:31:00.0000000Z
u0003290,bruno_sever3290,Bruno Sever,2025-06-08T07:16:00.0000000Z
u0003291,toni_pavlovic3291,Toni Pavlovic,2025-09-27T23:35:00.0000000Z
u0003292,josip_maric3292,Josip Maric,2024-03-31T10:28:00.0000000Z
u0003293,petra_kovac3293,Petra Kovac,2024-11-10T06:41:00.0000000Z
u0003294,dario_zoric3294,Dario Zoric,2025-07-20T14:55:00.0000000Z
u0003295,luka_juric3295,Luka Juric,2024-07-28T07:54:00.0000000Z
u0003296,luka_pavlovic3296,Luka Pavlovic,2024-05-10T03:58:00.0000000Z
u0003297,josip_kolar3297,Josip Kolar,2025-08-06T05:32:00.0000000Z
u0003298,nika_horvat3298,Nika Horvat,2025-07-14T17:52:00.0000000Z
u0003299,karlo_radic3299,Karlo Radic,2024-12-11T07:26:00.0000000Z
u0003300,ana_novak3300,Ana Novak,2024-03-04T12:14:00.0000000Z
u0003301,nika_vukovic3301,Nika Vukovic,2025-10-10T09:17:00.0000000Z
u0003302,mia_curic3302,Mia Curic,2024-02-14T07:48:00.0000000Z
u0003303,mia_babic3303,Mia Babic,2025-10-02T23:46:00.0000000Z
u0003304,nika_kolar3304,Nika Kolar,2024-03-06T05:48:00.0000000Z
u0003305,dario_kovacevic3305,Dario Kovacevic,2025-06-21T19:12:00.0000000Z
u0003306,karlo_vidovic3306,Karlo Vidovic,2025-12-10T15:52:00.0000000Z
u0003307,sara_vukovic3307,Sara Vukovic,2024-02-19T17:13:00.0000000Z
u0003308,dario_juric3308,Dario Juric,2024-06-19T14:21:00.0000000Z
u0003309,leon_kovac3309,Leon Kovac,2025-03-06T06:32:00.0000000Z
u0003310,marko_simic3310,Marko Simic,2025-04-22T00:14:00.0000000Z
u0003311,sara_maric3311,Sara Maric,2025-08-11T18:52:00.0000000Z
u0003312,filip_curic3312,Filip Curic,2024-09-27T11:05:00.0000000Z
u0003313,ines_barisic3313,Ines Barisic,2024-09-07T22:36:00.0000000Z
u0003314,luka_vidovic3314,Luka Vidovic,2024-12-19T17:09:00.0000000Z
u0003315,filip_vidovic3315,Filip Vidovic,2024-01-09T23:00:00.0000000Z
u0003316,bruno_horvat3316,Bruno Horvat,2025-05-23T03:55:00.0000000Z
u0003317,ana_horvat3317,Ana Horvat,2025-05-28T07:35:00.0000000Z
u0003318,dario_kovacevic3318,Dario Kovacevic,2025-09-12T13:46:00.0000000Z
u0003319,ana_kovac3319,Ana Kovac,2024-03-11T13:55:00.0000000Z
u0003320,sara_matic3320,Sara Matic,2025-09-01T17:49:00.0000000Z
u0003321,lana_juric3321,Lana Juric,2025-01-23T09:40:00.0000000Z
u0003322,luka_curic3322,Luka Curic,2025-02-13T07:36:00.0000000Z
u0003323,ema_maric3323,Ema Maric,2024-10-22T06:50:00.0000000Z
u0003324,mia_curic3324,Mia Curic,2025-11-28T21:11:00.0000000Z
u0003325,toni_matic3325,Toni Matic,2025-02-20T05:11:00.0000000Z
u0003326,nika_novak3326,Nika Novak,2024-11-21T17:25:00.0000000Z
u0003327,luka_novak3327,Luka Novak,2024-02-03T20:33:00.0000000Z
u0003328,ines_kovac3328,Ines Kovac,2025-02-22T04:16:00.0000000Z
u0003329,dora_babic3329,Dora Babic,2025-09-21T05:42:00.0000000Z
u0003330,dora_kovacevic3330,Dora Kovacevic,2025-09-26T23:47:00.0000000Z
u0003331,ema_novak3331,Ema Novak,2024-10-18T06:49:00.0000000Z
u0003332,dario_zoric3332,Dario Zoric,2025-02-13T09:37:00.0000000Z
u0003333,dora_kovac3333,Dora Kovac,2025-10-28T09:44:00.0000000Z
u0003334,lana_knezevic3334,Lana Knezevic,2025-09-17T03:21:00.0000000Z
u0003335,ema_perkovic3335,Ema Perkovic,2024-03-18T10:35:00.0000000Z
u0003336,bruno_barisic3336,Bruno Barisic,2025-09-03T23:58:00.0000000Z
u0003337,ema_knezevic3337,Ema Knezevic,2025-09-23T13:12:00.0000000Z
u0003338,sara_knezevic3338,Sara Knezevic,2024-06-29T18:41:00.0000000Z
u0003339,iva_simic3339,Iva Simic,2024-05-23T21:58:00.0000000Z
u0003340,dora_juric3340,Dora Juric,2025-07-27T18:54:00.0000000Z
u0003341,sara_kovacevic3341,Sara Kovacevic,2025-09-17T06:59:00.0000000Z
u0003342,dario_kovac3342,Dario Kovac,2025-05-14T12:22:00.0000000Z
u0003343,nika_babic3343,Nika Babic,2025-06-07T03:35:00.0000000Z
u0003344,ana_pavlovic3344,Ana Pavlovic,2024-03-31T19:39:00.0000000Z
u0003345,dario_zoric3345,Dario Zoric,2025-07-25T13:12:00.0000000Z
u0003346,petra_pavlovic3346,Petra Pavlovic,2024-10-23T16:27:00.0000000Z
u0003347,lana_novak3347,Lana Novak,2024-07-21T13:07:00.0000000Z
u0003348,ana_perkovic3348,Ana Perkovic,2025-10-11T04:30:00.0000000Z
u0003349,ana_pavlovic3349,Ana Pavlovic,2025-08-07T07:07:00.0000000Z
u0003350,petra_kolar3350,Petra Kolar,2024-05-09T00:12:00.0000000Z
u0003351,mia_sever3351,Mia Sever,2025-08-07T21:47:00.0000000Z
u0003352,marko_zoric3352,Marko Zoric,2024-03-14T06:56:00.0000000Z
u0003353,dora_zoric3353,Dora Zoric,2025-02-22T03:37:00.0000000Z
u0003354,josip_maric3354,Josip Maric,2025-07-03T09:49:00.0000000Z
u0003355,marko_juric3355,Marko Juric,2025-08-10T02:19:00.0000000Z
u0003356,bruno_babic3356,Bruno Babic,2025-04-29T03:37:00.0000000Z
u0003357,lana_simic3357,Lana Simic,2025-12-13T17:06:00.0000000Z
u0003358,iva_matic3358,Iva Matic,2024-02-22T00:38:00.0000000Z
u0003359,dario_perkovic3359,Dario Perkovic,2025-04-19T09:20:00.0000000Z
u0003360,dora_radic3360,Dora Radic,2024-12-08T10:16:00.0000000Z
u0003361,ines_knezevic3361,Ines Knezevic,2024-10-19T04:58:00.0000000Z
u0003362,dario_pavlovic3362,Dario Pavlovic,2025-04-10T14:32:00.0000000Z
u0003363,filip_knezevic3363,Filip Knezevic,2024-01-13T10:28:00.0000000Z
u0003364,sara_maric3364,Sara Maric,2025-09-08T15:30:00.0000000Z
u0003365,karlo_horvat3365,Karlo Horvat,2024-01-10T10:13:00.0000000Z
u0003366,dario_curic3366,Dario Curic,2024-10-23T07:27:00.0000000Z
u0003367,ivan_juric3367,Ivan Juric,2025-01-04T11:51:00.0000000Z
u0003368,marko_perkovic3368,Marko Perkovic,2024-03-29T03:27:00.0000000Z
u0003369,luka_simic3369,Luka Simic,2024-12-31T14:20:00.0000000Z
u0003370,bruno_pavlovic3370,Bruno Pavlovic,2024-02-26T17:19:00.0000000Z
u0003371,lana_horvat3371,Lana Horvat,2024-06-14T17:32:00.0000000Z
u0003372,marko_radic3372,Marko Radic,2025-07-26T17:48:00.0000000Z
u0003373,mia_simic3373,Mia Simic,2025-04-01T05:07:00.0000000Z
u0003374,petra_knezevic3374,Petra Knezevic,2025-06-02T19:57:00.0000000Z
u0003375,toni_zoric3375,Toni Zoric,2024-10-25T07:14:00.0000000Z
u0003376,marko_sever3376,Marko Sever,2024-11-22T16:15:00.0000000Z
u0003377,ivan_sever3377,Ivan Sever,2025-07-18T10:47:00.0000000Z
u0003378,luka_barisic3378,Luka Barisic,2024-07-13T03:27:00.0000000Z
u0003379,dora_kolar3379,Dora Kolar,2025-06-08T19:33:00.0000000Z
u0003380,ema_kovacevic3380,Ema Kovacevic,2024-02-23T01:44:00.0000000Z
u0003381,marko_simic3381,Marko Simic,2025-07-29T07:47:00.0000000Z
u0003382,leon_novak3382,Leon Novak,2024-04-25T02:55:00.0000000Z
u0003383,toni_kolar3383,Toni Kolar,2025-01-05T02:28:00.0000000Z
u0003384,luka_maric3384,Luka Maric,2024-08-21T16:20:00.0000000Z
u0003385,iva_curic3385,Iva Curic,2025-09-09T21:20:00.0000000Z
u0003386,iva_matic3386,Iva Matic,2025-10-22T07:27:00.0000000Z
u0003387,bruno_kovac3387,Bruno Kovac,2025-03-25T13:29:00.0000000Z
u0003388,ivan_perkovic3388,Ivan Perkovic,2025-04-08T06:35:00.0000000Z
u0003389,filip_novak3389,Filip Novak,2024-04-19T17:36:00.0000000Z
u0003390,dora_babic3390,Dora Babic,2025-07-31T15:15:00.0000000Z
u0003391,ivan_kovac3391,Ivan Kovac,2024-06-25T20:44:00.0000000Z
u0003392,nika_horvat3392,Nika Horvat,2025-08-24T18:58:00.0000000Z
u0003393,leon_kolar3393,Leon Kolar,2025-02-05T14:33:00.0000000Z
u0003394,ema_radic3394,Ema Radic,2024-06-14T21:11:00.0000000Z
u0003395,leon_vidovic3395,Leon Vidovic,2025-08-15T04:00:00.0000000Z
u0003396,lana_matic3396,Lana Matic,2025-12-04T09:53:00.0000000Z
u0003397,josip_maric3397,Josip Maric,2024-07-05T15:21:00.0000000Z
u0003398,karlo_simic3398,Karlo Simic,2024-07-16T14:45:00.0000000Z
u0003399,lana_kovac3399,Lana Kovac,2025-11-03T17:58:00.0000000Z
u0003400,petra_pavlovic3400,Petra Pavlovic,2024-01-19T12:55:00.0000000Z
u0003401,ana_perkovic3401,Ana Perkovic,2025-03-06T00:32:00.0000000Z
u0003402,bruno_maric3402,Bruno Maric,2024-03-13T19:07:00.0000000Z
u0003403,ivan_novak3403,Ivan Novak,2025-10-11T02:48:00.0000000Z
u0003404,ana_barisic3404,Ana Barisic,2025-07-26T10:21:00.0000000Z
u0003405,mia_matic3405,Mia Matic,2025-02-09T01:50:00.0000000Z
u0003406,mia_babic3406,Mia Babic,2025-09-06T08:43:00.0000000Z
u0003407,karlo_barisic3407,Karlo Barisic,2025-06-26T20:10:00.0000000Z
u0003408,petra_radic3408,Petra Radic,2025-12-11T12:24:00.0000000Z
u0003409,dario_juric3409,Dario Juric,2025-01-03T22:02:00.0000000Z
u0003410,dora_kovac3410,Dora Kovac,2025-11-21T09:28:00.0000000Z
u0003411,leon_zoric3411,Leon Zoric,2024-02-22T13:24:00.0000000Z
u0003412,dario_novak3412,Dario Novak,2025-09-17T19:46:00.0000000Z
u0003413,toni_novak3413,Toni Novak,2025-05-02T03:51:00.0000000Z
u0003414,bruno_vukovic3414,Bruno Vukovic,2024-06-20T00:35:00.0000000Z
u0003415,ivan_vukovic3415,Ivan Vukovic,2024-08-03T02:48:00.0000000Z
u0003416,lana_matic3416,Lana Matic,2024-03-18T13:24:00.0000000Z
u0003417,bruno_kovac3417,Bruno Kovac,2025-12-09T17:48:00.0000000Z
u0003418,ivan_kovacevic3418,Ivan Kovacevic,2025-07-25T22:30:00.0000000Z
u0003419,ema_vidovic3419,Ema Vidovic,2024-03-24T23:55:00.0000000Z
u0003420,toni_maric3420,Toni Maric,2025-10-27T08:00:00.0000000Z
u0003421,nika_babic3421,Nika Babic,2024-04-07T07:49:00.0000000Z
u0003422,leon_babic3422,Leon Babic,2024-03-16T16:46:00.0000000Z
u0003423,bruno_vidovic3423,Bruno Vidovic,2024-06-07T20:52:00.0000000Z
u0003424,sara_zoric3424,Sara Zoric,2025-10-10T05:43:00.0000000Z
u0003425,petra_babic3425,Petra Babic,2024-12-13T13:14:00.0000000Z
u0003426,dario_babic3426,Dario Babic,2024-04-15T04:10:00.0000000Z
u0003427,sara_kovac3427,Sara Kovac,2025-07-31T14:55:00.0000000Z
u0003428,mia_juric3428,Mia Juric,2024-01-20T19:10:00.0000000Z
u0003429,dora_vidovic3429,Dora Vidovic,2024-11-16T12:20:00.0000000Z
u0003430,ema_novak3430,Ema Novak,2024-11-04T17:24:00.0000000Z
u0003431,bruno_horvat3431,Bruno Horvat,2024-02-02T15:14:00.0000000Z
u0003432,iva_babic3432,Iva Babic,2024-07-15T09:13:00.0000000Z
u0003433,marko_babic3433,Marko Babic,2024-07-22T02:24:00.0000000Z
u0003434,petra_zoric3434,Petra Zoric,2025-04-05T03:57:00.0000000Z
u0003435,ines_horvat3435,Ines Horvat,2024-08-20T00:17:00.0000000Z
u0003436,ivan_curic3436,Ivan Curic,2024-06-08T04:55:00.0000000Z
u0003437,filip_zoric3437,Filip Zoric,2025-06-01T00:58:00.0000000Z
u0003438,dora_curic3438,Dora Curic,2024-03-25T16:26:00.0000000Z
u0003439,marko_maric3439,Marko Maric,2025-09-12T20:33:00.0000000Z
u0003440,marko_sever3440,Marko Sever,2024-08-04T09:36:00.0000000Z
u0003441,sara_knezevic3441,Sara Knezevic,2025-03-04T06:23:00.0000000Z
u0003442,iva_sever3442,Iva Sever,2025-06-15T11:09:00.0000000Z
u0003443,karlo_knezevic3443,Karlo Knezevic,2025-12-27T05:54:00.0000000Z
u0003444,luka_knezevic3444,Luka Knezevic,2025-12-17T10:51:00.0000000Z
u0003445,ines_matic3445,Ines Matic,2024-08-10T10:49:00.0000000Z
u0003446,petra_radic3446,Petra Radic,2024-06-22T10:12:00.0000000Z
u0003447,bruno_barisic3447,Bruno Barisic,2025-10-31T11:23:00.0000000Z
u0003448,luka_sever3448,Luka Sever,2024-12-09T11:41:00.0000000Z
u0003449,bruno_zoric3449,Bruno Zoric,2024-03-03T05:58:00.0000000Z
u0003450,leon_pavlovic3450,Leon Pavlovic,2025-11-03T23:20:00.0000000Z
u0003451,josip_sever3451,Josip Sever,2024-04-28T12:05:00.0000000Z
u0003452,dora_radic3452,Dora Radic,2024-09-02T01:59:00.0000000Z
u0003453,ana_kovac3453,Ana Kovac,2024-02-15T20:37:00.0000000Z
u0003454,nika_novak3454,Nika Novak,2024-12-21T19:20:00.0000000Z
u0003455,luka_babic3455,Luka Babic,2024-09-22T18:22:00.0000000Z
u0003456,bruno_babic3456,Bruno Babic,2024-11-24T02:56:00.0000000Z
u0003457,karlo_sever3457,Karlo Sever,2025-05-14T20:21:00.0000000Z
u0003458,toni_vukovic3458,Toni Vukovic,2024-02-25T22:05:00.0000000Z
u0003459,mia_knezevic3459,Mia Knezevic,2024-11-19T00:26:00.0000000Z
u0003460,marko_kovac3460,Marko Kovac,2024-05-14T10:07:00.0000000Z
u0003461,toni_curic3461,Toni Curic,2025-07-25T06:15:00.0000000Z
u0003462,ivan_zoric3462,Ivan Zoric,2024-10-28T22:41:00.0000000Z
u0003463,karlo_barisic3463,Karlo Barisic,2025-12-02T17:58:00.0000000Z
u0003464,dora_babic3464,Dora Babic,2024-10-31T03:03:00.0000000Z
u0003465,petra_babic3465,Petra Babic,2025-04-21T05:58:00.0000000Z
u0003466,josip_sever3466,Josip Sever,2025-10-05T00:20:00.0000000Z
u0003467,marko_sever3467,Marko Sever,2025-05-01T06:07:00.0000000Z
u0003468,toni_babic3468,Toni Babic,2025-05-08T20:39:00.0000000Z
u0003469,luka_vidovic3469,Luka Vidovic,2025-03-12T10:19:00.0000000Z
u0003470,ivan_pavlovic3470,Ivan Pavlovic,2024-03-01T08:34:00.0000000Z
u0003471,ines_curic3471,Ines Curic,2024-01-11T02:00:00.0000000Z
u0003472,ines_curic3472,Ines Curic,2024-08-25T05:54:00.0000000Z
u0003473,bruno_maric3473,Bruno Maric,2024-08-15T13:56:00.0000000Z
u0003474,dora_curic3474,Dora Curic,2024-06-10T09:00:00.0000000Z
u0003475,lana_vidovic3475,Lana Vidovic,2025-09-06T16:40:00.0000000Z
u0003476,ema_knezevic3476,Ema Knezevic,2024-07-21T12:01:00.0000000Z
u0003477,josip_curic3477,Josip Curic,2024-11-21T12:37:00.0000000Z
u0003478,nika_horvat3478,Nika Horvat,2024-03-08T08:43:00.0000000Z
u0003479,dario_horvat3479,Dario Horvat,2025-08-04T22:29:00.0000000Z
u0003480,marko_vidovic3480,Marko Vidovic,2025-12-18T13:00:00.0000000Z
u0003481,karlo_kolar3481,Karlo Kolar,2024-07-24T14:22:00.0000000Z
u0003482,ines_kovac3482,Ines Kovac,2024-05-18T10:34:00.0000000Z
u0003483,josip_juric3483,Josip Juric,2024-05-05T21:48:00.0000000Z
u0003484,filip_kolar3484,Filip Kolar,2025-09-10T15:56:00.0000000Z
u0003485,nika_maric3485,Nika Maric,2024-02-28T10:57:00.0000000Z
u0003486,josip_babic3486,Josip Babic,2024-07-19T20:25:00.0000000Z
u0003487,karlo_sever3487,Karlo Sever,2024-09-25T05:33:00.0000000Z
u0003488,filip_perkovic3488,Filip Perkovic,2025-04-21T12:27:00.0000000Z
u0003489,toni_kovacevic3489,Toni Kovacevic,2025-11-01T01:27:00.0000000Z
u0003490,leon_vukovic3490,Leon Vukovic,2025-11-17T05:47:00.0000000Z
u0003491,dario_simic3491,Dario Simic,2024-08-17T12:51:00.0000000Z
u0003492,filip_babic3492,Filip Babic,2024-05-07T06:34:00.0000000Z
u0003493,leon_pavlovic3493,Leon Pavlovic,2025-07-13T13:29:00.0000000Z
u0003494,sara_barisic3494,Sara Barisic,2024-04-13T17:40:00.0000000Z
u0003495,marko_kovac3495,Marko Kovac,2024-06-13T03:09:00.0000000Z
u0003496,nika_sever3496,Nika Sever,2025-09-15T03:44:00.0000000Z
u0003497,ana_kovac3497,Ana Kovac,2025-09-19T08:05:00.0000000Z
u0003498,dario_juric3498,Dario Juric,2025-09-24T17:53:00.0000000Z
u0003499,toni_matic3499,Toni Matic,2024-02-22T10:54:00.0000000Z
u0003500,toni_novak3500,Toni Novak,2025-06-27T05:49:00.0000000Z
u0003501,ema_matic3501,Ema Matic,2025-11-13T20:34:00.0000000Z
u0003502,luka_zoric3502,Luka Zoric,2024-04-01T23:31:00.0000000Z
u0003503,dario_novak3503,Dario Novak,2024-01-16T14:19:00.0000000Z
u0003504,leon_radic3504,Leon Radic,2025-01-27T18:29:00.0000000Z
u0003505,dario_maric3505,Dario Maric,2024-03-16T17:26:00.0000000Z
u0003506,luka_novak3506,Luka Novak,2025-02-16T05:47:00.0000000Z
u0003507,josip_horvat3507,Josip Horvat,2024-09-04T11:45:00.0000000Z
u0003508,ivan_curic3508,Ivan Curic,2024-07-28T23:37:00.0000000Z
u0003509,ivan_horvat3509,Ivan Horvat,2024-08-26T21:50:00.0000000Z
u0003510,josip_kolar3510,Josip Kolar,2025-04-11T17:15:00.0000000Z
u0003511,marko_kovacevic3511,Marko Kovacevic,2024-09-25T10:05:00.0000000Z
u0003512,ana_vukovic3512,Ana Vukovic,2024-10-07T08:29:00.0000000Z
u0003513,luka_barisic3513,Luka Barisic,2024-08-04T23:25:00.0000000Z
u0003514,ivan_kovac3514,Ivan Kovac,2025-07-03T04:15:00.0000000Z
u0003515,karlo_babic3515,Karlo Babic,2025-02-18T04:23:00.0000000Z
u0003516,filip_horvat3516,Filip Horvat,2024-03-06T07:44:00.0000000Z
u0003517,iva_vukovic3517,Iva Vukovic,2024-07-23T05:59:00.0000000Z
u0003518,dario_novak3518,Dario Novak,2024-05-28T14:12:00.0000000Z
u0003519,josip_novak3519,Josip Novak,2025-02-21T12:14:00.0000000Z
u0003520,toni_maric3520,Toni Maric,2025-08-02T11:18:00.0000000Z
u0003521,iva_kovac3521,Iva Kovac,2025-01-19T15:56:00.0000000Z
u0003522,mia_vidovic3522,Mia Vidovic,2024-05-22T09:45:00.0000000Z
u0003523,petra_matic3523,Petra Matic,2025-08-08T00:51:00.0000000Z
u0003524,bruno_horvat3524,Bruno Horvat,2024-09-07T09:51:00.0000000Z
u0003525,ema_kovacevic3525,Ema Kovacevic,2025-12-11T05:39:00.0000000Z
u0003526,nika_novak3526,Nika Novak,2025-08-09T02:07:00.0000000Z
u0003527,bruno_zoric3527,Bruno Zoric,2025-12-25T10:11:00.0000000Z
u0003528,luka_perkovic3528,Luka Perkovic,2024-08-23T21:57:00.0000000Z
u0003529,mia_simic3529,Mia Simic,2024-03-21T00:06:00.0000000Z
u0003530,petra_pavlovic3530,Petra Pavlovic,2024-05-06T09:37:00.0000000Z
u0003531,karlo_simic3531,Karlo Simic,2025-06-10T03:54:00.0000000Z
u0003532,dario_kovacevic3532,Dario Kovacevic,2025-12-16T09:28:00.0000000Z
u0003533,luka_matic3533,Luka Matic,2024-08-09T08:40:00.0000000Z
u0003534,mia_maric3534,Mia Maric,2025-01-19T19:53:00.0000000Z
u0003535,ema_horvat3535,Ema Horvat,2024-09-28T04:46:00.0000000Z
u0003536,leon_novak3536,Leon Novak,2025-09-28T10:56:00.0000000Z
u0003537,luka_vidovic3537,Luka Vidovic,2025-12-13T03:05:00.0000000Z
u0003538,iva_curic3538,Iva Curic,2024-10-13T10:11:00.0000000Z
u0003539,karlo_simic3539,Karlo Simic,2024-10-19T13:36:00.0000000Z
u0003540,luka_horvat3540,Luka Horvat,2024-05-31T18:09:00.0000000Z
u0003541,ivan_horvat3541,Ivan Horvat,2025-09-26T09:39:00.0000000Z
u0003542,toni_curic3542,Toni Curic,2024-12-01T14:36:00.0000000Z
u0003543,toni_zoric3543,Toni Zoric,2024-01-22T03:43:00.0000000Z
u0003544,dora_vukovic3544,Dora Vukovic,2025-07-24T15:55:00.0000000Z
u0003545,lana_kovacevic3545,Lana Kovacevic,2025-03-20T02:55:00.0000000Z
u0003546,lana_curic3546,Lana Curic,2025-04-13T02:59:00.0000000Z
u0003547,dora_knezevic3547,Dora Knezevic,2024-09-16T15:48:00.0000000Z
u0003548,luka_curic3548,Luka Curic,2025-08-06T03:01:00.0000000Z
u0003549,petra_horvat3549,Petra Horvat,2025-04-05T22:27:00.0000000Z
u0003550,filip_kolar3550,Filip Kolar,2025-06-23T14:22:00.0000000Z
u0003551,nika_horvat3551,Nika Horvat,2024-11-08T06:34:00.0000000Z
u0003552,ivan_juric3552,Ivan Juric,2024-04-15T16:40:00.0000000Z
u0003553,sara_perkovic3553,Sara Perkovic,2024-04-09T02:48:00.0000000Z
u0003554,leon_kovacevic3554,Leon Kovacevic,2024-12-13T04:30:00.0000000Z
u0003555,karlo_novak3555,Karlo Novak,2024-11-29T15:23:00.0000000Z
u0003556,petra_juric3556,Petra Juric,2025-02-27T01:04:00.0000000Z
u0003557,iva_kovacevic3557,Iva Kovacevic,2025-03-22T04:21:00.0000000Z
u0003558,iva_juric3558,Iva Juric,2025-03-13T18:38:00.0000000Z
u0003559,ines_vidovic3559,Ines Vidovic,2024-02-23T01:11:00.0000000Z
u0003560,ivan_knezevic3560,Ivan Knezevic,2025-09-23T02:34:00.0000000Z
u0003561,karlo_juric3561,Karlo Juric,2024-02-15T07:13:00.0000000Z
u0003562,ema_knezevic3562,Ema Knezevic,2024-09-05T00:51:00.0000000Z
u0003563,mia_knezevic3563,Mia Knezevic,2024-02-14T15:39:00.0000000Z
u0003564,lana_vidovic3564,Lana Vidovic,2024-07-30T15:34:00.0000000Z
u0003565,dario_horvat3565,Dario Horvat,2024-03-20T00:59:00.0000000Z
u0003566,ines_vukovic3566,Ines Vukovic,2025-05-22T22:56:00.0000000Z
u0003567,filip_horvat3567,Filip Horvat,2025-07-18T17:27:00.0000000Z
u0003568,ivan_radic3568,Ivan Radic,2024-09-24T00:10:00.0000000Z
u0003569,marko_vidovic3569,Marko Vidovic,2025-07-15T17:30:00.0000000Z
u0003570,karlo_novak3570,Karlo Novak,2024-11-16T12:27:00.0000000Z
u0003571,ivan_simic3571,Ivan Simic,2024-06-16T06:56:00.0000000Z
u0003572,ema_kovac3572,Ema Kovac,2024-01-16T01:55:00.0000000Z
u0003573,josip_simic3573,Josip Simic,2025-08-24T12:05:00.0000000Z
u0003574,marko_vidovic3574,Marko Vidovic,2025-09-23T13:42:00.0000000Z
u0003575,dario_kovacevic3575,Dario Kovacevic,2025-01-21T06:47:00.0000000Z
u0003576,filip_juric3576,Filip Juric,2024-06-03T21:47:00.0000000Z
u0003577,lana_sever3577,Lana Sever,2024-11-26T14:34:00.0000000Z
u0003578,mia_kolar3578,Mia Kolar,2024-11-07T13:21:00.0000000Z
u0003579,ivan_zoric3579,Ivan Zoric,2025-07-01T01:47:00.0000000Z
u0003580,sara_maric3580,Sara Maric,2025-03-09T15:03:00.0000000Z
u0003581,nika_radic3581,Nika Radic,2024-04-27T14:47:00.0000000Z
u0003582,toni_vukovic3582,Toni Vukovic,2024-06-09T00:27:00.0000000Z
u0003583,ivan_novak3583,Ivan Novak,2025-11-29T04:59:00.0000000Z
u0003584,ivan_matic3584,Ivan Matic,2025-09-06T12:04:00.0000000Z
u0003585,ines_novak3585,Ines Novak,2024-04-29T17:30:00.0000000Z
u0003586,leon_radic3586,Leon Radic,2024-06-12T13:26:00.0000000Z
u0003587,karlo_vidovic3587,Karlo Vidovic,2025-02-16T22:46:00.0000000Z
u0003588,nika_kovacevic3588,Nika Kovacevic,2024-07-16T21:08:00.0000000Z
u0003589,dora_perkovic3589,Dora Perkovic,2025-09-19T08:34:00.0000000Z
u0003590,karlo_maric3590,Karlo Maric,2024-08-12T03:14:00.0000000Z
u0003591,ema_kolar3591,Ema Kolar,2024-10-12T14:31:00.0000000Z
u0003592,luka_radic3592,Luka Radic,2024-08-17T04:26:00.0000000Z
u0003593,bruno_barisic3593,Bruno Barisic,2025-11-09T02:14:00.0000000Z
u0003594,filip_juric3594,Filip Juric,2024-01-15T10:31:00.0000000Z
u0003595,ema_knezevic3595,Ema Knezevic,2025-01-04T00:59:00.0000000Z
u0003596,toni_radic3596,Toni Radic,2025-01-02T21:54:00.0000000Z
u0003597,ema_maric3597,Ema Maric,2024-06-26T06:48:00.0000000Z
u0003598,dario_barisic3598,Dario Barisic,2024-09-16T06:06:00.0000000Z
u0003599,ana_horvat3599,Ana Horvat,2024-05-18T03:06:00.0000000Z
u0003600,ines_pavlovic3600,Ines Pavlovic,2025-05-23T05:32:00.0000000Z
u0003601,mia_juric3601,Mia Juric,2024-02-09T08:48:00.0000000Z
u0003602,toni_vidovic3602,Toni Vidovic,2025-06-30T23:48:00.0000000Z
u0003603,lana_pavlovic3603,Lana Pavlovic,2025-05-09T13:56:00.0000000Z
u0003604,ines_novak3604,Ines Novak,2025-04-10T05:44:00.0000000Z
u0003605,ema_radic3605,Ema Radic,2025-02-02T17:04:00.0000000Z
u0003606,dario_kovacevic3606,Dario Kovacevic,2025-11-11T23:41:00.0000000Z
u0003607,iva_vukovic3607,Iva Vukovic,2024-05-18T21:50:00.0000000Z
u0003608,mia_radic3608,Mia Radic,2025-12-29T09:45:00.0000000Z
u0003609,ivan_kolar3609,Ivan Kolar,2025-09-18T00:34:00.0000000Z
u0003610,ana_novak3610,Ana Novak,2025-01-24T19:32:00.0000000Z
u0003611,marko_vidovic3611,Marko Vidovic,2024-07-09T00:53:00.0000000Z
u0003612,luka_sever3612,Luka Sever,2024-01-02T13:06:00.0000000Z
u0003613,dora_pavlovic3613,Dora Pavlovic,2025-03-04T19:40:00.0000000Z
u0003614,iva_maric3614,Iva Maric,2025-09-22T01:34:00.0000000Z
u0003615,karlo_knezevic3615,Karlo Knezevic,2025-12-15T00:31:00.0000000Z
u0003616,toni_novak3616,Toni Novak,2024-08-31T02:35:00.0000000Z
u0003617,karlo_matic3617,Karlo Matic,2025-06-03T08:43:00.0000000Z
u0003618,ema_babic3618,Ema Babic,2024-07-09T09:56:00.0000000Z
u0003619,dario_horvat3619,Dario Horvat,2025-06-08T17:19:00.0000000Z
u0003620,ivan_simic3620,Ivan Simic,2024-02-21T11:07:00.0000000Z
u0003621,ines_knezevic3621,Ines Knezevic,2024-11-17T09:05:00.0000000Z
u0003622,marko_kolar3622,Marko Kolar,2024-10-11T23:33:00.0000000Z
u0003623,mia_kovac3623,Mia Kovac,2025-02-24T20:37:00.0000000Z
u0003624,dario_simic3624,Dario Simic,2025-05-22T11:51:00.0000000Z
u0003625,filip_horvat3625,Filip Horvat,2024-06-05T14:25:00.0000000Z
u0003626,filip_radic3626,Filip Radic,2024-04-02T14:56:00.0000000Z
u0003627,ana_matic3627,Ana Matic,2025-01-11T10:38:00.0000000Z
u0003628,dario_novak3628,Dario Novak,2025-06-09T00:42:00.0000000Z
u0003629,karlo_barisic3629,Karlo Barisic,2025-05-18T07:46:00.0000000Z
u0003630,dora_kolar3630,Dora Kolar,2025-11-21T09:13:00.0000000Z
u0003631,ema_curic3631,Ema Curic,2024-01-16T09:44:00.0000000Z
u0003632,dario_barisic3632,Dario Barisic,2025-06-28T15:49:00.0000000Z
u0003633,josip_perkovic3633,Josip Perkovic,2025-05-16T19:02:00.0000000Z
u0003634,nika_novak3634,Nika Novak,2024-05-02T10:38:00.0000000Z
u0003635,iva_juric3635,Iva Juric,2025-10-20T17:29:00.0000000Z
u0003636,ana_curic3636,Ana Curic,2024-03-25T02:33:00.0000000Z
u0003637,ana_maric3637,Ana Maric,2024-12-13T02:31:00.0000000Z
u0003638,nika_horvat3638,Nika Horvat,2024-04-02T09:58:00.0000000Z
u0003639,nika_vukovic3639,Nika Vukovic,2024-05-16T17:44:00.0000000Z
u0003640,bruno_kovacevic3640,Bruno Kovacevic,2025-09-17T13:50:00.0000000Z
u0003641,bruno_vukovic3641,Bruno Vukovic,2024-09-02T01:30:00.0000000Z
u0003642,toni_juric3642,Toni Juric,2025-05-04T07:52:00.0000000Z
u0003643,sara_vidovic3643,Sara Vidovic,2024-04-15T16:58:00.0000000Z
u0003644,lana_curic3644,Lana Curic,2025-09-09T13:07:00.0000000Z
u0003645,josip_knezevic3645,Josip Knezevic,2024-06-16T23:06:00.0000000Z
u0003646,filip_zoric3646,Filip Zoric,2025-12-03T10:18:00.0000000Z
u0003647,karlo_vidovic3647,Karlo Vidovic,2025-11-29T22:28:00.0000000Z
u0003648,nika_sever3648,Nika Sever,2025-02-04T01:33:00.0000000Z
u0003649,lana_perkovic3649,Lana Perkovic,2025-09-29T12:51:00.0000000Z
u0003650,ines_sever3650,Ines Sever,2024-12-29T00:44:00.0000000Z
u0003651,nika_kolar3651,Nika Kolar,2024-09-21T05:59:00.0000000Z
u0003652,karlo_barisic3652,Karlo Barisic,2025-09-13T06:21:00.0000000Z
u0003653,karlo_babic3653,Karlo Babic,2024-01-04T00:51:00.0000000Z
u0003654,luka_kovacevic3654,Luka Kovacevic,2024-03-01T03:58:00.0000000Z
u0003655,dora_simic3655,Dora Simic,2024-07-19T07:38:00.0000000Z
u0003656,toni_maric3656,Toni Maric,2025-03-17T05:33:00.0000000Z
u0003657,ines_novak3657,Ines Novak,2025-03-13T09:11:00.0000000Z
u0003658,luka_curic3658,Luka Curic,2025-01-10T17:38:00.0000000Z
u0003659,ines_babic3659,Ines Babic,2024-11-05T18:25:00.0000000Z
u0003660,iva_maric3660,Iva Maric,2025-02-19T14:49:00.0000000Z
u0003661,iva_zoric3661,Iva Zoric,2025-09-24T11:21:00.0000000Z
u0003662,toni_curic3662,Toni Curic,2024-05-27T19:42:00.0000000Z
u0003663,lana_pavlovic3663,Lana Pavlovic,2025-02-01T23:03:00.0000000Z
u0003664,mia_radic3664,Mia Radic,2025-04-13T21:27:00.0000000Z
u0003665,dora_simic3665,Dora Simic,2024-12-04T19:11:00.0000000Z
u0003666,ines_pavlovic3666,Ines Pavlovic,2024-09-30T22:32:00.0000000Z
u0003667,ema_vidovic3667,Ema Vidovic,2025-01-28T10:53:00.0000000Z
u0003668,ema_sever3668,Ema Sever,2025-07-05T07:37:00.0000000Z
u0003669,ines_kovacevic3669,Ines Kovacevic,2025-08-05T06:54:00.0000000Z
u0003670,karlo_curic3670,Karlo Curic,2025-07-08T22:38:00.0000000Z
u0003671,josip_horvat3671,Josip Horvat,2025-12-05T13:54:00.0000000Z
u0003672,josip_knezevic3672,Josip Knezevic,2025-02-14T16:25:00.0000000Z
u0003673,luka_kovacevic3673,Luka Kovacevic,2025-05-02T20:23:00.0000000Z
u0003674,ivan_babic3674,Ivan Babic,2025-01-31T15:47:00.0000000Z
u0003675,ivan_radic3675,Ivan Radic,2025-05-19T09:33:00.0000000Z
u0003676,dora_juric3676,Dora Juric,2024-08-21T03:34:00.0000000Z
u0003677,ivan_horvat3677,Ivan Horvat,2025-01-16T14:54:00.0000000Z
u0003678,ana_radic3678,Ana Radic,2024-08-21T11:21:00.0000000Z
u0003679,ana_radic3679,Ana Radic,2025-07-24T13:25:00.0000000Z
u0003680,marko_kolar3680,Marko Kolar,2025-02-24T09:51:00.0000000Z
u0003681,josip_pavlovic3681,Josip Pavlovic,2025-05-10T00:53:00.0000000Z
u0003682,iva_sever3682,Iva Sever,2024-12-10T05:43:00.0000000Z
u0003683,sara_radic3683,Sara Radic,2024-04-19T07:00:00.0000000Z
u0003684,leon_perkovic3684,Leon Perkovic,2024-07-24T02:18:00.0000000Z
u0003685,bruno_novak3685,Bruno Novak,2025-05-22T11:02:00.0000000Z
u0003686,dora_novak3686,Dora Novak,2024-12-16T18:47:00.0000000Z
u0003687,ivan_curic3687,Ivan Curic,2024-02-18T16:40:00.0000000Z
u0003688,lana_zoric3688,Lana Zoric,2025-10-23T16:56:00.0000000Z
u0003689,luka_vukovic3689,Luka Vukovic,2025-01-22T03:07:00.0000000Z
u0003690,toni_knezevic3690,Toni Knezevic,2025-10-24T02:52:00.0000000Z
u0003691,iva_babic3691,Iva Babic,2025-02-22T16:39:00.0000000Z
u0003692,ivan_perkovic3692,Ivan Perkovic,2025-01-06T11:28:00.0000000Z
u0003693,ines_juric3693,Ines Juric,2025-02-16T13:18:00.0000000Z
u0003694,luka_juric3694,Luka Juric,2025-06-26T22:33:00.0000000Z
u0003695,petra_babic3695,Petra Babic,2024-09-23T19:00:00.0000000Z
u0003696,luka_kovacevic3696,Luka Kovacevic,2024-08-16T00:03:00.0000000Z
u0003697,toni_horvat3697,Toni Horvat,2024-08-20T10:55:00.0000000Z
u0003698,filip_horvat3698,Filip Horvat,2025-08-12T20:52:00.0000000Z
u0003699,dario_curic3699,Dario Curic,2025-09-05T04:53:00.0000000Z
u0003700,iva_radic3700,Iva Radic,2025-02-23T12:45:00.0000000Z
u0003701,leon_horvat3701,Leon Horvat,2024-03-27T17:18:00.0000000Z
u0003702,luka_babic3702,Luka Babic,2025-02-08T12:59:00.0000000Z
u0003703,bruno_pavlovic3703,Bruno Pavlovic,2025-01-25T06:51:00.0000000Z
u0003704,petra_babic3704,Petra Babic,2025-11-13T18:42:00.0000000Z
u0003705,leon_vidovic3705,Leon Vidovic,2025-04-27T23:36:00.0000000Z
u0003706,filip_kovacevic3706,Filip Kovacevic,2025-04-17T18:11:00.0000000Z
u0003707,dario_sever3707,Dario Sever,2024-01-26T22:18:00.0000000Z
u0003708,luka_horvat3708,Luka Horvat,2024-09-26T21:15:00.0000000Z
u0003709,nika_matic3709,Nika Matic,2024-02-12T07:13:00.0000000Z
u0003710,iva_simic3710,Iva Simic,2025-06-24T13:39:00.0000000Z
u0003711,sara_kovac3711,Sara Kovac,2025-06-14T13:23:00.0000000Z
u0003712,dora_juric3712,Dora Juric,2024-06-29T23:11:00.0000000Z
u0003713,toni_curic3713,Toni Curic,2024-01-21T19:56:00.0000000Z
u0003714,karlo_radic3714,Karlo Radic,2025-06-15T02:07:00.0000000Z
u0003715,iva_knezevic3715,Iva Knezevic,2025-10-22T04:39:00.0000000Z
u0003716,mia_vukovic3716,Mia Vukovic,2024-05-27T11:26:00.0000000Z
u0003717,marko_maric3717,Marko Maric,2025-03-27T02:41:00.0000000Z
u0003718,petra_novak3718,Petra Novak,2025-02-06T21:34:00.0000000Z
u0003719,dario_kolar3719,Dario Kolar,2024-01-09T02:46:00.0000000Z
u0003720,bruno_perkovic3720,Bruno Perkovic,2025-04-12T15:22:00.0000000Z
u0003721,lana_curic3721,Lana Curic,2024-01-23T22:16:00.0000000Z
u0003722,iva_radic3722,Iva Radic,2024-01-27T21:13:00.0000000Z
u0003723,luka_curic3723,Luka Curic,2025-02-17T16:59:00.0000000Z
u0003724,josip_perkovic3724,Josip Perkovic,2024-10-05T14:19:00.0000000Z
u0003725,toni_kolar3725,Toni Kolar,2024-12-02T16:09:00.0000000Z
u0003726,filip_knezevic3726,Filip Knezevic,2025-03-01T01:28:00.0000000Z
u0003727,lana_novak3727,Lana Novak,2024-03-09T19:14:00.0000000Z
u0003728,ines_pavlovic3728,Ines Pavlovic,2024-10-16T18:15:00.0000000Z
u0003729,marko_matic3729,Marko Matic,2025-09-21T20:56:00.0000000Z
u0003730,petra_matic3730,Petra Matic,2025-02-09T01:42:00.0000000Z
u0003731,luka_barisic3731,Luka Barisic,2024-07-18T04:15:00.0000000Z
u0003732,mia_kovacevic3732,Mia Kovacevic,2025-03-08T13:05:00.0000000Z
u0003733,sara_sever3733,Sara Sever,2025-11-03T07:46:00.0000000Z
u0003734,ines_maric3734,Ines Maric,2024-12-02T08:12:00.0000000Z
u0003735,toni_kolar3735,Toni Kolar,2024-12-22T10:13:00.0000000Z
u0003736,luka_simic3736,Luka Simic,2024-12-31T18:05:00.0000000Z
u0003737,ivan_novak3737,Ivan Novak,2024-07-25T13:39:00.0000000Z
u0003738,josip_juric3738,Josip Juric,2024-11-23T12:27:00.0000000Z
u0003739,dario_pavlovic3739,Dario Pavlovic,2024-08-23T15:21:00.0000000Z
u0003740,toni_perkovic3740,Toni Perkovic,2024-01-30T21:04:00.0000000Z
u0003741,petra_horvat3741,Petra Horvat,2024-12-11T18:48:00.0000000Z
u0003742,ana_maric3742,Ana Maric,2025-08-23T03:37:00.0000000Z
u0003743,marko_novak3743,Marko Novak,2024-10-29T15:39:00.0000000Z
u0003744,ines_pavlovic3744,Ines Pavlovic,2024-11-29T09:51:00.0000000Z
u0003745,sara_simic3745,Sara Simic,2024-01-23T12:49:00.0000000Z
u0003746,toni_novak3746,Toni Novak,2025-10-09T01:39:00.0000000Z
u0003747,leon_barisic3747,Leon Barisic,2025-10-21T07:27:00.0000000Z
u0003748,mia_kovac3748,Mia Kovac,2024-06-09T15:51:00.0000000Z
u0003749,ema_vidovic3749,Ema Vidovic,2025-03-08T05:47:00.0000000Z
u0003750,karlo_vidovic3750,Karlo Vidovic,2025-05-07T14:16:00.0000000Z
u0003751,ema_kovac3751,Ema Kovac,2024-08-15T17:47:00.0000000Z
u0003752,ines_perkovic3752,Ines Perkovic,2024-04-12T21:24:00.0000000Z
u0003753,dora_pavlovic3753,Dora Pavlovic,2025-02-09T16:49:00.0000000Z
u0003754,sara_babic3754,Sara Babic,2024-09-06T18:44:00.0000000Z
u0003755,ivan_novak3755,Ivan Novak,2025-03-28T01:54:00.0000000Z
u0003756,karlo_zoric3756,Karlo Zoric,2025-05-15T18:15:00.0000000Z
u0003757,josip_curic3757,Josip Curic,2024-11-02T08:37:00.0000000Z
u0003758,josip_kolar3758,Josip Kolar,2025-07-27T07:37:00.0000000Z
u0003759,marko_vidovic3759,Marko Vidovic,2025-11-24T03:04:00.0000000Z
u0003760,ema_kolar3760,Ema Kolar,2024-09-26T08:55:00.0000000Z
u0003761,luka_juric3761,Luka Juric,2024-10-11T09:15:00.0000000Z
u0003762,bruno_simic3762,Bruno Simic,2025-02-05T16:30:00.0000000Z
u0003763,marko_zoric3763,Marko Zoric,2025-10-22T02:00:00.0000000Z
u0003764,ines_pavlovic3764,Ines Pavlovic,2025-03-11T22:12:00.0000000Z
u0003765,filip_novak3765,Filip Novak,2025-07-07T20:18:00.0000000Z
u0003766,nika_juric3766,Nika Juric,2025-09-21T08:03:00.0000000Z
u0003767,toni_knezevic3767,Toni Knezevic,2024-01-30T11:28:00.0000000Z
u0003768,leon_knezevic3768,Leon Knezevic,2025-11-08T23:20:00.0000000Z
u0003769,ema_vidovic3769,Ema Vidovic,2024-09-02T03:51:00.0000000Z
u0003770,dario_kolar3770,Dario Kolar,2025-10-05T09:44:00.0000000Z
u0003771,petra_kolar3771,Petra Kolar,2025-10-06T23:54:00.0000000Z
u0003772,petra_knezevic3772,Petra Knezevic,2025-09-07T08:00:00.0000000Z
u0003773,dora_kovacevic3773,Dora Kovacevic,2025-03-30T21:01:00.0000000Z
u0003774,ivan_perkovic3774,Ivan Perkovic,2025-12-21T00:38:00.0000000Z
u0003775,iva_radic3775,Iva Radic,2024-07-13T11:28:00.0000000Z
u0003776,karlo_babic3776,Karlo Babic,2024-12-18T18:33:00.0000000Z
u0003777,ana_simic3777,Ana Simic,2025-01-26T21:00:00.0000000Z
u0003778,ivan_perkovic3778,Ivan Perkovic,2024-08-02T18:58:00.0000000Z
u0003779,filip_kovacevic3779,Filip Kovacevic,2025-10-03T02:05:00.0000000Z
u0003780,lana_matic3780,Lana Matic,2025-07-12T21:17:00.0000000Z
u0003781,luka_pavlovic3781,Luka Pavlovic,2024-01-29T09:54:00.0000000Z
u0003782,ana_perkovic3782,Ana Perkovic,2025-10-28T11:10:00.0000000Z
u0003783,bruno_babic3783,Bruno Babic,2025-08-11T16:39:00.0000000Z
u0003784,leon_pavlovic3784,Leon Pavlovic,2025-11-08T23:21:00.0000000Z
u0003785,luka_radic3785,Luka Radic,2025-07-11T20:32:00.0000000Z
u0003786,ivan_babic3786,Ivan Babic,2025-10-03T07:58:00.0000000Z
u0003787,sara_knezevic3787,Sara Knezevic,2025-06-15T03:09:00.0000000Z
u0003788,ines_matic3788,Ines Matic,2024-04-30T20:09:00.0000000Z
u0003789,filip_babic3789,Filip Babic,2024-02-28T21:27:00.0000000Z
u0003790,nika_barisic3790,Nika Barisic,2024-03-22T22:26:00.0000000Z
u0003791,dora_matic3791,Dora Matic,2025-09-21T05:18:00.0000000Z
u0003792,ines_barisic3792,Ines Barisic,2024-02-16T05:49:00.0000000Z
u0003793,leon_zoric3793,Leon Zoric,2025-08-28T11:07:00.0000000Z
u0003794,mia_babic3794,Mia Babic,2025-12-03T03:56:00.0000000Z
u0003795,sara_babic3795,Sara Babic,2025-12-07T21:41:00.0000000Z
u0003796,toni_vidovic3796,Toni Vidovic,2024-03-29T08:27:00.0000000Z
u0003797,dario_juric3797,Dario Juric,2024-05-25T15:03:00.0000000Z
u0003798,dora_zoric3798,Dora Zoric,2024-02-08T00:32:00.0000000Z
u0003799,ana_vukovic3799,Ana Vukovic,2024-03-27T07:01:00.0000000Z
u0003800,ines_perkovic3800,Ines Perkovic,2025-03-09T21:45:00.0000000Z
u0003801,karlo_babic3801,Karlo Babic,2024-07-27T14:28:00.0000000Z
u0003802,sara_sever3802,Sara Sever,2024-03-26T03:37:00.0000000Z
u0003803,ivan_vukovic3803,Ivan Vukovic,2025-05-09T07:48:00.0000000Z
u0003804,bruno_babic3804,Bruno Babic,2024-09-23T19:16:00.0000000Z
u0003805,ana_kovacevic3805,Ana Kovacevic,2024-08-24T07:04:00.0000000Z
u0003806,iva_maric3806,Iva Maric,2024-10-10T23:52:00.0000000Z
u0003807,petra_kolar3807,Petra Kolar,2024-07-05T15:19:00.0000000Z
u0003808,dora_kovac3808,Dora Kovac,2025-03-01T23:49:00.0000000Z
u0003809,leon_sever3809,Leon Sever,2025-05-21T01:32:00.0000000Z
u0003810,karlo_vidovic3810,Karlo Vidovic,2024-12-25T17:23:00.0000000Z
u0003811,leon_kovac3811,Leon Kovac,2024-02-28T20:25:00.0000000Z
u0003812,luka_radic3812,Luka Radic,2025-12-19T18:45:00.0000000Z
u0003813,sara_sever3813,Sara Sever,2024-04-26T16:36:00.0000000Z
u0003814,ines_radic3814,Ines Radic,2024-12-06T20:41:00.0000000Z
u0003815,josip_vidovic3815,Josip Vidovic,2024-05-02T14:30:00.0000000Z
u0003816,karlo_sever3816,Karlo Sever,2024-12-23T10:28:00.0000000Z
u0003817,bruno_juric3817,Bruno Juric,2024-05-15T19:55:00.0000000Z
u0003818,bruno_perkovic3818,Bruno Perkovic,2025-11-18T12:29:00.0000000Z
u0003819,filip_barisic3819,Filip Barisic,2024-02-17T10:52:00.0000000Z
u0003820,bruno_zoric3820,Bruno Zoric,2025-12-20T18:36:00.0000000Z
u0003821,josip_juric3821,Josip Juric,2025-02-14T05:42:00.0000000Z
u0003822,petra_zoric3822,Petra Zoric,2024-01-24T19:08:00.0000000Z
u0003823,ema_vidovic3823,Ema Vidovic,2025-07-29T00:58:00.0000000Z
u0003824,filip_kovac3824,Filip Kovac,2024-05-20T23:45:00.0000000Z
u0003825,luka_kovacevic3825,Luka Kovacevic,2024-05-22T11:26:00.0000000Z
u0003826,iva_radic3826,Iva Radic,2024-06-16T22:47:00.0000000Z
u0003827,josip_kovac3827,Josip Kovac,2024-01-11T14:31:00.0000000Z
u0003828,luka_kovac3828,Luka Kovac,2025-02-03T10:40:00.0000000Z
u0003829,filip_novak3829,Filip Novak,2024-10-17T09:40:00.0000000Z
u0003830,marko_barisic3830,Marko Barisic,2025-04-18T09:52:00.0000000Z
u0003831,leon_sever3831,Leon Sever,2024-05-26T20:49:00.0000000Z
u0003832,petra_knezevic3832,Petra Knezevic,2024-07-26T14:21:00.0000000Z
u0003833,leon_juric3833,Leon Juric,2024-02-23T15:46:00.0000000Z
u0003834,marko_radic3834,Marko Radic,2024-04-09T13:46:00.0000000Z
u0003835,bruno_vukovic3835,Bruno Vukovic,2024-05-13T09:09:00.0000000Z
u0003836,dora_matic3836,Dora Matic,2024-08-29T10:53:00.0000000Z
u0003837,bruno_radic3837,Bruno Radic,2024-09-17T12:21:00.0000000Z
u0003838,karlo_juric3838,Karlo Juric,2025-05-27T23:15:00.0000000Z
u0003839,dora_novak3839,Dora Novak,2024-05-08T01:56:00.0000000Z
u0003840,ana_barisic3840,Ana Barisic,2025-01-29T00:16:00.0000000Z
u0003841,toni_babic3841,Toni Babic,2025-11-01T00:33:00.0000000Z
u0003842,marko_knezevic3842,Marko Knezevic,2024-03-25T10:57:00.0000000Z
u0003843,dora_kovac3843,Dora Kovac,2025-10-31T12:24:00.0000000Z
u0003844,leon_barisic3844,Leon Barisic,2024-07-06T02:06:00.0000000Z
u0003845,petra_juric3845,Petra Juric,2025-01-21T14:39:00.0000000Z
u0003846,ines_radic3846,Ines Radic,2025-05-20T06:11:00.0000000Z
u0003847,mia_kovacevic3847,Mia Kovacevic,2025-06-06T15:45:00.0000000Z
u0003848,ivan_vukovic3848,Ivan Vukovic,2024-09-09T19:09:00.0000000Z
u0003849,ema_kovac3849,Ema Kovac,2025-05-16T17:29:00.0000000Z
u0003850,lana_novak3850,Lana Novak,2024-06-01T04:58:00.0000000Z
u0003851,marko_barisic3851,Marko Barisic,2024-10-05T17:18:00.0000000Z
u0003852,dario_radic3852,Dario Radic,2024-10-21T06:01:00.0000000Z
u0003853,luka_simic3853,Luka Simic,2025-12-09T00:41:00.0000000Z
u0003854,ivan_horvat3854,Ivan Horvat,2024-11-20T14:37:00.0000000Z
u0003855,josip_vidovic3855,Josip Vidovic,2025-05-01T08:08:00.0000000Z
u0003856,marko_perkovic3856,Marko Perkovic,2024-01-05T15:21:00.0000000Z
u0003857,petra_kovac3857,Petra Kovac,2025-06-08T05:25:00.0000000Z
u0003858,lana_perkovic3858,Lana Perkovic,2025-02-15T15:39:00.0000000Z
u0003859,karlo_simic3859,Karlo Simic,2025-07-04T08:02:00.0000000Z
u0003860,nika_vidovic3860,Nika Vidovic,2024-09-01T08:36:00.0000000Z
u0003861,josip_matic3861,Josip Matic,2025-09-14T15:20:00.0000000Z
u0003862,bruno_vidovic3862,Bruno Vidovic,2025-12-26T07:42:00.0000000Z
u0003863,ines_pavlovic3863,Ines Pavlovic,2025-07-23T04:03:00.0000000Z
u0003864,marko_perkovic3864,Marko Perkovic,2025-11-16T11:12:00.0000000Z
u0003865,bruno_juric3865,Bruno Juric,2024-08-16T08:02:00.0000000Z
u0003866,ema_perkovic3866,Ema Perkovic,2025-02-10T02:54:00.0000000Z
u0003867,sara_maric3867,Sara Maric,2024-10-23T14:46:00.0000000Z
u0003868,sara_kovacevic3868,Sara Kovacevic,2024-03-20T14:35:00.0000000Z
u0003869,lana_pavlovic3869,Lana Pavlovic,2024-06-24T02:25:00.0000000Z
u0003870,karlo_kolar3870,Karlo Kolar,2025-11-11T23:13:00.0000000Z
u0003871,toni_pavlovic3871,Toni Pavlovic,2025-06-06T00:48:00.0000000Z
u0003872,toni_pavlovic3872,Toni Pavlovic,2025-01-05T11:52:00.0000000Z
u0003873,nika_kolar3873,Nika Kolar,2024-01-25T19:17:00.0000000Z
u0003874,sara_novak3874,Sara Novak,2024-02-10T13:31:00.0000000Z
u0003875,luka_horvat3875,Luka Horvat,2024-11-12T15:46:00.0000000Z
u0003876,iva_zoric3876,Iva Zoric,2024-09-14T14:11:00.0000000Z
u0003877,ema_simic3877,Ema Simic,2025-10-29T10:22:00.0000000Z
u0003878,petra_barisic3878,Petra Barisic,2025-04-24T06:17:00.0000000Z
u0003879,leon_kolar3879,Leon Kolar,2024-05-02T16:23:00.0000000Z
u0003880,bruno_novak3880,Bruno Novak,2024-05-08T16:00:00.0000000Z
u0003881,iva_kovac3881,Iva Kovac,2025-10-28T08:31:00.0000000Z
u0003882,karlo_matic3882,Karlo Matic,2024-01-10T03:43:00.0000000Z
u0003883,luka_kovac3883,Luka Kovac,2025-04-25T22:34:00.0000000Z
u0003884,karlo_perkovic3884,Karlo Perkovic,2025-11-23T09:15:00.0000000Z
u0003885,dario_horvat3885,Dario Horvat,2025-12-05T09:50:00.0000000Z
u0003886,mia_matic3886,Mia Matic,2024-07-22T13:01:00.0000000Z
u0003887,sara_kolar3887,Sara Kolar,2025-09-23T02:25:00.0000000Z
u0003888,ines_simic3888,Ines Simic,2024-04-24T23:37:00.0000000Z
u0003889,ana_matic3889,Ana Matic,2025-07-05T13:25:00.0000000Z
u0003890,ivan_kolar3890,Ivan Kolar,2025-10-12T13:23:00.0000000Z
u0003891,filip_vidovic3891,Filip Vidovic,2024-12-21T07:08:00.0000000Z
u0003892,ines_curic3892,Ines Curic,2024-05-03T18:17:00.0000000Z
u0003893,marko_vukovic3893,Marko Vukovic,2025-02-19T13:17:00.0000000Z
u0003894,josip_simic3894,Josip Simic,2025-05-07T00:49:00.0000000Z
u0003895,sara_knezevic3895,Sara Knezevic,2025-09-29T05:29:00.0000000Z
u0003896,dora_perkovic3896,Dora Perkovic,2025-10-07T07:47:00.0000000Z
u0003897,sara_simic3897,Sara Simic,2024-08-02T00:30:00.0000000Z
u0003898,ines_kovac3898,Ines Kovac,2025-01-05T02:34:00.0000000Z
u0003899,filip_barisic3899,Filip Barisic,2024-12-23T13:06:00.0000000Z
u0003900,iva_vidovic3900,Iva Vidovic,2024-01-19T17:49:00.0000000Z
u0003901,ema_maric3901,Ema Maric,2024-10-04T15:10:00.0000000Z
u0003902,iva_matic3902,Iva Matic,2025-08-30T03:21:00.0000000Z
u0003903,lana_perkovic3903,Lana Perkovic,2024-03-05T15:26:00.0000000Z
u0003904,iva_novak3904,Iva Novak,2024-02-24T08:22:00.0000000Z
u0003905,bruno_juric3905,Bruno Juric,2024-04-23T21:30:00.0000000Z
u0003906,petra_maric3906,Petra Maric,2024-03-29T06:35:00.0000000Z
u0003907,ema_kovac3907,Ema Kovac,2025-07-20T19:19:00.0000000Z
u0003908,ines_vukovic3908,Ines Vukovic,2024-04-04T05:38:00.0000000Z
u0003909,nika_matic3909,Nika Matic,2025-07-22T20:34:00.0000000Z
u0003910,dora_radic3910,Dora Radic,2024-02-08T02:06:00.0000000Z
u0003911,sara_vukovic3911,Sara Vukovic,2025-02-06T14:27:00.0000000Z
u0003912,dario_maric3912,Dario Maric,2024-10-11T15:54:00.0000000Z
u0003913,ema_curic3913,Ema Curic,2025-12-16T10:45:00.0000000Z
u0003914,ana_radic3914,Ana Radic,2024-01-08T17:11:00.0000000Z
u0003915,iva_barisic3915,Iva Barisic,2024-09-26T20:22:00.0000000Z
u0003916,luka_maric3916,Luka Maric,2025-08-17T15:10:00.0000000Z
u0003917,mia_babic3917,Mia Babic,2025-05-06T20:25:00.0000000Z
u0003918,mia_matic3918,Mia Matic,2025-07-20T04:17:00.0000000Z
u0003919,luka_vukovic3919,Luka Vukovic,2025-08-05T17:50:00.0000000Z
u0003920,ema_maric3920,Ema Maric,2024-01-12T08:34:00.0000000Z
u0003921,ivan_matic3921,Ivan Matic,2024-03-27T14:38:00.0000000Z
u0003922,ana_babic3922,Ana Babic,2025-08-22T00:07:00.0000000Z
u0003923,dario_maric3923,Dario Maric,2024-03-06T12:59:00.0000000Z
u0003924,iva_barisic3924,Iva Barisic,2024-07-13T14:11:00.0000000Z
u0003925,marko_novak3925,Marko Novak,2025-02-04T12:42:00.0000000Z
u0003926,iva_kovac3926,Iva Kovac,2024-12-09T17:09:00.0000000Z
u0003927,iva_vukovic3927,Iva Vukovic,2024-07-16T12:28:00.0000000Z
u0003928,dora_pavlovic3928,Dora Pavlovic,2024-11-06T01:41:00.0000000Z
u0003929,mia_kovacevic3929,Mia Kovacevic,2025-10-31T05:19:00.0000000Z
u0003930,iva_juric3930,Iva Juric,2025-07-22T13:06:00.0000000Z
u0003931,nika_horvat3931,Nika Horvat,2025-07-06T10:07:00.0000000Z
u0003932,dora_sever3932,Dora Sever,2024-01-17T01:28:00.0000000Z
u0003933,ines_zoric3933,Ines Zoric,2025-07-23T18:31:00.0000000Z
u0003934,dario_perkovic3934,Dario Perkovic,2024-01-10T23:21:00.0000000Z
u0003935,bruno_simic3935,Bruno Simic,2024-06-12T20:02:00.0000000Z
u0003936,josip_novak3936,Josip Novak,2024-06-14T22:46:00.0000000Z
u0003937,luka_matic3937,Luka Matic,2024-08-13T19:23:00.0000000Z
u0003938,filip_matic3938,Filip Matic,2025-07-30T23:32:00.0000000Z
u0003939,bruno_kovac3939,Bruno Kovac,2025-09-14T22:01:00.0000000Z
u0003940,sara_perkovic3940,Sara Perkovic,2025-08-10T11:42:00.0000000Z
u0003941,leon_kolar3941,Leon Kolar,2025-09-28T07:19:00.0000000Z
u0003942,filip_maric3942,Filip Maric,2025-09-15T15:50:00.0000000Z
u0003943,dario_maric3943,Dario Maric,2024-07-04T20:37:00.0000000Z
u0003944,dario_barisic3944,Dario Barisic,2024-08-19T10:13:00.0000000Z
u0003945,sara_novak3945,Sara Novak,2025-05-13T22:31:00.0000000Z
u0003946,ema_novak3946,Ema Novak,2024-02-02T00:03:00.0000000Z
u0003947,luka_sever3947,Luka Sever,2024-03-01T11:59:00.0000000Z
u0003948,sara_radic3948,Sara Radic,2025-08-15T00:34:00.0000000Z
u0003949,lana_juric3949,Lana Juric,2025-02-05T23:49:00.0000000Z
u0003950,dora_novak3950,Dora Novak,2025-10-19T17:59:00.0000000Z
u0003951,petra_maric3951,Petra Maric,2024-03-14T19:23:00.0000000Z
u0003952,dora_pavlovic3952,Dora Pavlovic,2025-11-23T14:27:00.0000000Z
u0003953,marko_knezevic3953,Marko Knezevic,2024-10-26T15:55:00.0000000Z
u0003954,mia_barisic3954,Mia Barisic,2024-02-07T17:02:00.0000000Z
u0003955,dora_kolar3955,Dora Kolar,2025-03-20T20:46:00.0000000Z
u0003956,dora_pavlovic3956,Dora Pavlovic,2024-07-24T11:15:00.0000000Z
u0003957,marko_matic3957,Marko Matic,2025-09-10T22:10:00.0000000Z
u0003958,karlo_matic3958,Karlo Matic,2025-05-16T08:10:00.0000000Z
u0003959,bruno_novak3959,Bruno Novak,2024-05-24T13:11:00.0000000Z
u0003960,ivan_vidovic3960,Ivan Vidovic,2025-10-26T10:08:00.0000000Z
u0003961,filip_radic3961,Filip Radic,2025-11-29T11:31:00.0000000Z
u0003962,mia_vukovic3962,Mia Vukovic,2025-05-08T10:00:00.0000000Z
u0003963,luka_kolar3963,Luka Kolar,2025-02-16T11:33:00.0000000Z
u0003964,bruno_babic3964,Bruno Babic,2025-08-26T00:53:00.0000000Z
u0003965,toni_vidovic3965,Toni Vidovic,2024-02-23T21:18:00.0000000Z
u0003966,ana_kolar3966,Ana Kolar,2025-09-11T14:13:00.0000000Z
u0003967,luka_matic3967,Luka Matic,2025-04-02T19:20:00.0000000Z
u0003968,ema_barisic3968,Ema Barisic,2025-06-17T23:08:00.0000000Z
u0003969,ivan_vukovic3969,Ivan Vukovic,2025-05-29T06:17:00.0000000Z
u0003970,josip_juric3970,Josip Juric,2024-11-10T13:12:00.0000000Z
u0003971,iva_kovac3971,Iva Kovac,2025-02-21T20:08:00.0000000Z
u0003972,dario_kovac3972,Dario Kovac,2024-09-15T08:40:00.0000000Z
u0003973,ivan_pavlovic3973,Ivan Pavlovic,2024-09-06T20:33:00.0000000Z
u0003974,leon_zoric3974,Leon Zoric,2025-11-04T10:12:00.0000000Z
u0003975,bruno_vukovic3975,Bruno Vukovic,2024-09-29T09:52:00.0000000Z
u0003976,ana_maric3976,Ana Maric,2025-04-29T05:49:00.0000000Z
u0003977,toni_perkovic3977,Toni Perkovic,2024-12-29T07:50:00.0000000Z
u0003978,filip_barisic3978,Filip Barisic,2024-09-22T21:37:00.0000000Z
u0003979,ema_horvat3979,Ema Horvat,2025-05-14T07:55:00.0000000Z
u0003980,luka_kovacevic3980,Luka Kovacevic,2025-12-30T02:19:00.0000000Z
u0003981,dora_vidovic3981,Dora Vidovic,2024-12-02T08:44:00.0000000Z
u0003982,marko_sever3982,Marko Sever,2024-01-25T11:49:00.0000000Z
u0003983,ema_babic3983,Ema Babic,2025-07-11T13:17:00.0000000Z
u0003984,bruno_curic3984,Bruno Curic,2024-03-12T04:53:00.0000000Z
u0003985,dario_juric3985,Dario Juric,2025-05-26T14:13:00.0000000Z
u0003986,bruno_simic3986,Bruno Simic,2024-12-21T16:36:00.0000000Z
u0003987,mia_horvat3987,Mia Horvat,2024-05-13T15:36:00.0000000Z
u0003988,ana_vidovic3988,Ana Vidovic,2025-02-15T02:19:00.0000000Z
u0003989,leon_knezevic3989,Leon Knezevic,2024-06-11T06:19:00.0000000Z
u0003990,luka_novak3990,Luka Novak,2024-01-24T08:43:00.0000000Z
u0003991,sara_barisic3991,Sara Barisic,2024-08-20T16:41:00.0000000Z
u0003992,filip_sever3992,Filip Sever,2025-12-12T14:42:00.0000000Z
u0003993,lana_simic3993,Lana Simic,2024-10-10T10:09:00.0000000Z
u0003994,filip_zoric3994,Filip Zoric,2024-02-01T11:31:00.0000000Z
u0003995,ines_barisic3995,Ines Barisic,2025-07-04T15:20:00.0000000Z
u0003996,josip_vidovic3996,Josip Vidovic,2025-03-07T09:54:00.0000000Z
u0003997,sara_simic3997,Sara Simic,2024-12-17T14:33:00.0000000Z
u0003998,petra_barisic3998,Petra Barisic,2024-07-15T08:17:00.0000000Z
u0003999,karlo_curic3999,Karlo Curic,2024-01-01T03:15:00.0000000Z
u0004000,ines_novak4000,Ines Novak,2025-03-01T04:28:00.0000000Z
u0004001,karlo_horvat4001,Karlo Horvat,2025-10-30T11:21:00.0000000Z
u0004002,bruno_horvat4002,Bruno Horvat,2024-02-18T20:18:00.0000000Z
u0004003,iva_maric4003,Iva Maric,2024-08-11T09:59:00.0000000Z
u0004004,bruno_novak4004,Bruno Novak,2025-12-09T11:31:00.0000000Z
u0004005,ivan_horvat4005,Ivan Horvat,2024-07-11T06:00:00.0000000Z
u0004006,marko_babic4006,Marko Babic,2025-10-25T02:05:00.0000000Z
u0004007,karlo_radic4007,Karlo Radic,2025-02-11T21:00:00.0000000Z
u0004008,toni_radic4008,Toni Radic,2025-04-11T09:18:00.0000000Z
u0004009,nika_matic4009,Nika Matic,2024-01-02T17:59:00.0000000Z
u0004010,ana_radic4010,Ana Radic,2024-01-24T03:48:00.0000000Z
u0004011,dora_simic4011,Dora Simic,2024-10-05T08:21:00.0000000Z
u0004012,karlo_radic4012,Karlo Radic,2025-06-11T10:18:00.0000000Z
u0004013,marko_maric4013,Marko Maric,2025-09-07T10:23:00.0000000Z
u0004014,sara_pavlovic4014,Sara Pavlovic,2025-05-11T05:51:00.0000000Z
u0004015,ema_curic4015,Ema Curic,2024-09-01T22:00:00.0000000Z
u0004016,dario_kovac4016,Dario Kovac,2025-09-11T07:54:00.0000000Z
u0004017,ana_perkovic4017,Ana Perkovic,2025-07-29T19:17:00.0000000Z
u0004018,ivan_kovac4018,Ivan Kovac,2025-05-02T14:34:00.0000000Z
u0004019,ana_maric4019,Ana Maric,2024-12-31T15:05:00.0000000Z
u0004020,ema_maric4020,Ema Maric,2025-02-25T02:23:00.0000000Z
u0004021,ivan_kolar4021,Ivan Kolar,2025-04-08T15:55:00.0000000Z
u0004022,ema_zoric4022,Ema Zoric,2025-05-10T12:36:00.0000000Z
u0004023,nika_juric4023,Nika Juric,2024-12-23T22:39:00.0000000Z
u0004024,dario_horvat4024,Dario Horvat,2025-12-11T19:59:00.0000000Z
u0004025,ivan_babic4025,Ivan Babic,2025-10-27T11:38:00.0000000Z
u0004026,ines_kovacevic4026,Ines Kovacevic,2025-03-19T07:14:00.0000000Z
u0004027,filip_horvat4027,Filip Horvat,2024-10-01T00:36:00.0000000Z
u0004028,petra_horvat4028,Petra Horvat,2025-09-14T00:53:00.0000000Z
u0004029,luka_barisic4029,Luka Barisic,2024-12-12T23:36:00.0000000Z
u0004030,bruno_zoric4030,Bruno Zoric,2024-09-11T07:29:00.0000000Z
u0004031,luka_barisic4031,Luka Barisic,2025-12-21T01:33:00.0000000Z
u0004032,ema_pavlovic4032,Ema Pavlovic,2025-10-13T10:56:00.0000000Z
u0004033,ana_horvat4033,Ana Horvat,2024-05-15T19:50:00.0000000Z
u0004034,sara_curic4034,Sara Curic,2025-08-10T08:05:00.0000000Z
u0004035,mia_matic4035,Mia Matic,2025-04-29T02:41:00.0000000Z
u0004036,karlo_horvat4036,Karlo Horvat,2025-12-07T03:29:00.0000000Z
u0004037,iva_babic4037,Iva Babic,2025-08-31T12:33:00.0000000Z
u0004038,ines_sever4038,Ines Sever,2024-04-13T19:16:00.0000000Z
u0004039,luka_curic4039,Luka Curic,2025-05-14T21:41:00.0000000Z
u0004040,iva_horvat4040,Iva Horvat,2025-09-26T01:46:00.0000000Z
u0004041,luka_barisic4041,Luka Barisic,2025-01-08T02:33:00.0000000Z
u0004042,marko_kovacevic4042,Marko Kovacevic,2024-04-28T05:48:00.0000000Z
u0004043,dora_zoric4043,Dora Zoric,2024-12-29T23:15:00.0000000Z
u0004044,ana_vidovic4044,Ana Vidovic,2024-09-02T02:46:00.0000000Z
u0004045,josip_pavlovic4045,Josip Pavlovic,2024-03-26T15:16:00.0000000Z
u0004046,nika_zoric4046,Nika Zoric,2025-02-26T23:31:00.0000000Z
u0004047,petra_knezevic4047,Petra Knezevic,2025-09-17T00:48:00.0000000Z
u0004048,dario_sever4048,Dario Sever,2025-04-10T05:54:00.0000000Z
u0004049,dario_kovacevic4049,Dario Kovacevic,2025-10-02T07:21:00.0000000Z
u0004050,karlo_kovac4050,Karlo Kovac,2025-06-04T00:27:00.0000000Z
u0004051,luka_juric4051,Luka Juric,2025-12-15T20:03:00.0000000Z
u0004052,filip_matic4052,Filip Matic,2024-02-03T14:27:00.0000000Z
u0004053,ema_novak4053,Ema Novak,2024-04-16T06:07:00.0000000Z
u0004054,dario_vidovic4054,Dario Vidovic,2024-06-15T01:46:00.0000000Z
u0004055,lana_kolar4055,Lana Kolar,2024-08-14T15:04:00.0000000Z
u0004056,lana_matic4056,Lana Matic,2024-08-26T12:52:00.0000000Z
u0004057,ana_pavlovic4057,Ana Pavlovic,2024-03-24T15:25:00.0000000Z
u0004058,marko_simic4058,Marko Simic,2025-03-16T12:25:00.0000000Z
u0004059,ana_perkovic4059,Ana Perkovic,2025-11-01T18:33:00.0000000Z
u0004060,ines_pavlovic4060,Ines Pavlovic,2025-12-24T13:06:00.0000000Z
u0004061,ema_babic4061,Ema Babic,2025-06-20T01:29:00.0000000Z
u0004062,iva_vidovic4062,Iva Vidovic,2025-02-22T02:20:00.0000000Z
u0004063,mia_babic4063,Mia Babic,2024-05-21T05:30:00.0000000Z
u0004064,ivan_juric4064,Ivan Juric,2025-02-27T06:42:00.0000000Z
u0004065,josip_perkovic4065,Josip Perkovic,2025-03-14T04:22:00.0000000Z
u0004066,toni_horvat4066,Toni Horvat,2024-06-09T12:36:00.0000000Z
u0004067,filip_horvat4067,Filip Horvat,2025-09-16T14:53:00.0000000Z
u0004068,nika_vidovic4068,Nika Vidovic,2024-11-12T20:55:00.0000000Z
u0004069,nika_babic4069,Nika Babic,2025-05-02T06:01:00.0000000Z
u0004070,mia_kovacevic4070,Mia Kovacevic,2025-07-07T03:29:00.0000000Z
u0004071,marko_knezevic4071,Marko Knezevic,2025-03-05T21:52:00.0000000Z
u0004072,petra_novak4072,Petra Novak,2025-05-14T16:41:00.0000000Z
u0004073,lana_perkovic4073,Lana Perkovic,2025-11-06T14:46:00.0000000Z
u0004074,bruno_babic4074,Bruno Babic,2024-09-26T03:08:00.0000000Z
u0004075,marko_sever4075,Marko Sever,2024-09-14T22:17:00.0000000Z
u0004076,dario_perkovic4076,Dario Perkovic,2025-10-23T15:33:00.0000000Z
u0004077,ana_vukovic4077,Ana Vukovic,2025-04-24T01:00:00.0000000Z
u0004078,sara_radic4078,Sara Radic,2025-03-21T11:04:00.0000000Z
u0004079,marko_kolar4079,Marko Kolar,2024-08-24T09:52:00.0000000Z
u0004080,filip_maric4080,Filip Maric,2025-06-01T20:23:00.0000000Z
u0004081,leon_sever4081,Leon Sever,2025-08-06T00:13:00.0000000Z
u0004082,josip_curic4082,Josip Curic,2025-09-18T02:05:00.0000000Z
u0004083,dora_juric4083,Dora Juric,2024-12-10T02:52:00.0000000Z
u0004084,leon_babic4084,Leon Babic,2024-09-17T10:28:00.0000000Z
u0004085,ema_simic4085,Ema Simic,2025-10-01T06:04:00.0000000Z
u0004086,lana_knezevic4086,Lana Knezevic,2025-09-23T23:05:00.0000000Z
u0004087,ivan_kovac4087,Ivan Kovac,2024-11-10T10:17:00.0000000Z
u0004088,iva_vukovic4088,Iva Vukovic,2025-11-03T15:11:00.0000000Z
u0004089,marko_knezevic4089,Marko Knezevic,2025-09-29T03:05:00.0000000Z
u0004090,dora_horvat4090,Dora Horvat,2024-12-17T18:27:00.0000000Z
u0004091,mia_maric4091,Mia Maric,2024-12-26T15:38:00.0000000Z
u0004092,luka_vidovic4092,Luka Vidovic,2024-04-27T03:59:00.0000000Z
u0004093,nika_perkovic4093,Nika Perkovic,2024-01-07T22:16:00.0000000Z
u0004094,lana_radic4094,Lana Radic,2024-10-13T04:23:00.0000000Z
u0004095,josip_kovac4095,Josip Kovac,2024-06-30T03:10:00.0000000Z
u0004096,ema_knezevic4096,Ema Knezevic,2025-11-30T03:41:00.0000000Z
u0004097,bruno_pavlovic4097,Bruno Pavlovic,2024-08-19T16:50:00.0000000Z
u0004098,lana_novak4098,Lana Novak,2024-04-01T13:26:00.0000000Z
u0004099,ema_babic4099,Ema Babic,2025-03-19T23:29:00.0000000Z
u0004100,ines_kovacevic4100,Ines Kovacevic,2025-01-11T14:57:00.0000000Z
u0004101,dora_horvat4101,Dora Horvat,2024-07-09T05:35:00.0000000Z
u0004102,dora_simic4102,Dora Simic,2025-11-19T03:00:00.0000000Z
u0004103,ines_kovac4103,Ines Kovac,2025-07-06T09:42:00.0000000Z
u0004104,bruno_curic4104,Bruno Curic,2025-06-09T05:46:00.0000000Z
u0004105,ines_simic4105,Ines Simic,2025-01-14T00:27:00.0000000Z
u0004106,ana_kovacevic4106,Ana Kovacevic,2024-07-27T03:12:00.0000000Z
u0004107,sara_vidovic4107,Sara Vidovic,2024-01-18T05:50:00.0000000Z
u0004108,leon_novak4108,Leon Novak,2024-09-27T08:19:00.0000000Z
u0004109,petra_curic4109,Petra Curic,2025-12-11T13:48:00.0000000Z
u0004110,mia_curic4110,Mia Curic,2025-05-17T10:32:00.0000000Z
u0004111,nika_perkovic4111,Nika Perkovic,2024-09-22T05:48:00.0000000Z
u0004112,lana_radic4112,Lana Radic,2025-01-23T01:50:00.0000000Z
u0004113,marko_knezevic4113,Marko Knezevic,2025-01-23T15:29:00.0000000Z
u0004114,filip_knezevic4114,Filip Knezevic,2024-08-26T04:39:00.0000000Z
u0004115,luka_horvat4115,Luka Horvat,2025-06-18T01:37:00.0000000Z
u0004116,nika_pavlovic4116,Nika Pavlovic,2025-04-08T03:30:00.0000000Z
u0004117,toni_novak4117,Toni Novak,2025-08-20T04:04:00.0000000Z
u0004118,filip_novak4118,Filip Novak,2025-01-23T11:34:00.0000000Z
u0004119,lana_kovac4119,Lana Kovac,2025-07-14T16:13:00.0000000Z
u0004120,ines_vidovic4120,Ines Vidovic,2025-04-21T08:50:00.0000000Z
u0004121,dora_matic4121,Dora Matic,2024-04-12T19:09:00.0000000Z
u0004122,ivan_maric4122,Ivan Maric,2024-06-12T14:57:00.0000000Z
u0004123,mia_vukovic4123,Mia Vukovic,2024-02-24T05:11:00.0000000Z
u0004124,dora_curic4124,Dora Curic,2025-10-04T21:32:00.0000000Z
u0004125,iva_vukovic4125,Iva Vukovic,2024-09-23T16:15:00.0000000Z
u0004126,sara_kolar4126,Sara Kolar,2024-06-13T02:52:00.0000000Z
u0004127,toni_simic4127,Toni Simic,2024-08-07T10:03:00.0000000Z
u0004128,filip_zoric4128,Filip Zoric,2025-05-24T04:04:00.0000000Z
u0004129,ines_novak4129,Ines Novak,2024-12-22T20:50:00.0000000Z
u0004130,karlo_horvat4130,Karlo Horvat,2024-11-17T21:37:00.0000000Z
u0004131,iva_novak4131,Iva Novak,2025-03-28T21:25:00.0000000Z
u0004132,ines_kovacevic4132,Ines Kovacevic,2025-11-19T03:03:00.0000000Z
u0004133,petra_babic4133,Petra Babic,2025-09-17T05:21:00.0000000Z
u0004134,dario_novak4134,Dario Novak,2024-06-23T16:27:00.0000000Z
u0004135,nika_pavlovic4135,Nika Pavlovic,2024-08-30T21:08:00.0000000Z
u0004136,leon_simic4136,Leon Simic,2025-09-02T09:11:00.0000000Z
u0004137,petra_zoric4137,Petra Zoric,2024-09-16T18:11:00.0000000Z
u0004138,dario_juric4138,Dario Juric,2024-07-07T16:16:00.0000000Z
u0004139,mia_pavlovic4139,Mia Pavlovic,2025-06-18T03:25:00.0000000Z
u0004140,josip_maric4140,Josip Maric,2025-11-12T13:21:00.0000000Z
u0004141,bruno_radic4141,Bruno Radic,2024-09-20T19:19:00.0000000Z
u0004142,toni_novak4142,Toni Novak,2025-05-01T05:32:00.0000000Z
u0004143,ema_barisic4143,Ema Barisic,2024-01-24T00:51:00.0000000Z
u0004144,josip_radic4144,Josip Radic,2025-02-28T10:35:00.0000000Z
u0004145,mia_babic4145,Mia Babic,2024-08-25T03:27:00.0000000Z
u0004146,ivan_zoric4146,Ivan Zoric,2024-04-14T22:49:00.0000000Z
u0004147,mia_curic4147,Mia Curic,2025-04-25T23:39:00.0000000Z
u0004148,sara_perkovic4148,Sara Perkovic,2024-05-30T14:14:00.0000000Z
u0004149,ivan_novak4149,Ivan Novak,2025-12-23T10:58:00.0000000Z
u0004150,mia_radic4150,Mia Radic,2025-05-30T08:03:00.0000000Z
u0004151,luka_kolar4151,Luka Kolar,2025-11-13T02:07:00.0000000Z
u0004152,leon_zoric4152,Leon Zoric,2025-06-07T05:19:00.0000000Z
u0004153,ines_curic4153,Ines Curic,2024-10-15T01:23:00.0000000Z
u0004154,sara_perkovic4154,Sara Perkovic,2025-05-24T03:29:00.0000000Z
u0004155,karlo_kolar4155,Karlo Kolar,2024-07-25T16:15:00.0000000Z
u0004156,iva_maric4156,Iva Maric,2024-03-28T18:29:00.0000000Z
u0004157,leon_juric4157,Leon Juric,2025-09-13T14:55:00.0000000Z
u0004158,nika_kovac4158,Nika Kovac,2024-07-12T16:45:00.0000000Z
u0004159,ema_kovac4159,Ema Kovac,2025-09-20T06:50:00.0000000Z
u0004160,petra_radic4160,Petra Radic,2024-01-03T16:43:00.0000000Z
u0004161,sara_barisic4161,Sara Barisic,2024-09-08T21:11:00.0000000Z
u0004162,filip_novak4162,Filip Novak,2025-07-15T21:17:00.0000000Z
u0004163,toni_knezevic4163,Toni Knezevic,2024-09-19T03:31:00.0000000Z
u0004164,toni_maric4164,Toni Maric,2025-09-13T21:13:00.0000000Z
u0004165,bruno_perkovic4165,Bruno Perkovic,2024-07-05T17:32:00.0000000Z
u0004166,dora_vidovic4166,Dora Vidovic,2025-11-02T16:48:00.0000000Z
u0004167,leon_kovacevic4167,Leon Kovacevic,2024-02-03T04:25:00.0000000Z
u0004168,ines_knezevic4168,Ines Knezevic,2024-06-22T02:42:00.0000000Z
u0004169,ines_pavlovic4169,Ines Pavlovic,2025-04-29T10:14:00.0000000Z
u0004170,sara_pavlovic4170,Sara Pavlovic,2025-05-18T10:04:00.0000000Z
u0004171,ines_kolar4171,Ines Kolar,2024-10-03T10:38:00.0000000Z
u0004172,mia_sever4172,Mia Sever,2025-07-22T11:27:00.0000000Z
u0004173,mia_matic4173,Mia Matic,2025-01-23T16:31:00.0000000Z
u0004174,dario_babic4174,Dario Babic,2025-06-16T10:20:00.0000000Z
u0004175,iva_kovacevic4175,Iva Kovacevic,2024-03-19T08:41:00.0000000Z
u0004176,dora_vidovic4176,Dora Vidovic,2024-10-04T16:48:00.0000000Z
u0004177,ana_kovacevic4177,Ana Kovacevic,2024-06-20T03:08:00.0000000Z
u0004178,leon_novak4178,Leon Novak,2024-06-22T08:16:00.0000000Z
u0004179,dora_vidovic4179,Dora Vidovic,2024-12-09T02:36:00.0000000Z
u0004180,marko_matic4180,Marko Matic,2025-03-05T18:32:00.0000000Z
u0004181,marko_sever4181,Marko Sever,2025-08-05T03:11:00.0000000Z
u0004182,sara_zoric4182,Sara Zoric,2024-12-02T04:25:00.0000000Z
u0004183,lana_vukovic4183,Lana Vukovic,2025-05-31T18:20:00.0000000Z
u0004184,lana_pavlovic4184,Lana Pavlovic,2024-09-26T11:47:00.0000000Z
u0004185,mia_knezevic4185,Mia Knezevic,2024-05-13T20:43:00.0000000Z
u0004186,filip_babic4186,Filip Babic,2024-03-16T01:39:00.0000000Z
u0004187,marko_barisic4187,Marko Barisic,2025-07-26T11:52:00.0000000Z
u0004188,ema_perkovic4188,Ema Perkovic,2024-09-01T08:46:00.0000000Z
u0004189,lana_curic4189,Lana Curic,2024-12-24T08:57:00.0000000Z
u0004190,marko_knezevic4190,Marko Knezevic,2024-05-13T18:55:00.0000000Z
u0004191,filip_novak4191,Filip Novak,2024-01-06T15:52:00.0000000Z
u0004192,leon_knezevic4192,Leon Knezevic,2024-04-19T00:01:00.0000000Z
u0004193,leon_kovac4193,Leon Kovac,2025-02-22T15:02:00.0000000Z
u0004194,toni_radic4194,Toni Radic,2024-12-16T18:23:00.0000000Z
u0004195,sara_radic4195,Sara Radic,2025-05-29T03:41:00.0000000Z
u0004196,ines_simic4196,Ines Simic,2025-08-23T04:03:00.0000000Z
u0004197,ivan_pavlovic4197,Ivan Pavlovic,2025-05-25T00:34:00.0000000Z
u0004198,mia_sever4198,Mia Sever,2025-03-26T00:11:00.0000000Z
u0004199,karlo_vidovic4199,Karlo Vidovic,2024-08-20T12:57:00.0000000Z
u0004200,lana_novak4200,Lana Novak,2025-09-02T15:12:00.0000000Z
u0004201,dora_kovacevic4201,Dora Kovacevic,2025-11-06T16:23:00.0000000Z
u0004202,dario_maric4202,Dario Maric,2024-09-23T02:00:00.0000000Z
u0004203,mia_knezevic4203,Mia Knezevic,2024-01-02T19:06:00.0000000Z
u0004204,ana_vukovic4204,Ana Vukovic,2024-01-13T03:59:00.0000000Z
u0004205,dario_matic4205,Dario Matic,2024-08-27T16:22:00.0000000Z
u0004206,filip_pavlovic4206,Filip Pavlovic,2024-04-02T17:01:00.0000000Z
u0004207,toni_simic4207,Toni Simic,2024-09-21T18:40:00.0000000Z
u0004208,sara_kovac4208,Sara Kovac,2025-07-31T02:09:00.0000000Z
u0004209,lana_curic4209,Lana Curic,2024-07-13T11:22:00.0000000Z
u0004210,mia_babic4210,Mia Babic,2025-03-02T14:18:00.0000000Z
u0004211,karlo_matic4211,Karlo Matic,2025-10-02T10:58:00.0000000Z
u0004212,bruno_perkovic4212,Bruno Perkovic,2024-05-21T22:51:00.0000000Z
u0004213,nika_babic4213,Nika Babic,2024-09-22T19:53:00.0000000Z
u0004214,filip_radic4214,Filip Radic,2024-03-20T11:28:00.0000000Z
u0004215,karlo_horvat4215,Karlo Horvat,2024-07-07T07:16:00.0000000Z
u0004216,sara_vidovic4216,Sara Vidovic,2024-12-27T10:41:00.0000000Z
u0004217,ema_radic4217,Ema Radic,2024-06-03T22:39:00.0000000Z
u0004218,petra_vidovic4218,Petra Vidovic,2025-03-31T18:58:00.0000000Z
u0004219,lana_kovacevic4219,Lana Kovacevic,2024-06-27T17:24:00.0000000Z
u0004220,marko_horvat4220,Marko Horvat,2024-06-14T13:20:00.0000000Z
u0004221,ivan_sever4221,Ivan Sever,2024-08-10T10:59:00.0000000Z
u0004222,josip_novak4222,Josip Novak,2025-10-29T22:13:00.0000000Z
u0004223,marko_zoric4223,Marko Zoric,2025-08-11T04:58:00.0000000Z
u0004224,marko_kolar4224,Marko Kolar,2024-12-03T19:53:00.0000000Z
u0004225,iva_juric4225,Iva Juric,2024-03-03T20:07:00.0000000Z
u0004226,ema_vidovic4226,Ema Vidovic,2024-02-18T23:57:00.0000000Z
u0004227,dario_vidovic4227,Dario Vidovic,2024-03-16T17:34:00.0000000Z
u0004228,iva_babic4228,Iva Babic,2025-04-11T02:06:00.0000000Z
u0004229,mia_pavlovic4229,Mia Pavlovic,2025-04-09T23:22:00.0000000Z
u0004230,ema_juric4230,Ema Juric,2024-10-01T18:12:00.0000000Z
u0004231,leon_knezevic4231,Leon Knezevic,2024-03-19T17:59:00.0000000Z
u0004232,marko_novak4232,Marko Novak,2025-01-24T15:12:00.0000000Z
u0004233,karlo_knezevic4233,Karlo Knezevic,2025-08-19T05:12:00.0000000Z
u0004234,filip_radic4234,Filip Radic,2024-02-03T03:32:00.0000000Z
u0004235,sara_maric4235,Sara Maric,2025-07-02T21:44:00.0000000Z
u0004236,bruno_knezevic4236,Bruno Knezevic,2025-01-30T09:55:00.0000000Z
u0004237,dario_novak4237,Dario Novak,2024-11-25T18:39:00.0000000Z
u0004238,petra_pavlovic4238,Petra Pavlovic,2024-06-22T07:18:00.0000000Z
u0004239,marko_kovacevic4239,Marko Kovacevic,2025-09-24T20:22:00.0000000Z
u0004240,sara_horvat4240,Sara Horvat,2025-02-15T18:31:00.0000000Z
u0004241,ema_barisic4241,Ema Barisic,2025-01-21T07:27:00.0000000Z
u0004242,josip_maric4242,Josip Maric,2024-08-28T03:41:00.0000000Z
u0004243,mia_pavlovic4243,Mia Pavlovic,2024-02-05T16:22:00.0000000Z
u0004244,nika_knezevic4244,Nika Knezevic,2024-11-22T15:45:00.0000000Z
u0004245,ema_maric4245,Ema Maric,2024-07-08T18:12:00.0000000Z
u0004246,ivan_kovac4246,Ivan Kovac,2025-11-23T17:33:00.0000000Z
u0004247,ines_pavlovic4247,Ines Pavlovic,2024-06-02T16:18:00.0000000Z
u0004248,ivan_kolar4248,Ivan Kolar,2024-02-01T13:58:00.0000000Z
u0004249,leon_zoric4249,Leon Zoric,2025-08-19T16:26:00.0000000Z
u0004250,ines_horvat4250,Ines Horvat,2025-10-29T21:04:00.0000000Z
u0004251,sara_babic4251,Sara Babic,2024-09-16T15:00:00.0000000Z
u0004252,ema_kovac4252,Ema Kovac,2025-04-24T02:32:00.0000000Z
u0004253,dario_juric4253,Dario Juric,2025-12-09T02:14:00.0000000Z
u0004254,josip_vukovic4254,Josip Vukovic,2025-08-09T08:13:00.0000000Z
u0004255,lana_sever4255,Lana Sever,2025-07-16T06:37:00.0000000Z
u0004256,ana_curic4256,Ana Curic,2024-10-28T09:30:00.0000000Z
u0004257,dora_kovac4257,Dora Kovac,2024-06-27T19:00:00.0000000Z
u0004258,leon_zoric4258,Leon Zoric,2024-11-05T00:17:00.0000000Z
u0004259,mia_maric4259,Mia Maric,2024-05-05T07:52:00.0000000Z
u0004260,lana_radic4260,Lana Radic,2024-10-28T00:04:00.0000000Z
u0004261,dario_matic4261,Dario Matic,2025-03-22T03:48:00.0000000Z
u0004262,marko_barisic4262,Marko Barisic,2024-08-15T15:07:00.0000000Z
u0004263,ivan_sever4263,Ivan Sever,2024-03-31T23:36:00.0000000Z
u0004264,toni_radic4264,Toni Radic,2025-08-22T23:58:00.0000000Z
u0004265,dora_matic4265,Dora Matic,2024-06-15T11:58:00.0000000Z
u0004266,josip_pavlovic4266,Josip Pavlovic,2025-06-15T23:12:00.0000000Z
u0004267,ema_curic4267,Ema Curic,2025-09-08T13:17:00.0000000Z
u0004268,josip_barisic4268,Josip Barisic,2025-11-24T05:02:00.0000000Z
u0004269,sara_kolar4269,Sara Kolar,2024-09-18T11:03:00.0000000Z
u0004270,leon_barisic4270,Leon Barisic,2025-10-06T00:50:00.0000000Z
u0004271,lana_horvat4271,Lana Horvat,2025-07-05T07:45:00.0000000Z
u0004272,nika_curic4272,Nika Curic,2025-10-26T09:41:00.0000000Z
u0004273,petra_vukovic4273,Petra Vukovic,2024-03-14T07:52:00.0000000Z
u0004274,lana_curic4274,Lana Curic,2025-11-09T14:37:00.0000000Z
u0004275,ema_vukovic4275,Ema Vukovic,2025-01-16T11:46:00.0000000Z
u0004276,josip_curic4276,Josip Curic,2024-08-18T18:13:00.0000000Z
u0004277,petra_curic4277,Petra Curic,2025-02-27T13:28:00.0000000Z
u0004278,josip_novak4278,Josip Novak,2025-03-02T14:32:00.0000000Z
u0004279,nika_babic4279,Nika Babic,2025-03-07T17:36:00.0000000Z
u0004280,sara_matic4280,Sara Matic,2024-04-09T18:02:00.0000000Z
u0004281,dora_maric4281,Dora Maric,2024-03-12T23:35:00.0000000Z
u0004282,luka_babic4282,Luka Babic,2025-01-08T15:21:00.0000000Z
u0004283,ivan_knezevic4283,Ivan Knezevic,2025-02-07T03:29:00.0000000Z
u0004284,filip_novak4284,Filip Novak,2024-06-26T21:39:00.0000000Z
u0004285,toni_vidovic4285,Toni Vidovic,2024-01-06T18:31:00.0000000Z
u0004286,leon_babic4286,Leon Babic,2025-01-14T00:08:00.0000000Z
u0004287,josip_novak4287,Josip Novak,2025-08-14T04:31:00.0000000Z
u0004288,ana_kolar4288,Ana Kolar,2025-11-26T14:21:00.0000000Z
u0004289,filip_horvat4289,Filip Horvat,2025-08-19T16:28:00.0000000Z
u0004290,petra_sever4290,Petra Sever,2025-08-10T02:29:00.0000000Z
u0004291,filip_radic4291,Filip Radic,2025-10-15T05:01:00.0000000Z
u0004292,dora_radic4292,Dora Radic,2025-07-03T16:06:00.0000000Z
u0004293,karlo_horvat4293,Karlo Horvat,2024-07-05T00:26:00.0000000Z
u0004294,ana_vukovic4294,Ana Vukovic,2025-01-12T22:20:00.0000000Z
u0004295,iva_barisic4295,Iva Barisic,2025-06-17T14:26:00.0000000Z
u0004296,filip_vidovic4296,Filip Vidovic,2024-10-17T18:15:00.0000000Z
u0004297,nika_perkovic4297,Nika Perkovic,2025-12-24T07:17:00.0000000Z
u0004298,ivan_novak4298,Ivan Novak,2024-06-07T10:12:00.0000000Z
u0004299,filip_curic4299,Filip Curic,2024-11-04T07:39:00.0000000Z
u0004300,marko_curic4300,Marko Curic,2024-02-26T10:59:00.0000000Z
u0004301,sara_barisic4301,Sara Barisic,2024-11-10T21:47:00.0000000Z
u0004302,bruno_sever4302,Bruno Sever,2025-05-14T22:02:00.0000000Z
u0004303,filip_perkovic4303,Filip Perkovic,2024-08-14T04:25:00.0000000Z
u0004304,ema_kovac4304,Ema Kovac,2024-02-21T09:55:00.0000000Z
u0004305,ema_knezevic4305,Ema Knezevic,2025-10-12T04:12:00.0000000Z
u0004306,ema_juric4306,Ema Juric,2025-09-19T16:20:00.0000000Z
u0004307,luka_sever4307,Luka Sever,2024-06-14T16:41:00.0000000Z
u0004308,josip_simic4308,Josip Simic,2024-09-03T03:14:00.0000000Z
u0004309,karlo_novak4309,Karlo Novak,2024-08-04T00:09:00.0000000Z
u0004310,sara_pavlovic4310,Sara Pavlovic,2025-03-09T00:13:00.0000000Z
u0004311,filip_perkovic4311,Filip Perkovic,2024-03-17T23:42:00.0000000Z
u0004312,petra_kovacevic4312,Petra Kovacevic,2024-12-02T03:49:00.0000000Z
u0004313,ivan_horvat4313,Ivan Horvat,2025-10-02T23:51:00.0000000Z
u0004314,ana_sever4314,Ana Sever,2024-04-19T15:48:00.0000000Z
u0004315,ivan_kovacevic4315,Ivan Kovacevic,2025-02-19T04:30:00.0000000Z
u0004316,leon_vidovic4316,Leon Vidovic,2025-08-20T08:38:00.0000000Z
u0004317,filip_horvat4317,Filip Horvat,2025-04-07T09:06:00.0000000Z
u0004318,nika_curic4318,Nika Curic,2025-12-12T15:51:00.0000000Z
u0004319,ines_juric4319,Ines Juric,2024-08-08T01:48:00.0000000Z
u0004320,ivan_curic4320,Ivan Curic,2025-07-03T11:34:00.0000000Z
u0004321,mia_perkovic4321,Mia Perkovic,2024-01-21T01:12:00.0000000Z
u0004322,bruno_curic4322,Bruno Curic,2024-10-18T01:49:00.0000000Z
u0004323,dora_kovac4323,Dora Kovac,2024-03-13T23:17:00.0000000Z
u0004324,josip_novak4324,Josip Novak,2024-07-10T12:23:00.0000000Z
u0004325,dora_maric4325,Dora Maric,2025-12-14T20:21:00.0000000Z
u0004326,ivan_kovacevic4326,Ivan Kovacevic,2024-07-18T03:34:00.0000000Z
u0004327,iva_barisic4327,Iva Barisic,2024-11-16T04:50:00.0000000Z
u0004328,lana_vukovic4328,Lana Vukovic,2025-03-15T16:56:00.0000000Z
u0004329,dora_zoric4329,Dora Zoric,2025-07-09T20:28:00.0000000Z
u0004330,marko_kovacevic4330,Marko Kovacevic,2024-01-30T20:54:00.0000000Z
u0004331,petra_sever4331,Petra Sever,2024-02-29T07:53:00.0000000Z
u0004332,marko_perkovic4332,Marko Perkovic,2024-08-19T01:22:00.0000000Z
u0004333,marko_vukovic4333,Marko Vukovic,2024-10-16T23:38:00.0000000Z
u0004334,petra_sever4334,Petra Sever,2025-06-10T07:31:00.0000000Z
u0004335,bruno_barisic4335,Bruno Barisic,2025-08-28T01:44:00.0000000Z
u0004336,mia_simic4336,Mia Simic,2025-06-30T01:48:00.0000000Z
u0004337,dora_zoric4337,Dora Zoric,2025-11-20T16:15:00.0000000Z
u0004338,ana_kovacevic4338,Ana Kovacevic,2024-01-31T07:59:00.0000000Z
u0004339,filip_curic4339,Filip Curic,2024-08-21T08:59:00.0000000Z
u0004340,josip_zoric4340,Josip Zoric,2024-04-24T00:50:00.0000000Z
u0004341,toni_vidovic4341,Toni Vidovic,2025-07-08T15:07:00.0000000Z
u0004342,ivan_juric4342,Ivan Juric,2024-06-04T23:35:00.0000000Z
u0004343,petra_barisic4343,Petra Barisic,2025-01-13T12:59:00.0000000Z
u0004344,sara_sever4344,Sara Sever,2025-11-30T22:46:00.0000000Z
u0004345,ines_simic4345,Ines Simic,2025-11-15T10:40:00.0000000Z
u0004346,bruno_zoric4346,Bruno Zoric,2024-11-28T07:11:00.0000000Z
u0004347,iva_simic4347,Iva Simic,2024-05-16T18:17:00.0000000Z
u0004348,ana_babic4348,Ana Babic,2025-02-08T01:41:00.0000000Z
u0004349,ivan_babic4349,Ivan Babic,2025-05-01T10:11:00.0000000Z
u0004350,ana_vidovic4350,Ana Vidovic,2025-06-28T12:09:00.0000000Z
u0004351,dora_perkovic4351,Dora Perkovic,2025-03-24T20:31:00.0000000Z
u0004352,luka_radic4352,Luka Radic,2024-03-29T08:46:00.0000000Z
u0004353,dora_perkovic4353,Dora Perkovic,2025-04-01T07:17:00.0000000Z
u0004354,toni_maric4354,Toni Maric,2025-06-12T18:38:00.0000000Z
u0004355,luka_kovacevic4355,Luka Kovacevic,2025-08-21T07:08:00.0000000Z
u0004356,dora_maric4356,Dora Maric,2025-06-14T23:47:00.0000000Z
u0004357,marko_simic4357,Marko Simic,2024-04-21T00:13:00.0000000Z
u0004358,ines_perkovic4358,Ines Perkovic,2024-05-02T18:42:00.0000000Z
u0004359,dora_pavlovic4359,Dora Pavlovic,2025-05-26T14:02:00.0000000Z
u0004360,luka_sever4360,Luka Sever,2024-04-12T18:33:00.0000000Z
u0004361,dario_babic4361,Dario Babic,2024-02-02T22:39:00.0000000Z
u0004362,iva_perkovic4362,Iva Perkovic,2024-07-06T03:57:00.0000000Z
u0004363,filip_pavlovic4363,Filip Pavlovic,2024-02-17T22:41:00.0000000Z
u0004364,karlo_zoric4364,Karlo Zoric,2024-03-13T23:09:00.0000000Z
u0004365,karlo_maric4365,Karlo Maric,2024-10-18T02:10:00.0000000Z
u0004366,lana_zoric4366,Lana Zoric,2025-08-05T11:47:00.0000000Z
u0004367,bruno_babic4367,Bruno Babic,2025-12-14T09:28:00.0000000Z
u0004368,leon_curic4368,Leon Curic,2024-06-05T20:07:00.0000000Z
u0004369,nika_babic4369,Nika Babic,2024-02-03T13:15:00.0000000Z
u0004370,josip_juric4370,Josip Juric,2025-10-25T10:38:00.0000000Z
u0004371,josip_zoric4371,Josip Zoric,2025-05-23T09:14:00.0000000Z
u0004372,lana_kovac4372,Lana Kovac,2024-02-05T11:36:00.0000000Z
u0004373,sara_matic4373,Sara Matic,2025-05-04T21:56:00.0000000Z
u0004374,nika_pavlovic4374,Nika Pavlovic,2025-01-13T13:11:00.0000000Z
u0004375,sara_juric4375,Sara Juric,2025-09-05T04:29:00.0000000Z
u0004376,ivan_horvat4376,Ivan Horvat,2024-12-26T03:59:00.0000000Z
u0004377,iva_radic4377,Iva Radic,2025-09-05T04:51:00.0000000Z
u0004378,leon_matic4378,Leon Matic,2025-09-14T10:34:00.0000000Z
u0004379,petra_pavlovic4379,Petra Pavlovic,2024-05-30T02:01:00.0000000Z
u0004380,karlo_maric4380,Karlo Maric,2025-01-23T11:59:00.0000000Z
u0004381,luka_barisic4381,Luka Barisic,2024-09-21T12:50:00.0000000Z
u0004382,petra_vukovic4382,Petra Vukovic,2024-01-02T01:56:00.0000000Z
u0004383,josip_kovacevic4383,Josip Kovacevic,2024-03-07T00:19:00.0000000Z
u0004384,mia_zoric4384,Mia Zoric,2024-08-26T17:52:00.0000000Z
u0004385,marko_maric4385,Marko Maric,2024-12-07T19:54:00.0000000Z
u0004386,lana_juric4386,Lana Juric,2025-04-18T07:08:00.0000000Z
u0004387,mia_radic4387,Mia Radic,2024-03-12T12:41:00.0000000Z
u0004388,nika_perkovic4388,Nika Perkovic,2025-07-13T09:23:00.0000000Z
u0004389,ivan_radic4389,Ivan Radic,2024-07-25T08:06:00.0000000Z
u0004390,karlo_kovacevic4390,Karlo Kovacevic,2024-12-01T09:42:00.0000000Z
u0004391,karlo_vidovic4391,Karlo Vidovic,2024-07-21T23:03:00.0000000Z
u0004392,marko_vukovic4392,Marko Vukovic,2025-06-27T14:50:00.0000000Z
u0004393,petra_radic4393,Petra Radic,2025-10-12T12:15:00.0000000Z
u0004394,karlo_pavlovic4394,Karlo Pavlovic,2025-05-17T14:43:00.0000000Z
u0004395,josip_knezevic4395,Josip Knezevic,2025-06-11T03:12:00.0000000Z
u0004396,dario_zoric4396,Dario Zoric,2024-08-08T03:30:00.0000000Z
u0004397,mia_kolar4397,Mia Kolar,2024-08-29T17:43:00.0000000Z
u0004398,nika_matic4398,Nika Matic,2025-04-10T02:02:00.0000000Z
u0004399,josip_perkovic4399,Josip Perkovic,2024-06-09T15:05:00.0000000Z
u0004400,nika_kovac4400,Nika Kovac,2025-10-03T14:41:00.0000000Z
u0004401,bruno_simic4401,Bruno Simic,2024-01-19T07:32:00.0000000Z
u0004402,toni_radic4402,Toni Radic,2025-11-13T10:12:00.0000000Z
u0004403,ana_sever4403,Ana Sever,2025-08-20T02:52:00.0000000Z
u0004404,bruno_kovacevic4404,Bruno Kovacevic,2025-07-17T20:14:00.0000000Z
u0004405,iva_radic4405,Iva Radic,2025-10-13T23:43:00.0000000Z
u0004406,josip_babic4406,Josip Babic,2024-07-07T07:21:00.0000000Z
u0004407,ana_simic4407,Ana Simic,2025-06-25T04:05:00.0000000Z
u0004408,dora_matic4408,Dora Matic,2025-03-25T14:51:00.0000000Z
u0004409,marko_juric4409,Marko Juric,2024-10-14T06:32:00.0000000Z
u0004410,toni_kolar4410,Toni Kolar,2025-05-22T07:03:00.0000000Z
u0004411,dario_simic4411,Dario Simic,2024-10-31T06:47:00.0000000Z
u0004412,ana_babic4412,Ana Babic,2024-03-05T19:54:00.0000000Z
u0004413,sara_zoric4413,Sara Zoric,2025-10-27T20:57:00.0000000Z
u0004414,iva_matic4414,Iva Matic,2025-07-29T08:28:00.0000000Z
u0004415,lana_perkovic4415,Lana Perkovic,2024-10-20T16:50:00.0000000Z
u0004416,nika_vidovic4416,Nika Vidovic,2025-11-01T21:50:00.0000000Z
u0004417,bruno_horvat4417,Bruno Horvat,2025-01-05T23:50:00.0000000Z
u0004418,dora_simic4418,Dora Simic,2025-01-23T11:27:00.0000000Z
u0004419,marko_kolar4419,Marko Kolar,2024-03-14T07:13:00.0000000Z
u0004420,josip_radic4420,Josip Radic,2024-06-10T14:17:00.0000000Z
u0004421,dario_knezevic4421,Dario Knezevic,2024-07-25T17:16:00.0000000Z
u0004422,marko_maric4422,Marko Maric,2025-06-25T23:03:00.0000000Z
u0004423,mia_kolar4423,Mia Kolar,2024-10-31T04:21:00.0000000Z
u0004424,karlo_kolar4424,Karlo Kolar,2024-10-02T16:33:00.0000000Z
u0004425,filip_juric4425,Filip Juric,2024-03-08T02:37:00.0000000Z
u0004426,dora_matic4426,Dora Matic,2025-08-05T22:24:00.0000000Z
u0004427,luka_simic4427,Luka Simic,2024-12-20T14:41:00.0000000Z
u0004428,lana_barisic4428,Lana Barisic,2025-05-11T09:17:00.0000000Z
u0004429,petra_simic4429,Petra Simic,2024-01-06T23:36:00.0000000Z
u0004430,ines_barisic4430,Ines Barisic,2024-10-05T19:28:00.0000000Z
u0004431,dora_juric4431,Dora Juric,2024-07-15T14:22:00.0000000Z
u0004432,sara_novak4432,Sara Novak,2024-02-10T18:23:00.0000000Z
u0004433,dario_vukovic4433,Dario Vukovic,2024-12-03T04:17:00.0000000Z
u0004434,sara_novak4434,Sara Novak,2024-02-10T02:41:00.0000000Z
u0004435,dario_curic4435,Dario Curic,2024-07-22T10:33:00.0000000Z
u0004436,marko_pavlovic4436,Marko Pavlovic,2024-08-03T08:06:00.0000000Z
u0004437,josip_maric4437,Josip Maric,2024-06-24T09:15:00.0000000Z
u0004438,filip_maric4438,Filip Maric,2025-11-12T04:10:00.0000000Z
u0004439,bruno_kovac4439,Bruno Kovac,2025-01-08T03:04:00.0000000Z
u0004440,toni_curic4440,Toni Curic,2025-04-09T13:17:00.0000000Z
u0004441,bruno_matic4441,Bruno Matic,2025-09-27T10:20:00.0000000Z
u0004442,ana_vidovic4442,Ana Vidovic,2024-12-25T00:17:00.0000000Z
u0004443,marko_perkovic4443,Marko Perkovic,2024-01-08T23:51:00.0000000Z
u0004444,ana_knezevic4444,Ana Knezevic,2024-04-09T23:11:00.0000000Z
u0004445,filip_simic4445,Filip Simic,2024-09-24T10:27:00.0000000Z
u0004446,josip_sever4446,Josip Sever,2025-11-29T20:12:00.0000000Z
u0004447,josip_kovac4447,Josip Kovac,2025-11-21T18:41:00.0000000Z
u0004448,bruno_knezevic4448,Bruno Knezevic,2025-05-18T19:57:00.0000000Z
u0004449,marko_perkovic4449,Marko Perkovic,2024-02-12T19:49:00.0000000Z
u0004450,filip_sever4450,Filip Sever,2024-05-10T18:20:00.0000000Z
u0004451,dario_curic4451,Dario Curic,2024-11-05T16:10:00.0000000Z
u0004452,karlo_curic4452,Karlo Curic,2025-06-18T13:53:00.0000000Z
u0004453,petra_matic4453,Petra Matic,2024-03-31T07:22:00.0000000Z
u0004454,iva_horvat4454,Iva Horvat,2025-12-02T17:35:00.0000000Z
u0004455,ema_knezevic4455,Ema Knezevic,2025-06-21T10:36:00.0000000Z
u0004456,marko_sever4456,Marko Sever,2025-04-13T14:25:00.0000000Z
u0004457,nika_kovacevic4457,Nika Kovacevic,2024-03-10T03:46:00.0000000Z
u0004458,nika_novak4458,Nika Novak,2025-10-04T12:40:00.0000000Z
u0004459,sara_horvat4459,Sara Horvat,2024-01-20T07:37:00.0000000Z
u0004460,petra_barisic4460,Petra Barisic,2024-04-04T11:15:00.0000000Z
u0004461,josip_zoric4461,Josip Zoric,2025-05-25T20:38:00.0000000Z
u0004462,karlo_matic4462,Karlo Matic,2025-02-02T21:10:00.0000000Z
u0004463,bruno_radic4463,Bruno Radic,2025-04-03T09:55:00.0000000Z
u0004464,toni_novak4464,Toni Novak,2025-01-03T06:35:00.0000000Z
u0004465,karlo_pavlovic4465,Karlo Pavlovic,2024-01-25T18:50:00.0000000Z
u0004466,dora_knezevic4466,Dora Knezevic,2024-01-30T09:55:00.0000000Z
u0004467,dora_horvat4467,Dora Horvat,2025-06-10T13:11:00.0000000Z
u0004468,josip_zoric4468,Josip Zoric,2025-04-19T19:29:00.0000000Z
u0004469,ivan_sever4469,Ivan Sever,2025-05-25T21:59:00.0000000Z
u0004470,dario_babic4470,Dario Babic,2025-10-22T10:19:00.0000000Z
u0004471,bruno_horvat4471,Bruno Horvat,2025-02-23T09:56:00.0000000Z
u0004472,dora_vukovic4472,Dora Vukovic,2024-07-01T13:08:00.0000000Z
u0004473,ema_matic4473,Ema Matic,2025-10-28T07:41:00.0000000Z
u0004474,petra_vukovic4474,Petra Vukovic,2024-11-27T11:32:00.0000000Z
u0004475,ana_curic4475,Ana Curic,2024-02-12T15:55:00.0000000Z
u0004476,nika_kolar4476,Nika Kolar,2025-03-04T20:45:00.0000000Z
u0004477,karlo_kolar4477,Karlo Kolar,2025-03-08T00:44:00.0000000Z
u0004478,dora_novak4478,Dora Novak,2025-09-15T22:30:00.0000000Z
u0004479,josip_horvat4479,Josip Horvat,2024-01-02T23:27:00.0000000Z
u0004480,ana_kolar4480,Ana Kolar,2024-12-31T08:27:00.0000000Z
u0004481,karlo_maric4481,Karlo Maric,2024-10-01T06:43:00.0000000Z
u0004482,bruno_curic4482,Bruno Curic,2024-06-25T17:41:00.0000000Z
u0004483,leon_vidovic4483,Leon Vidovic,2024-07-09T06:41:00.0000000Z
u0004484,iva_kolar4484,Iva Kolar,2025-12-14T04:29:00.0000000Z
u0004485,marko_zoric4485,Marko Zoric,2025-04-17T21:06:00.0000000Z
u0004486,ema_knezevic4486,Ema Knezevic,2025-09-02T19:22:00.0000000Z
u0004487,nika_matic4487,Nika Matic,2024-07-16T14:24:00.0000000Z
u0004488,marko_perkovic4488,Marko Perkovic,2024-11-10T02:54:00.0000000Z
u0004489,filip_kolar4489,Filip Kolar,2025-07-21T20:56:00.0000000Z
u0004490,bruno_simic4490,Bruno Simic,2024-09-03T06:43:00.0000000Z
u0004491,luka_novak4491,Luka Novak,2025-05-29T11:47:00.0000000Z
u0004492,josip_kovacevic4492,Josip Kovacevic,2024-06-10T23:31:00.0000000Z
u0004493,ivan_juric4493,Ivan Juric,2024-01-04T06:50:00.0000000Z
u0004494,karlo_perkovic4494,Karlo Perkovic,2025-10-05T01:19:00.0000000Z
u0004495,filip_kovac4495,Filip Kovac,2025-12-17T13:21:00.0000000Z
u0004496,toni_barisic4496,Toni Barisic,2024-12-03T09:06:00.0000000Z
u0004497,luka_babic4497,Luka Babic,2025-03-23T22:10:00.0000000Z
u0004498,petra_matic4498,Petra Matic,2024-07-03T21:34:00.0000000Z
u0004499,luka_kolar4499,Luka Kolar,2024-12-09T17:51:00.0000000Z
u0004500,leon_knezevic4500,Leon Knezevic,2024-06-01T05:43:00.0000000Z
u0004501,lana_novak4501,Lana Novak,2024-07-03T18:38:00.0000000Z
u0004502,leon_radic4502,Leon Radic,2025-01-08T08:20:00.0000000Z
u0004503,ema_kolar4503,Ema Kolar,2024-11-03T05:39:00.0000000Z
u0004504,josip_maric4504,Josip Maric,2024-03-22T19:59:00.0000000Z
u0004505,karlo_zoric4505,Karlo Zoric,2025-08-31T16:50:00.0000000Z
u0004506,mia_zoric4506,Mia Zoric,2025-04-08T21:32:00.0000000Z
u0004507,josip_perkovic4507,Josip Perkovic,2025-09-20T13:07:00.0000000Z
u0004508,filip_radic4508,Filip Radic,2024-11-21T01:39:00.0000000Z
u0004509,bruno_kovac4509,Bruno Kovac,2025-07-04T22:13:00.0000000Z
u0004510,lana_maric4510,Lana Maric,2025-03-20T16:17:00.0000000Z
u0004511,iva_babic4511,Iva Babic,2025-10-04T14:53:00.0000000Z
u0004512,iva_vukovic4512,Iva Vukovic,2024-11-24T15:17:00.0000000Z
u0004513,toni_knezevic4513,Toni Knezevic,2025-01-18T20:06:00.0000000Z
u0004514,lana_kovacevic4514,Lana Kovacevic,2024-04-14T16:26:00.0000000Z
u0004515,ana_zoric4515,Ana Zoric,2025-11-25T23:33:00.0000000Z
u0004516,dario_kovacevic4516,Dario Kovacevic,2025-05-12T16:14:00.0000000Z
u0004517,josip_vidovic4517,Josip Vidovic,2025-11-23T10:48:00.0000000Z
u0004518,karlo_matic4518,Karlo Matic,2025-06-04T00:41:00.0000000Z
u0004519,filip_babic4519,Filip Babic,2025-05-23T23:12:00.0000000Z
u0004520,karlo_maric4520,Karlo Maric,2024-11-28T06:26:00.0000000Z
u0004521,iva_vidovic4521,Iva Vidovic,2025-01-23T21:50:00.0000000Z
u0004522,karlo_perkovic4522,Karlo Perkovic,2024-02-10T19:50:00.0000000Z
u0004523,luka_horvat4523,Luka Horvat,2024-11-05T03:52:00.0000000Z
u0004524,mia_zoric4524,Mia Zoric,2024-10-05T21:02:00.0000000Z
u0004525,marko_sever4525,Marko Sever,2024-09-16T09:45:00.0000000Z
u0004526,bruno_juric4526,Bruno Juric,2025-06-18T06:12:00.0000000Z
u0004527,lana_novak4527,Lana Novak,2025-06-29T18:01:00.0000000Z
u0004528,ivan_horvat4528,Ivan Horvat,2024-09-07T00:11:00.0000000Z
u0004529,sara_curic4529,Sara Curic,2025-04-09T10:43:00.0000000Z
u0004530,petra_knezevic4530,Petra Knezevic,2024-05-28T16:32:00.0000000Z
u0004531,iva_vidovic4531,Iva Vidovic,2024-05-28T22:41:00.0000000Z
u0004532,ivan_kolar4532,Ivan Kolar,2025-01-16T01:04:00.0000000Z
u0004533,toni_novak4533,Toni Novak,2024-03-18T11:54:00.0000000Z
u0004534,ines_juric4534,Ines Juric,2024-08-05T04:08:00.0000000Z
u0004535,ema_horvat4535,Ema Horvat,2024-02-26T22:35:00.0000000Z
u0004536,nika_kolar4536,Nika Kolar,2025-01-13T05:45:00.0000000Z
u0004537,mia_pavlovic4537,Mia Pavlovic,2025-09-30T00:33:00.0000000Z
u0004538,dora_kovacevic4538,Dora Kovacevic,2025-12-14T09:04:00.0000000Z
u0004539,bruno_perkovic4539,Bruno Perkovic,2025-07-29T17:00:00.0000000Z
u0004540,petra_maric4540,Petra Maric,2025-07-08T06:33:00.0000000Z
u0004541,josip_kovac4541,Josip Kovac,2025-03-05T02:54:00.0000000Z
u0004542,luka_pavlovic4542,Luka Pavlovic,2025-11-18T16:41:00.0000000Z
u0004543,petra_horvat4543,Petra Horvat,2024-07-12T13:36:00.0000000Z
u0004544,karlo_babic4544,Karlo Babic,2024-02-02T18:17:00.0000000Z
u0004545,toni_simic4545,Toni Simic,2025-11-26T09:16:00.0000000Z
u0004546,lana_vidovic4546,Lana Vidovic,2025-12-28T06:17:00.0000000Z
u0004547,ema_kovac4547,Ema Kovac,2024-05-18T14:28:00.0000000Z
u0004548,marko_vidovic4548,Marko Vidovic,2025-08-20T12:34:00.0000000Z
u0004549,filip_zoric4549,Filip Zoric,2025-01-03T22:49:00.0000000Z
u0004550,luka_vukovic4550,Luka Vukovic,2024-01-22T14:48:00.0000000Z
u0004551,bruno_knezevic4551,Bruno Knezevic,2024-02-27T06:13:00.0000000Z
u0004552,filip_matic4552,Filip Matic,2024-05-30T06:09:00.0000000Z
u0004553,bruno_horvat4553,Bruno Horvat,2024-10-22T17:43:00.0000000Z
u0004554,marko_vukovic4554,Marko Vukovic,2025-05-16T07:06:00.0000000Z
u0004555,ema_radic4555,Ema Radic,2025-01-16T17:52:00.0000000Z
u0004556,karlo_kovacevic4556,Karlo Kovacevic,2025-06-07T16:30:00.0000000Z
u0004557,ana_juric4557,Ana Juric,2025-09-26T10:29:00.0000000Z
u0004558,iva_curic4558,Iva Curic,2024-02-11T16:08:00.0000000Z
u0004559,nika_kovacevic4559,Nika Kovacevic,2024-07-03T15:38:00.0000000Z
u0004560,iva_barisic4560,Iva Barisic,2025-09-07T10:21:00.0000000Z
u0004561,josip_sever4561,Josip Sever,2025-05-08T10:32:00.0000000Z
u0004562,luka_babic4562,Luka Babic,2025-05-16T05:06:00.0000000Z
u0004563,dora_juric4563,Dora Juric,2024-03-29T03:46:00.0000000Z
u0004564,bruno_kolar4564,Bruno Kolar,2025-07-20T16:35:00.0000000Z
u0004565,nika_babic4565,Nika Babic,2025-05-30T00:19:00.0000000Z
u0004566,dario_barisic4566,Dario Barisic,2024-07-28T17:01:00.0000000Z
u0004567,ema_radic4567,Ema Radic,2024-11-23T00:25:00.0000000Z
u0004568,iva_novak4568,Iva Novak,2024-03-18T02:42:00.0000000Z
u0004569,petra_curic4569,Petra Curic,2024-12-27T00:53:00.0000000Z
u0004570,ana_zoric4570,Ana Zoric,2024-05-07T14:27:00.0000000Z
u0004571,dora_curic4571,Dora Curic,2024-04-18T05:41:00.0000000Z
u0004572,nika_perkovic4572,Nika Perkovic,2024-11-15T06:40:00.0000000Z
u0004573,ana_horvat4573,Ana Horvat,2024-11-05T05:38:00.0000000Z
u0004574,karlo_barisic4574,Karlo Barisic,2024-02-14T09:43:00.0000000Z
u0004575,nika_juric4575,Nika Juric,2025-01-12T09:51:00.0000000Z
u0004576,ivan_novak4576,Ivan Novak,2025-08-05T00:22:00.0000000Z
u0004577,mia_kovac4577,Mia Kovac,2024-11-14T15:20:00.0000000Z
u0004578,dora_matic4578,Dora Matic,2024-10-11T09:39:00.0000000Z
u0004579,mia_pavlovic4579,Mia Pavlovic,2025-06-30T18:54:00.0000000Z
u0004580,nika_kovac4580,Nika Kovac,2024-04-26T03:14:00.0000000Z
u0004581,petra_curic4581,Petra Curic,2024-12-31T23:40:00.0000000Z
u0004582,leon_zoric4582,Leon Zoric,2025-08-07T01:45:00.0000000Z
u0004583,toni_horvat4583,Toni Horvat,2024-11-09T07:38:00.0000000Z
u0004584,ema_matic4584,Ema Matic,2025-09-10T19:28:00.0000000Z
u0004585,ines_matic4585,Ines Matic,2025-04-10T15:29:00.0000000Z
u0004586,mia_maric4586,Mia Maric,2025-11-05T17:08:00.0000000Z
u0004587,nika_kovac4587,Nika Kovac,2025-06-23T23:13:00.0000000Z
u0004588,sara_perkovic4588,Sara Perkovic,2025-06-03T04:34:00.0000000Z
u0004589,bruno_sever4589,Bruno Sever,2024-12-06T15:17:00.0000000Z
u0004590,iva_maric4590,Iva Maric,2024-02-07T00:30:00.0000000Z
u0004591,sara_knezevic4591,Sara Knezevic,2025-11-18T22:51:00.0000000Z
u0004592,ema_pavlovic4592,Ema Pavlovic,2025-10-31T20:13:00.0000000Z
u0004593,nika_perkovic4593,Nika Perkovic,2024-12-19T08:05:00.0000000Z
u0004594,bruno_matic4594,Bruno Matic,2024-05-05T16:54:00.0000000Z
u0004595,mia_kovac4595,Mia Kovac,2025-02-22T21:54:00.0000000Z
u0004596,nika_babic4596,Nika Babic,2024-01-11T13:39:00.0000000Z
u0004597,iva_horvat4597,Iva Horvat,2024-11-29T17:56:00.0000000Z
u0004598,karlo_sever4598,Karlo Sever,2024-01-06T08:03:00.0000000Z
u0004599,josip_matic4599,Josip Matic,2024-07-19T23:42:00.0000000Z
u0004600,iva_novak4600,Iva Novak,2025-08-11T20:41:00.0000000Z
u0004601,filip_barisic4601,Filip Barisic,2025-09-21T07:46:00.0000000Z
u0004602,mia_simic4602,Mia Simic,2024-02-07T22:02:00.0000000Z
u0004603,leon_simic4603,Leon Simic,2025-08-17T21:25:00.0000000Z
u0004604,bruno_vidovic4604,Bruno Vidovic,2025-01-29T18:11:00.0000000Z
u0004605,josip_barisic4605,Josip Barisic,2025-03-16T03:25:00.0000000Z
u0004606,nika_kovacevic4606,Nika Kovacevic,2025-03-04T00:06:00.0000000Z
u0004607,marko_babic4607,Marko Babic,2025-10-08T04:38:00.0000000Z
u0004608,lana_horvat4608,Lana Horvat,2024-04-26T02:12:00.0000000Z
u0004609,nika_barisic4609,Nika Barisic,2024-11-30T21:47:00.0000000Z
u0004610,leon_vidovic4610,Leon Vidovic,2024-04-19T04:50:00.0000000Z
u0004611,toni_zoric4611,Toni Zoric,2024-11-19T09:12:00.0000000Z
u0004612,sara_vukovic4612,Sara Vukovic,2025-03-10T16:07:00.0000000Z
u0004613,filip_sever4613,Filip Sever,2025-01-02T16:16:00.0000000Z
u0004614,dario_perkovic4614,Dario Perkovic,2025-01-02T02:16:00.0000000Z
u0004615,petra_horvat4615,Petra Horvat,2024-05-11T14:35:00.0000000Z
u0004616,leon_vukovic4616,Leon Vukovic,2024-03-21T06:12:00.0000000Z
u0004617,josip_barisic4617,Josip Barisic,2024-04-30T19:54:00.0000000Z
u0004618,sara_perkovic4618,Sara Perkovic,2024-02-12T10:56:00.0000000Z
u0004619,leon_barisic4619,Leon Barisic,2025-09-21T12:59:00.0000000Z
u0004620,bruno_zoric4620,Bruno Zoric,2025-06-06T19:54:00.0000000Z
u0004621,nika_sever4621,Nika Sever,2025-07-04T10:34:00.0000000Z
u0004622,sara_kovac4622,Sara Kovac,2024-02-12T13:40:00.0000000Z
u0004623,ivan_zoric4623,Ivan Zoric,2024-12-22T11:07:00.0000000Z
u0004624,ana_juric4624,Ana Juric,2024-09-04T22:11:00.0000000Z
u0004625,ivan_pavlovic4625,Ivan Pavlovic,2024-12-06T04:00:00.0000000Z
u0004626,mia_juric4626,Mia Juric,2025-12-13T02:59:00.0000000Z
u0004627,dora_perkovic4627,Dora Perkovic,2024-12-15T17:14:00.0000000Z
u0004628,filip_radic4628,Filip Radic,2025-12-26T00:41:00.0000000Z
u0004629,dora_sever4629,Dora Sever,2024-03-26T02:32:00.0000000Z
u0004630,mia_zoric4630,Mia Zoric,2025-01-01T12:48:00.0000000Z
u0004631,bruno_pavlovic4631,Bruno Pavlovic,2024-05-29T09:01:00.0000000Z
u0004632,iva_curic4632,Iva Curic,2025-06-04T17:26:00.0000000Z
u0004633,bruno_radic4633,Bruno Radic,2025-11-27T00:07:00.0000000Z
u0004634,marko_vidovic4634,Marko Vidovic,2025-03-29T19:05:00.0000000Z
u0004635,toni_vukovic4635,Toni Vukovic,2025-03-10T00:31:00.0000000Z
u0004636,karlo_pavlovic4636,Karlo Pavlovic,2024-01-28T05:37:00.0000000Z
u0004637,nika_radic4637,Nika Radic,2025-04-03T23:24:00.0000000Z
u0004638,ines_kolar4638,Ines Kolar,2024-03-19T17:46:00.0000000Z
u0004639,luka_novak4639,Luka Novak,2024-11-16T19:38:00.0000000Z
u0004640,iva_perkovic4640,Iva Perkovic,2024-04-01T01:51:00.0000000Z
u0004641,leon_kolar4641,Leon Kolar,2024-01-06T02:17:00.0000000Z
u0004642,dora_juric4642,Dora Juric,2025-04-19T17:36:00.0000000Z
u0004643,marko_juric4643,Marko Juric,2025-05-16T07:12:00.0000000Z
u0004644,iva_pavlovic4644,Iva Pavlovic,2025-06-08T09:46:00.0000000Z
u0004645,ana_barisic4645,Ana Barisic,2025-09-18T16:00:00.0000000Z
u0004646,ines_kolar4646,Ines Kolar,2024-04-07T16:49:00.0000000Z
u0004647,mia_maric4647,Mia Maric,2024-09-10T05:06:00.0000000Z
u0004648,ivan_zoric4648,Ivan Zoric,2024-06-07T05:39:00.0000000Z
u0004649,ines_vidovic4649,Ines Vidovic,2025-10-06T09:35:00.0000000Z
u0004650,ivan_simic4650,Ivan Simic,2025-05-14T14:54:00.0000000Z
u0004651,ema_sever4651,Ema Sever,2025-09-14T15:59:00.0000000Z
u0004652,karlo_maric4652,Karlo Maric,2024-03-18T04:03:00.0000000Z
u0004653,toni_pavlovic4653,Toni Pavlovic,2024-03-30T09:10:00.0000000Z
u0004654,leon_perkovic4654,Leon Perkovic,2024-08-15T04:21:00.0000000Z
u0004655,mia_vidovic4655,Mia Vidovic,2025-10-23T03:02:00.0000000Z
u0004656,leon_barisic4656,Leon Barisic,2025-09-25T07:18:00.0000000Z
u0004657,luka_vukovic4657,Luka Vukovic,2025-01-12T12:10:00.0000000Z
u0004658,filip_vukovic4658,Filip Vukovic,2025-01-16T20:27:00.0000000Z
u0004659,iva_barisic4659,Iva Barisic,2025-11-02T19:24:00.0000000Z
u0004660,iva_babic4660,Iva Babic,2024-11-08T15:02:00.0000000Z
u0004661,iva_horvat4661,Iva Horvat,2025-06-27T17:42:00.0000000Z
u0004662,ana_matic4662,Ana Matic,2025-04-16T04:50:00.0000000Z
u0004663,ines_maric4663,Ines Maric,2025-05-08T20:52:00.0000000Z
u0004664,iva_novak4664,Iva Novak,2024-03-07T23:44:00.0000000Z
u0004665,ana_matic4665,Ana Matic,2024-12-07T02:39:00.0000000Z
u0004666,ana_kolar4666,Ana Kolar,2025-11-26T18:55:00.0000000Z
u0004667,filip_sever4667,Filip Sever,2025-12-17T09:59:00.0000000Z
u0004668,ana_vidovic4668,Ana Vidovic,2024-05-04T13:13:00.0000000Z
u0004669,petra_sever4669,Petra Sever,2025-04-01T20:05:00.0000000Z
u0004670,filip_kovac4670,Filip Kovac,2024-08-19T23:34:00.0000000Z
u0004671,petra_vidovic4671,Petra Vidovic,2025-01-16T11:51:00.0000000Z
u0004672,sara_maric4672,Sara Maric,2025-04-21T10:36:00.0000000Z
u0004673,nika_kovacevic4673,Nika Kovacevic,2024-09-20T07:38:00.0000000Z
u0004674,ema_horvat4674,Ema Horvat,2025-05-05T02:34:00.0000000Z
u0004675,petra_matic4675,Petra Matic,2024-04-09T23:08:00.0000000Z
u0004676,josip_juric4676,Josip Juric,2025-10-24T16:27:00.0000000Z
u0004677,ivan_kolar4677,Ivan Kolar,2024-04-07T15:43:00.0000000Z
u0004678,dora_matic4678,Dora Matic,2024-04-19T09:08:00.0000000Z
u0004679,josip_zoric4679,Josip Zoric,2024-05-19T08:28:00.0000000Z
u0004680,nika_vidovic4680,Nika Vidovic,2025-01-07T17:44:00.0000000Z
u0004681,ana_radic4681,Ana Radic,2024-04-14T03:02:00.0000000Z
u0004682,mia_simic4682,Mia Simic,2024-11-01T09:12:00.0000000Z
u0004683,nika_kovacevic4683,Nika Kovacevic,2024-07-21T18:23:00.0000000Z
u0004684,karlo_matic4684,Karlo Matic,2024-10-04T16:23:00.0000000Z
u0004685,nika_kovac4685,Nika Kovac,2025-11-01T03:54:00.0000000Z
u0004686,filip_vidovic4686,Filip Vidovic,2024-09-12T23:40:00.0000000Z
u0004687,ana_kolar4687,Ana Kolar,2025-05-06T23:51:00.0000000Z
u0004688,bruno_juric4688,Bruno Juric,2024-08-13T05:33:00.0000000Z
u0004689,petra_novak4689,Petra Novak,2024-09-09T02:08:00.0000000Z
u0004690,mia_novak4690,Mia Novak,2024-11-05T17:08:00.0000000Z
u0004691,lana_sever4691,Lana Sever,2025-01-09T16:33:00.0000000Z
u0004692,ines_novak4692,Ines Novak,2025-01-06T21:36:00.0000000Z
u0004693,dario_vidovic4693,Dario Vidovic,2025-11-09T10:28:00.0000000Z
u0004694,bruno_barisic4694,Bruno Barisic,2025-12-14T05:37:00.0000000Z
u0004695,toni_novak4695,Toni Novak,2024-07-18T05:52:00.0000000Z
u0004696,iva_vukovic4696,Iva Vukovic,2024-11-08T13:34:00.0000000Z
u0004697,luka_babic4697,Luka Babic,2025-11-08T13:52:00.0000000Z
u0004698,karlo_radic4698,Karlo Radic,2024-03-08T23:16:00.0000000Z
u0004699,karlo_kovacevic4699,Karlo Kovacevic,2024-07-09T20:30:00.0000000Z
u0004700,karlo_maric4700,Karlo Maric,2024-09-11T19:10:00.0000000Z
u0004701,ivan_maric4701,Ivan Maric,2024-02-21T00:26:00.0000000Z
u0004702,ines_vukovic4702,Ines Vukovic,2024-12-14T07:57:00.0000000Z
u0004703,ines_kolar4703,Ines Kolar,2025-08-14T14:59:00.0000000Z
u0004704,josip_zoric4704,Josip Zoric,2025-12-25T02:45:00.0000000Z
u0004705,josip_kovacevic4705,Josip Kovacevic,2025-10-08T13:43:00.0000000Z
u0004706,sara_kovac4706,Sara Kovac,2024-01-25T00:00:00.0000000Z
u0004707,ana_knezevic4707,Ana Knezevic,2025-09-07T18:56:00.0000000Z
u0004708,leon_babic4708,Leon Babic,2024-03-21T15:26:00.0000000Z
u0004709,lana_pavlovic4709,Lana Pavlovic,2024-11-25T15:44:00.0000000Z
u0004710,josip_horvat4710,Josip Horvat,2025-11-16T08:19:00.0000000Z
u0004711,luka_perkovic4711,Luka Perkovic,2025-04-24T23:39:00.0000000Z
u0004712,nika_pavlovic4712,Nika Pavlovic,2025-04-26T15:23:00.0000000Z
u0004713,leon_zoric4713,Leon Zoric,2025-10-10T11:48:00.0000000Z
u0004714,iva_barisic4714,Iva Barisic,2025-04-06T15:48:00.0000000Z
u0004715,toni_vidovic4715,Toni Vidovic,2024-09-16T13:45:00.0000000Z
u0004716,leon_knezevic4716,Leon Knezevic,2024-06-13T14:15:00.0000000Z
u0004717,luka_babic4717,Luka Babic,2024-06-04T23:33:00.0000000Z
u0004718,luka_zoric4718,Luka Zoric,2025-06-27T04:56:00.0000000Z
u0004719,dario_maric4719,Dario Maric,2024-02-10T11:41:00.0000000Z
u0004720,dora_vukovic4720,Dora Vukovic,2025-06-17T20:34:00.0000000Z
u0004721,ana_knezevic4721,Ana Knezevic,2025-06-16T01:22:00.0000000Z
u0004722,ines_maric4722,Ines Maric,2024-03-04T05:50:00.0000000Z
u0004723,filip_vidovic4723,Filip Vidovic,2025-05-03T17:16:00.0000000Z
u0004724,luka_zoric4724,Luka Zoric,2024-08-15T08:43:00.0000000Z
u0004725,marko_novak4725,Marko Novak,2025-02-01T09:00:00.0000000Z
u0004726,luka_juric4726,Luka Juric,2024-08-19T22:33:00.0000000Z
u0004727,iva_simic4727,Iva Simic,2024-05-27T21:44:00.0000000Z
u0004728,luka_novak4728,Luka Novak,2025-09-29T20:22:00.0000000Z
u0004729,bruno_horvat4729,Bruno Horvat,2025-10-16T04:13:00.0000000Z
u0004730,leon_kovac4730,Leon Kovac,2024-12-23T12:22:00.0000000Z
u0004731,toni_curic4731,Toni Curic,2024-11-01T22:50:00.0000000Z
u0004732,petra_zoric4732,Petra Zoric,2024-11-16T16:57:00.0000000Z
u0004733,leon_kolar4733,Leon Kolar,2025-04-28T17:41:00.0000000Z
u0004734,ema_pavlovic4734,Ema Pavlovic,2025-02-25T21:42:00.0000000Z
u0004735,nika_sever4735,Nika Sever,2024-09-12T10:34:00.0000000Z
u0004736,leon_kovac4736,Leon Kovac,2025-02-11T20:02:00.0000000Z
u0004737,petra_juric4737,Petra Juric,2025-09-17T04:31:00.0000000Z
u0004738,bruno_novak4738,Bruno Novak,2025-08-05T05:49:00.0000000Z
u0004739,dario_zoric4739,Dario Zoric,2024-06-19T22:48:00.0000000Z
u0004740,ines_babic4740,Ines Babic,2024-04-13T00:36:00.0000000Z
u0004741,petra_knezevic4741,Petra Knezevic,2025-07-13T06:50:00.0000000Z
u0004742,petra_pavlovic4742,Petra Pavlovic,2025-09-06T16:53:00.0000000Z
u0004743,ines_sever4743,Ines Sever,2024-12-08T20:04:00.0000000Z
u0004744,marko_kovacevic4744,Marko Kovacevic,2025-02-07T22:04:00.0000000Z
u0004745,sara_matic4745,Sara Matic,2025-11-30T08:08:00.0000000Z
u0004746,toni_perkovic4746,Toni Perkovic,2024-06-17T20:31:00.0000000Z
u0004747,dario_vidovic4747,Dario Vidovic,2025-11-13T20:19:00.0000000Z
u0004748,filip_kolar4748,Filip Kolar,2025-07-23T17:57:00.0000000Z
u0004749,toni_barisic4749,Toni Barisic,2025-06-26T12:52:00.0000000Z
u0004750,toni_pavlovic4750,Toni Pavlovic,2025-12-09T14:57:00.0000000Z
u0004751,luka_horvat4751,Luka Horvat,2025-03-13T17:59:00.0000000Z
u0004752,dario_kovac4752,Dario Kovac,2024-05-11T23:36:00.0000000Z
u0004753,karlo_vukovic4753,Karlo Vukovic,2024-09-19T16:35:00.0000000Z
u0004754,dario_horvat4754,Dario Horvat,2024-03-11T11:19:00.0000000Z
u0004755,ivan_kovac4755,Ivan Kovac,2025-12-21T08:23:00.0000000Z
u0004756,filip_kovac4756,Filip Kovac,2025-06-08T13:31:00.0000000Z
u0004757,karlo_curic4757,Karlo Curic,2024-04-04T10:12:00.0000000Z
u0004758,ana_kovacevic4758,Ana Kovacevic,2024-08-24T03:58:00.0000000Z
u0004759,luka_barisic4759,Luka Barisic,2025-05-31T09:37:00.0000000Z
u0004760,dora_radic4760,Dora Radic,2025-07-05T04:02:00.0000000Z
u0004761,ivan_juric4761,Ivan Juric,2024-09-19T04:34:00.0000000Z
u0004762,lana_barisic4762,Lana Barisic,2024-07-08T03:15:00.0000000Z
u0004763,dora_babic4763,Dora Babic,2024-10-24T11:28:00.0000000Z
u0004764,iva_vidovic4764,Iva Vidovic,2024-08-02T12:27:00.0000000Z
u0004765,ines_horvat4765,Ines Horvat,2025-08-16T12:59:00.0000000Z
u0004766,karlo_novak4766,Karlo Novak,2025-03-27T18:53:00.0000000Z
u0004767,iva_kovacevic4767,Iva Kovacevic,2025-07-26T06:19:00.0000000Z
u0004768,ana_zoric4768,Ana Zoric,2025-06-12T17:34:00.0000000Z
u0004769,karlo_novak4769,Karlo Novak,2025-06-07T14:13:00.0000000Z
u0004770,ema_kovacevic4770,Ema Kovacevic,2024-06-13T12:53:00.0000000Z
u0004771,lana_vidovic4771,Lana Vidovic,2025-08-28T18:59:00.0000000Z
u0004772,toni_knezevic4772,Toni Knezevic,2025-06-23T12:04:00.0000000Z
u0004773,bruno_simic4773,Bruno Simic,2024-05-22T05:59:00.0000000Z
u0004774,bruno_kovacevic4774,Bruno Kovacevic,2025-11-23T20:29:00.0000000Z
u0004775,filip_kovac4775,Filip Kovac,2024-03-07T13:38:00.0000000Z
u0004776,karlo_babic4776,Karlo Babic,2024-08-18T03:06:00.0000000Z
u0004777,dario_vukovic4777,Dario Vukovic,2025-03-17T09:11:00.0000000Z
u0004778,ivan_maric4778,Ivan Maric,2024-06-06T19:41:00.0000000Z
u0004779,dora_kovac4779,Dora Kovac,2024-12-22T21:32:00.0000000Z
u0004780,toni_perkovic4780,Toni Perkovic,2025-05-24T06:00:00.0000000Z
u0004781,dario_perkovic4781,Dario Perkovic,2025-08-19T22:58:00.0000000Z
u0004782,petra_kovacevic4782,Petra Kovacevic,2025-12-21T07:11:00.0000000Z
u0004783,lana_juric4783,Lana Juric,2025-03-19T02:25:00.0000000Z
u0004784,ivan_babic4784,Ivan Babic,2025-04-25T13:22:00.0000000Z
u0004785,josip_kovac4785,Josip Kovac,2025-12-16T23:00:00.0000000Z
u0004786,karlo_kolar4786,Karlo Kolar,2025-06-09T06:09:00.0000000Z
u0004787,toni_horvat4787,Toni Horvat,2024-02-21T17:33:00.0000000Z
u0004788,josip_zoric4788,Josip Zoric,2025-11-23T17:29:00.0000000Z
u0004789,toni_vukovic4789,Toni Vukovic,2025-04-07T22:40:00.0000000Z
u0004790,toni_pavlovic4790,Toni Pavlovic,2024-09-01T08:59:00.0000000Z
u0004791,ema_babic4791,Ema Babic,2025-11-11T18:29:00.0000000Z
u0004792,lana_maric4792,Lana Maric,2025-05-05T12:17:00.0000000Z
u0004793,marko_babic4793,Marko Babic,2025-07-07T18:35:00.0000000Z
u0004794,marko_vukovic4794,Marko Vukovic,2025-09-23T06:55:00.0000000Z
u0004795,bruno_knezevic4795,Bruno Knezevic,2024-07-12T17:03:00.0000000Z
u0004796,leon_perkovic4796,Leon Perkovic,2024-04-01T22:52:00.0000000Z
u0004797,luka_babic4797,Luka Babic,2024-09-20T07:23:00.0000000Z
u0004798,iva_horvat4798,Iva Horvat,2025-04-20T17:19:00.0000000Z
u0004799,toni_babic4799,Toni Babic,2025-10-27T15:03:00.0000000Z
u0004800,ines_simic4800,Ines Simic,2025-11-01T19:20:00.0000000Z
u0004801,mia_barisic4801,Mia Barisic,2025-04-07T00:35:00.0000000Z
u0004802,ema_vidovic4802,Ema Vidovic,2025-12-30T06:28:00.0000000Z
u0004803,bruno_curic4803,Bruno Curic,2025-10-04T12:19:00.0000000Z
u0004804,filip_kolar4804,Filip Kolar,2025-03-02T17:48:00.0000000Z
u0004805,dora_radic4805,Dora Radic,2025-04-08T02:44:00.0000000Z
u0004806,luka_perkovic4806,Luka Perkovic,2024-08-28T08:56:00.0000000Z
u0004807,sara_perkovic4807,Sara Perkovic,2025-06-09T21:22:00.0000000Z
u0004808,dario_vukovic4808,Dario Vukovic,2024-12-29T02:54:00.0000000Z
u0004809,dora_matic4809,Dora Matic,2024-03-14T12:42:00.0000000Z
u0004810,ema_barisic4810,Ema Barisic,2024-02-03T14:11:00.0000000Z
u0004811,iva_juric4811,Iva Juric,2025-02-18T08:35:00.0000000Z
u0004812,karlo_zoric4812,Karlo Zoric,2025-01-15T10:06:00.0000000Z
u0004813,luka_knezevic4813,Luka Knezevic,2025-03-23T03:40:00.0000000Z
u0004814,ema_novak4814,Ema Novak,2025-06-22T12:57:00.0000000Z
u0004815,luka_curic4815,Luka Curic,2024-11-11T23:34:00.0000000Z
u0004816,iva_vidovic4816,Iva Vidovic,2024-12-11T09:33:00.0000000Z
u0004817,ana_knezevic4817,Ana Knezevic,2024-11-21T15:27:00.0000000Z
u0004818,nika_maric4818,Nika Maric,2025-10-09T10:59:00.0000000Z
u0004819,petra_vidovic4819,Petra Vidovic,2024-12-10T15:32:00.0000000Z
u0004820,marko_juric4820,Marko Juric,2024-09-07T11:15:00.0000000Z
u0004821,ines_knezevic4821,Ines Knezevic,2024-02-11T01:20:00.0000000Z
u0004822,karlo_radic4822,Karlo Radic,2024-11-17T20:18:00.0000000Z
u0004823,ana_babic4823,Ana Babic,2025-07-20T23:33:00.0000000Z
u0004824,marko_sever4824,Marko Sever,2024-07-07T03:11:00.0000000Z
u0004825,bruno_knezevic4825,Bruno Knezevic,2024-11-27T06:58:00.0000000Z
u0004826,dora_juric4826,Dora Juric,2024-11-25T16:40:00.0000000Z
u0004827,ivan_maric4827,Ivan Maric,2025-05-05T19:19:00.0000000Z
u0004828,toni_juric4828,Toni Juric,2024-11-24T09:44:00.0000000Z
u0004829,nika_maric4829,Nika Maric,2024-02-26T10:58:00.0000000Z
u0004830,sara_pavlovic4830,Sara Pavlovic,2025-10-24T13:13:00.0000000Z
u0004831,ana_kovac4831,Ana Kovac,2024-04-10T15:25:00.0000000Z
u0004832,ema_vukovic4832,Ema Vukovic,2025-07-20T07:12:00.0000000Z
u0004833,sara_knezevic4833,Sara Knezevic,2024-10-02T20:28:00.0000000Z
u0004834,dora_zoric4834,Dora Zoric,2025-05-16T15:31:00.0000000Z
u0004835,sara_curic4835,Sara Curic,2024-11-21T21:30:00.0000000Z
u0004836,petra_barisic4836,Petra Barisic,2025-07-14T15:12:00.0000000Z
u0004837,josip_novak4837,Josip Novak,2025-02-28T19:27:00.0000000Z
u0004838,ana_kovac4838,Ana Kovac,2024-03-14T03:49:00.0000000Z
u0004839,sara_juric4839,Sara Juric,2024-05-12T07:08:00.0000000Z
u0004840,toni_novak4840,Toni Novak,2024-09-27T22:22:00.0000000Z
u0004841,mia_kovacevic4841,Mia Kovacevic,2024-12-16T11:00:00.0000000Z
u0004842,ines_kovac4842,Ines Kovac,2025-10-02T19:37:00.0000000Z
u0004843,marko_knezevic4843,Marko Knezevic,2024-02-05T21:01:00.0000000Z
u0004844,sara_kovacevic4844,Sara Kovacevic,2025-09-13T00:50:00.0000000Z
u0004845,ivan_kovac4845,Ivan Kovac,2024-11-16T07:37:00.0000000Z
u0004846,dora_curic4846,Dora Curic,2024-09-19T12:38:00.0000000Z
u0004847,ana_knezevic4847,Ana Knezevic,2024-08-15T14:15:00.0000000Z
u0004848,filip_novak4848,Filip Novak,2024-11-06T11:44:00.0000000Z
u0004849,filip_horvat4849,Filip Horvat,2024-01-19T14:19:00.0000000Z
u0004850,ana_simic4850,Ana Simic,2024-03-12T02:11:00.0000000Z
u0004851,nika_kovac4851,Nika Kovac,2024-05-09T13:00:00.0000000Z
u0004852,ana_pavlovic4852,Ana Pavlovic,2024-11-04T16:46:00.0000000Z
u0004853,luka_vidovic4853,Luka Vidovic,2025-09-04T23:51:00.0000000Z
u0004854,nika_kovac4854,Nika Kovac,2024-11-01T12:00:00.0000000Z
u0004855,bruno_zoric4855,Bruno Zoric,2025-10-29T16:46:00.0000000Z
u0004856,bruno_curic4856,Bruno Curic,2025-12-29T18:15:00.0000000Z
u0004857,sara_perkovic4857,Sara Perkovic,2024-09-04T21:29:00.0000000Z
u0004858,karlo_pavlovic4858,Karlo Pavlovic,2025-08-23T12:56:00.0000000Z
u0004859,ivan_kovac4859,Ivan Kovac,2024-03-05T18:00:00.0000000Z
u0004860,ivan_radic4860,Ivan Radic,2024-01-27T02:23:00.0000000Z
u0004861,ines_kovac4861,Ines Kovac,2025-09-11T12:20:00.0000000Z
u0004862,dora_kovac4862,Dora Kovac,2024-06-14T00:46:00.0000000Z
u0004863,sara_kovac4863,Sara Kovac,2024-11-20T06:07:00.0000000Z
u0004864,ana_zoric4864,Ana Zoric,2024-03-16T17:27:00.0000000Z
u0004865,dario_knezevic4865,Dario Knezevic,2024-09-07T09:56:00.0000000Z
u0004866,ines_simic4866,Ines Simic,2024-12-25T13:20:00.0000000Z
u0004867,dario_simic4867,Dario Simic,2024-02-29T17:00:00.0000000Z
u0004868,ana_vukovic4868,Ana Vukovic,2025-10-28T12:22:00.0000000Z
u0004869,iva_zoric4869,Iva Zoric,2024-12-10T16:38:00.0000000Z
u0004870,mia_curic4870,Mia Curic,2025-02-23T04:23:00.0000000Z
u0004871,filip_maric4871,Filip Maric,2024-07-26T07:05:00.0000000Z
u0004872,karlo_kolar4872,Karlo Kolar,2025-12-21T00:20:00.0000000Z
u0004873,nika_zoric4873,Nika Zoric,2025-05-05T04:33:00.0000000Z
u0004874,sara_kovac4874,Sara Kovac,2025-10-04T04:35:00.0000000Z
u0004875,nika_pavlovic4875,Nika Pavlovic,2025-10-24T12:49:00.0000000Z
u0004876,luka_kovacevic4876,Luka Kovacevic,2024-05-02T17:01:00.0000000Z
u0004877,lana_maric4877,Lana Maric,2024-12-04T11:58:00.0000000Z
u0004878,nika_radic4878,Nika Radic,2025-11-23T17:25:00.0000000Z
u0004879,dora_vidovic4879,Dora Vidovic,2025-05-30T08:44:00.0000000Z
u0004880,leon_maric4880,Leon Maric,2024-08-14T18:06:00.0000000Z
u0004881,iva_kovacevic4881,Iva Kovacevic,2024-03-28T08:05:00.0000000Z
u0004882,ines_perkovic4882,Ines Perkovic,2025-04-01T18:01:00.0000000Z
u0004883,karlo_kolar4883,Karlo Kolar,2025-06-08T13:44:00.0000000Z
u0004884,mia_kovacevic4884,Mia Kovacevic,2025-08-24T02:13:00.0000000Z
u0004885,karlo_vidovic4885,Karlo Vidovic,2025-01-26T16:21:00.0000000Z
u0004886,luka_matic4886,Luka Matic,2025-06-17T10:04:00.0000000Z
u0004887,ana_radic4887,Ana Radic,2024-12-09T23:52:00.0000000Z
u0004888,filip_barisic4888,Filip Barisic,2025-07-24T08:08:00.0000000Z
u0004889,marko_kolar4889,Marko Kolar,2025-03-20T00:58:00.0000000Z
u0004890,filip_barisic4890,Filip Barisic,2025-10-12T11:22:00.0000000Z
u0004891,ema_pavlovic4891,Ema Pavlovic,2025-02-22T09:15:00.0000000Z
u0004892,mia_curic4892,Mia Curic,2025-06-23T19:00:00.0000000Z
u0004893,iva_perkovic4893,Iva Perkovic,2025-12-04T13:15:00.0000000Z
u0004894,ema_knezevic4894,Ema Knezevic,2025-03-03T14:22:00.0000000Z
u0004895,josip_babic4895,Josip Babic,2025-09-07T03:15:00.0000000Z
u0004896,toni_zoric4896,Toni Zoric,2025-06-11T01:18:00.0000000Z
u0004897,josip_zoric4897,Josip Zoric,2024-09-14T01:17:00.0000000Z
u0004898,dora_curic4898,Dora Curic,2025-05-05T13:25:00.0000000Z
u0004899,karlo_knezevic4899,Karlo Knezevic,2024-11-19T14:42:00.0000000Z
u0004900,filip_zoric4900,Filip Zoric,2025-11-19T21:59:00.0000000Z
u0004901,ana_matic4901,Ana Matic,2025-09-24T03:15:00.0000000Z
u0004902,karlo_kovac4902,Karlo Kovac,2025-05-18T02:53:00.0000000Z
u0004903,ema_matic4903,Ema Matic,2025-10-09T19:05:00.0000000Z
u0004904,iva_knezevic4904,Iva Knezevic,2025-07-29T21:32:00.0000000Z
u0004905,iva_kolar4905,Iva Kolar,2024-03-18T07:02:00.0000000Z
u0004906,ines_barisic4906,Ines Barisic,2025-07-03T03:39:00.0000000Z
u0004907,leon_matic4907,Leon Matic,2025-12-03T22:11:00.0000000Z
u0004908,ines_curic4908,Ines Curic,2024-03-12T15:06:00.0000000Z
u0004909,dario_kovacevic4909,Dario Kovacevic,2025-05-28T23:16:00.0000000Z
u0004910,leon_radic4910,Leon Radic,2024-12-19T23:22:00.0000000Z
u0004911,ema_knezevic4911,Ema Knezevic,2025-11-06T01:04:00.0000000Z
u0004912,ana_juric4912,Ana Juric,2025-11-10T20:55:00.0000000Z
u0004913,bruno_pavlovic4913,Bruno Pavlovic,2024-02-03T23:23:00.0000000Z
u0004914,petra_vukovic4914,Petra Vukovic,2024-08-17T21:34:00.0000000Z
u0004915,karlo_pavlovic4915,Karlo Pavlovic,2024-08-14T05:03:00.0000000Z
u0004916,nika_novak4916,Nika Novak,2024-05-30T19:40:00.0000000Z
u0004917,nika_sever4917,Nika Sever,2025-03-10T12:09:00.0000000Z
u0004918,sara_vukovic4918,Sara Vukovic,2024-07-30T02:39:00.0000000Z
u0004919,dora_babic4919,Dora Babic,2025-02-14T08:07:00.0000000Z
u0004920,iva_juric4920,Iva Juric,2025-07-17T01:04:00.0000000Z
u0004921,dora_kovacevic4921,Dora Kovacevic,2025-11-16T06:06:00.0000000Z
u0004922,josip_radic4922,Josip Radic,2024-01-15T19:21:00.0000000Z
u0004923,ines_kolar4923,Ines Kolar,2024-12-01T03:00:00.0000000Z
u0004924,petra_maric4924,Petra Maric,2024-06-18T19:25:00.0000000Z
u0004925,bruno_zoric4925,Bruno Zoric,2024-02-28T13:52:00.0000000Z
u0004926,toni_kovac4926,Toni Kovac,2024-08-12T08:53:00.0000000Z
u0004927,iva_sever4927,Iva Sever,2024-03-11T15:04:00.0000000Z
u0004928,lana_kovacevic4928,Lana Kovacevic,2025-02-18T07:27:00.0000000Z
u0004929,ines_pavlovic4929,Ines Pavlovic,2024-01-17T01:29:00.0000000Z
u0004930,toni_horvat4930,Toni Horvat,2024-04-07T08:19:00.0000000Z
u0004931,mia_sever4931,Mia Sever,2024-08-31T08:36:00.0000000Z
u0004932,ema_maric4932,Ema Maric,2024-01-30T19:39:00.0000000Z
u0004933,mia_knezevic4933,Mia Knezevic,2024-03-24T10:37:00.0000000Z
u0004934,ema_perkovic4934,Ema Perkovic,2024-12-02T20:17:00.0000000Z
u0004935,bruno_vukovic4935,Bruno Vukovic,2025-07-29T10:23:00.0000000Z
u0004936,mia_sever4936,Mia Sever,2025-03-24T14:32:00.0000000Z
u0004937,luka_kovacevic4937,Luka Kovacevic,2024-02-27T23:58:00.0000000Z
u0004938,ema_sever4938,Ema Sever,2024-08-16T09:57:00.0000000Z
u0004939,sara_matic4939,Sara Matic,2024-01-11T07:40:00.0000000Z
u0004940,mia_radic4940,Mia Radic,2025-10-15T23:50:00.0000000Z
u0004941,dora_novak4941,Dora Novak,2025-05-31T14:06:00.0000000Z
u0004942,filip_vidovic4942,Filip Vidovic,2024-06-04T23:22:00.0000000Z
u0004943,ines_knezevic4943,Ines Knezevic,2025-03-26T07:46:00.0000000Z
u0004944,ana_juric4944,Ana Juric,2025-03-28T06:57:00.0000000Z
u0004945,petra_matic4945,Petra Matic,2024-07-20T23:02:00.0000000Z
u0004946,toni_kolar4946,Toni Kolar,2025-11-19T17:12:00.0000000Z
u0004947,iva_radic4947,Iva Radic,2025-03-28T10:26:00.0000000Z
u0004948,josip_knezevic4948,Josip Knezevic,2025-05-30T16:15:00.0000000Z
u0004949,ivan_babic4949,Ivan Babic,2025-12-10T20:53:00.0000000Z
u0004950,ana_pavlovic4950,Ana Pavlovic,2025-05-11T20:42:00.0000000Z
u0004951,ana_horvat4951,Ana Horvat,2025-11-02T01:58:00.0000000Z
u0004952,luka_juric4952,Luka Juric,2024-12-09T09:14:00.0000000Z
u0004953,iva_knezevic4953,Iva Knezevic,2025-03-03T22:57:00.0000000Z
u0004954,nika_matic4954,Nika Matic,2025-02-09T00:50:00.0000000Z
u0004955,dora_maric4955,Dora Maric,2024-02-14T14:03:00.0000000Z
u0004956,lana_kovac4956,Lana Kovac,2024-12-17T01:44:00.0000000Z
u0004957,ana_horvat4957,Ana Horvat,2025-06-22T13:05:00.0000000Z
u0004958,ivan_simic4958,Ivan Simic,2025-12-20T14:02:00.0000000Z
u0004959,ema_simic4959,Ema Simic,2025-08-08T12:26:00.0000000Z
u0004960,ana_juric4960,Ana Juric,2025-05-19T07:43:00.0000000Z
u0004961,luka_barisic4961,Luka Barisic,2025-08-28T17:36:00.0000000Z
u0004962,leon_horvat4962,Leon Horvat,2024-07-13T16:20:00.0000000Z
u0004963,bruno_sever4963,Bruno Sever,2024-05-31T08:30:00.0000000Z
u0004964,karlo_barisic4964,Karlo Barisic,2024-08-27T12:58:00.0000000Z
u0004965,mia_novak4965,Mia Novak,2024-02-16T12:33:00.0000000Z
u0004966,ivan_knezevic4966,Ivan Knezevic,2024-07-06T15:02:00.0000000Z
u0004967,toni_simic4967,Toni Simic,2024-02-08T12:35:00.0000000Z
u0004968,lana_sever4968,Lana Sever,2025-02-13T21:07:00.0000000Z
u0004969,leon_sever4969,Leon Sever,2024-10-28T15:11:00.0000000Z
u0004970,leon_curic4970,Leon Curic,2025-05-26T08:56:00.0000000Z
u0004971,sara_zoric4971,Sara Zoric,2024-04-19T11:38:00.0000000Z
u0004972,ines_kovacevic4972,Ines Kovacevic,2025-03-02T17:44:00.0000000Z
u0004973,bruno_kovac4973,Bruno Kovac,2024-04-24T12:21:00.0000000Z
u0004974,iva_zoric4974,Iva Zoric,2024-03-04T13:30:00.0000000Z
u0004975,ema_novak4975,Ema Novak,2024-04-25T02:36:00.0000000Z
u0004976,josip_kolar4976,Josip Kolar,2024-10-09T15:34:00.0000000Z
u0004977,leon_novak4977,Leon Novak,2024-05-12T02:43:00.0000000Z
u0004978,dario_vukovic4978,Dario Vukovic,2025-05-09T18:59:00.0000000Z
u0004979,toni_kolar4979,Toni Kolar,2025-10-15T00:27:00.0000000Z
u0004980,ema_sever4980,Ema Sever,2024-02-11T08:42:00.0000000Z
u0004981,ines_zoric4981,Ines Zoric,2024-01-24T14:03:00.0000000Z
u0004982,dario_babic4982,Dario Babic,2024-04-04T04:14:00.0000000Z
u0004983,petra_matic4983,Petra Matic,2025-09-28T01:29:00.0000000Z
u0004984,lana_kovacevic4984,Lana Kovacevic,2024-09-11T08:29:00.0000000Z
u0004985,marko_barisic4985,Marko Barisic,2025-09-01T03:18:00.0000000Z
u0004986,dora_novak4986,Dora Novak,2025-07-04T14:36:00.0000000Z
u0004987,josip_radic4987,Josip Radic,2024-06-26T01:17:00.0000000Z
u0004988,ana_horvat4988,Ana Horvat,2025-06-17T17:37:00.0000000Z
u0004989,dario_babic4989,Dario Babic,2024-10-16T12:42:00.0000000Z
u0004990,lana_juric4990,Lana Juric,2025-03-02T01:12:00.0000000Z
u0004991,sara_matic4991,Sara Matic,2024-02-19T16:13:00.0000000Z
u0004992,marko_curic4992,Marko Curic,2025-12-25T18:59:00.0000000Z
u0004993,ivan_zoric4993,Ivan Zoric,2024-03-08T04:06:00.0000000Z
u0004994,ana_novak4994,Ana Novak,2024-07-02T17:11:00.0000000Z
u0004995,dario_knezevic4995,Dario Knezevic,2025-09-28T01:25:00.0000000Z
u0004996,karlo_knezevic4996,Karlo Knezevic,2025-01-03T15:08:00.0000000Z
u0004997,karlo_perkovic4997,Karlo Perkovic,2025-01-23T05:25:00.0000000Z
u0004998,marko_barisic4998,Marko Barisic,2024-12-01T19:59:00.0000000Z
u0004999,karlo_vidovic4999,Karlo Vidovic,2025-07-05T06:35:00.0000000Z
u0005000,filip_sever5000,Filip Sever,2024-01-11T17:36:00.0000000Z
u0005001,bruno_kolar5001,Bruno Kolar,2024-05-29T06:56:00.0000000Z
u0005002,ema_zoric5002,Ema Zoric,2025-10-06T15:35:00.0000000Z
u0005003,ema_sever5003,Ema Sever,2025-10-26T07:56:00.0000000Z
u0005004,karlo_curic5004,Karlo Curic,2024-11-25T08:15:00.0000000Z
u0005005,sara_vukovic5005,Sara Vukovic,2024-08-08T08:41:00.0000000Z
u0005006,dora_radic5006,Dora Radic,2025-02-19T03:48:00.0000000Z
u0005007,ines_perkovic5007,Ines Perkovic,2025-05-10T04:40:00.0000000Z
u0005008,ines_pavlovic5008,Ines Pavlovic,2025-03-03T00:02:00.0000000Z
u0005009,ivan_radic5009,Ivan Radic,2025-03-08T08:49:00.0000000Z
u0005010,toni_juric5010,Toni Juric,2024-03-23T19:01:00.0000000Z
u0005011,luka_zoric5011,Luka Zoric,2025-07-23T00:17:00.0000000Z
u0005012,ivan_juric5012,Ivan Juric,2025-01-18T14:06:00.0000000Z
u0005013,ana_novak5013,Ana Novak,2025-04-22T05:06:00.0000000Z
u0005014,dora_simic5014,Dora Simic,2024-11-20T19:40:00.0000000Z
u0005015,nika_horvat5015,Nika Horvat,2025-07-09T20:24:00.0000000Z
u0005016,ivan_matic5016,Ivan Matic,2024-12-23T05:48:00.0000000Z
u0005017,petra_vidovic5017,Petra Vidovic,2024-08-19T16:00:00.0000000Z
u0005018,petra_knezevic5018,Petra Knezevic,2024-08-07T05:21:00.0000000Z
u0005019,filip_vidovic5019,Filip Vidovic,2024-02-26T07:42:00.0000000Z
u0005020,toni_novak5020,Toni Novak,2024-06-23T18:06:00.0000000Z
u0005021,ema_perkovic5021,Ema Perkovic,2025-06-05T02:49:00.0000000Z
u0005022,iva_pavlovic5022,Iva Pavlovic,2024-04-24T20:37:00.0000000Z
u0005023,sara_simic5023,Sara Simic,2024-02-27T13:18:00.0000000Z
u0005024,iva_curic5024,Iva Curic,2024-07-24T19:44:00.0000000Z
u0005025,leon_barisic5025,Leon Barisic,2024-04-08T10:01:00.0000000Z
u0005026,luka_juric5026,Luka Juric,2025-04-02T17:36:00.0000000Z
u0005027,karlo_sever5027,Karlo Sever,2024-02-22T08:04:00.0000000Z
u0005028,marko_knezevic5028,Marko Knezevic,2024-12-03T20:54:00.0000000Z
u0005029,iva_kovac5029,Iva Kovac,2024-08-15T22:45:00.0000000Z
u0005030,lana_kolar5030,Lana Kolar,2024-11-28T12:52:00.0000000Z
u0005031,josip_knezevic5031,Josip Knezevic,2025-12-25T09:16:00.0000000Z
u0005032,josip_perkovic5032,Josip Perkovic,2025-10-04T05:56:00.0000000Z
u0005033,bruno_zoric5033,Bruno Zoric,2024-10-17T11:25:00.0000000Z
u0005034,toni_knezevic5034,Toni Knezevic,2025-10-13T23:22:00.0000000Z
u0005035,josip_vukovic5035,Josip Vukovic,2025-10-04T01:27:00.0000000Z
u0005036,ana_juric5036,Ana Juric,2025-02-19T21:53:00.0000000Z
u0005037,petra_babic5037,Petra Babic,2025-02-01T03:37:00.0000000Z
u0005038,lana_zoric5038,Lana Zoric,2024-07-12T05:53:00.0000000Z
u0005039,petra_maric5039,Petra Maric,2024-06-11T11:04:00.0000000Z
u0005040,ema_horvat5040,Ema Horvat,2025-02-07T10:19:00.0000000Z
u0005041,karlo_maric5041,Karlo Maric,2025-09-08T02:25:00.0000000Z
u0005042,toni_kovacevic5042,Toni Kovacevic,2025-01-11T18:31:00.0000000Z
u0005043,ema_radic5043,Ema Radic,2024-05-07T03:16:00.0000000Z
u0005044,ema_radic5044,Ema Radic,2024-12-29T20:02:00.0000000Z
u0005045,luka_novak5045,Luka Novak,2025-02-14T09:26:00.0000000Z
u0005046,petra_perkovic5046,Petra Perkovic,2024-02-19T16:13:00.0000000Z
u0005047,nika_zoric5047,Nika Zoric,2025-07-23T05:30:00.0000000Z
u0005048,bruno_kovacevic5048,Bruno Kovacevic,2025-04-10T17:36:00.0000000Z
u0005049,leon_sever5049,Leon Sever,2025-04-06T00:03:00.0000000Z
u0005050,bruno_novak5050,Bruno Novak,2025-01-06T23:19:00.0000000Z
u0005051,sara_matic5051,Sara Matic,2025-08-05T08:24:00.0000000Z
u0005052,karlo_zoric5052,Karlo Zoric,2024-06-07T00:09:00.0000000Z
u0005053,ana_zoric5053,Ana Zoric,2024-02-09T04:33:00.0000000Z
u0005054,mia_kolar5054,Mia Kolar,2025-07-16T16:24:00.0000000Z
u0005055,mia_curic5055,Mia Curic,2025-03-14T11:47:00.0000000Z
u0005056,ana_novak5056,Ana Novak,2025-02-24T23:25:00.0000000Z
u0005057,bruno_sever5057,Bruno Sever,2024-12-27T17:14:00.0000000Z
u0005058,petra_perkovic5058,Petra Perkovic,2024-06-24T03:07:00.0000000Z
u0005059,iva_babic5059,Iva Babic,2025-10-03T13:26:00.0000000Z
u0005060,luka_kolar5060,Luka Kolar,2024-08-28T19:51:00.0000000Z
u0005061,ines_simic5061,Ines Simic,2024-07-04T10:41:00.0000000Z
u0005062,sara_simic5062,Sara Simic,2024-01-17T05:14:00.0000000Z
u0005063,bruno_vukovic5063,Bruno Vukovic,2024-12-02T01:55:00.0000000Z
u0005064,filip_babic5064,Filip Babic,2025-10-22T18:27:00.0000000Z
u0005065,ana_novak5065,Ana Novak,2024-01-11T20:58:00.0000000Z
u0005066,ana_kovacevic5066,Ana Kovacevic,2024-10-21T08:20:00.0000000Z
u0005067,ana_barisic5067,Ana Barisic,2025-07-21T08:23:00.0000000Z
u0005068,ivan_horvat5068,Ivan Horvat,2024-07-06T23:39:00.0000000Z
u0005069,ana_radic5069,Ana Radic,2025-08-16T00:26:00.0000000Z
u0005070,nika_kovac5070,Nika Kovac,2025-04-24T04:55:00.0000000Z
u0005071,filip_vidovic5071,Filip Vidovic,2024-02-25T00:53:00.0000000Z
u0005072,bruno_matic5072,Bruno Matic,2024-05-14T02:43:00.0000000Z
u0005073,dario_kolar5073,Dario Kolar,2024-08-16T06:01:00.0000000Z
u0005074,nika_kovacevic5074,Nika Kovacevic,2025-09-03T02:50:00.0000000Z
u0005075,marko_vukovic5075,Marko Vukovic,2025-09-19T13:34:00.0000000Z
u0005076,nika_babic5076,Nika Babic,2024-11-22T21:57:00.0000000Z
u0005077,luka_zoric5077,Luka Zoric,2025-07-05T14:45:00.0000000Z
u0005078,lana_maric5078,Lana Maric,2025-09-09T13:29:00.0000000Z
u0005079,nika_vidovic5079,Nika Vidovic,2025-01-27T00:07:00.0000000Z
u0005080,dora_perkovic5080,Dora Perkovic,2024-03-10T09:14:00.0000000Z
u0005081,luka_babic5081,Luka Babic,2024-08-15T08:47:00.0000000Z
u0005082,karlo_horvat5082,Karlo Horvat,2024-07-27T23:37:00.0000000Z
u0005083,karlo_juric5083,Karlo Juric,2025-06-25T00:01:00.0000000Z
u0005084,karlo_matic5084,Karlo Matic,2025-03-25T15:34:00.0000000Z
u0005085,ivan_matic5085,Ivan Matic,2025-01-15T05:45:00.0000000Z
u0005086,leon_curic5086,Leon Curic,2025-05-02T19:46:00.0000000Z
u0005087,mia_knezevic5087,Mia Knezevic,2024-09-21T16:47:00.0000000Z
u0005088,mia_kovacevic5088,Mia Kovacevic,2024-08-13T04:33:00.0000000Z
u0005089,leon_barisic5089,Leon Barisic,2025-05-07T09:06:00.0000000Z
u0005090,luka_maric5090,Luka Maric,2025-04-18T18:39:00.0000000Z
u0005091,toni_radic5091,Toni Radic,2024-02-28T16:47:00.0000000Z
u0005092,luka_vukovic5092,Luka Vukovic,2024-05-27T13:34:00.0000000Z
u0005093,dario_kovacevic5093,Dario Kovacevic,2024-09-11T12:35:00.0000000Z
u0005094,nika_zoric5094,Nika Zoric,2025-09-12T04:13:00.0000000Z
u0005095,bruno_vukovic5095,Bruno Vukovic,2024-07-17T08:21:00.0000000Z
u0005096,marko_vukovic5096,Marko Vukovic,2025-06-02T03:45:00.0000000Z
u0005097,filip_pavlovic5097,Filip Pavlovic,2025-10-12T14:41:00.0000000Z
u0005098,ines_simic5098,Ines Simic,2024-06-14T14:34:00.0000000Z
u0005099,bruno_vidovic5099,Bruno Vidovic,2025-08-14T07:13:00.0000000Z
u0005100,ana_curic5100,Ana Curic,2024-04-16T16:58:00.0000000Z
u0005101,toni_pavlovic5101,Toni Pavlovic,2024-03-28T05:44:00.0000000Z
u0005102,ivan_maric5102,Ivan Maric,2025-12-10T12:41:00.0000000Z
u0005103,dario_barisic5103,Dario Barisic,2024-03-06T21:29:00.0000000Z
u0005104,filip_knezevic5104,Filip Knezevic,2025-04-02T02:38:00.0000000Z
u0005105,filip_vidovic5105,Filip Vidovic,2025-04-29T02:05:00.0000000Z
u0005106,dario_perkovic5106,Dario Perkovic,2025-11-16T11:12:00.0000000Z
u0005107,ana_zoric5107,Ana Zoric,2024-12-14T02:49:00.0000000Z
u0005108,dora_curic5108,Dora Curic,2025-02-11T15:19:00.0000000Z
u0005109,iva_zoric5109,Iva Zoric,2025-11-03T17:41:00.0000000Z
u0005110,ines_matic5110,Ines Matic,2025-01-16T23:27:00.0000000Z
u0005111,mia_radic5111,Mia Radic,2024-10-25T17:38:00.0000000Z
u0005112,luka_sever5112,Luka Sever,2024-04-26T23:02:00.0000000Z
u0005113,bruno_pavlovic5113,Bruno Pavlovic,2024-06-01T20:16:00.0000000Z
u0005114,ema_pavlovic5114,Ema Pavlovic,2025-01-08T21:14:00.0000000Z
u0005115,toni_horvat5115,Toni Horvat,2024-05-24T18:23:00.0000000Z
u0005116,ema_radic5116,Ema Radic,2025-07-19T04:51:00.0000000Z
u0005117,nika_novak5117,Nika Novak,2024-05-16T21:45:00.0000000Z
u0005118,ines_sever5118,Ines Sever,2024-04-13T15:51:00.0000000Z
u0005119,sara_pavlovic5119,Sara Pavlovic,2025-05-23T02:31:00.0000000Z
u0005120,nika_kovacevic5120,Nika Kovacevic,2024-10-23T17:23:00.0000000Z
u0005121,ivan_perkovic5121,Ivan Perkovic,2024-10-10T01:12:00.0000000Z
u0005122,nika_curic5122,Nika Curic,2025-10-12T21:41:00.0000000Z
u0005123,luka_babic5123,Luka Babic,2025-09-21T20:41:00.0000000Z
u0005124,dario_zoric5124,Dario Zoric,2024-02-01T11:59:00.0000000Z
u0005125,bruno_kolar5125,Bruno Kolar,2024-04-24T14:36:00.0000000Z
u0005126,dora_kovacevic5126,Dora Kovacevic,2025-10-17T12:05:00.0000000Z
u0005127,mia_matic5127,Mia Matic,2024-06-16T01:05:00.0000000Z
u0005128,marko_juric5128,Marko Juric,2024-07-13T00:27:00.0000000Z
u0005129,filip_radic5129,Filip Radic,2025-02-10T05:48:00.0000000Z
u0005130,ema_radic5130,Ema Radic,2024-08-17T14:15:00.0000000Z
u0005131,lana_maric5131,Lana Maric,2024-07-23T15:07:00.0000000Z
u0005132,karlo_novak5132,Karlo Novak,2025-11-04T03:47:00.0000000Z
u0005133,marko_kovac5133,Marko Kovac,2024-02-28T05:44:00.0000000Z
u0005134,filip_horvat5134,Filip Horvat,2024-11-11T09:34:00.0000000Z
u0005135,leon_kovac5135,Leon Kovac,2024-11-14T13:47:00.0000000Z
u0005136,marko_babic5136,Marko Babic,2024-06-16T07:28:00.0000000Z
u0005137,dora_kolar5137,Dora Kolar,2024-08-08T10:03:00.0000000Z
u0005138,iva_novak5138,Iva Novak,2025-09-06T09:30:00.0000000Z
u0005139,petra_curic5139,Petra Curic,2024-10-13T06:52:00.0000000Z
u0005140,marko_novak5140,Marko Novak,2024-10-22T23:29:00.0000000Z
u0005141,filip_curic5141,Filip Curic,2025-03-02T06:06:00.0000000Z
u0005142,dario_horvat5142,Dario Horvat,2025-03-24T06:01:00.0000000Z
u0005143,iva_curic5143,Iva Curic,2024-12-21T23:53:00.0000000Z
u0005144,luka_vidovic5144,Luka Vidovic,2024-08-01T14:52:00.0000000Z
u0005145,karlo_kovac5145,Karlo Kovac,2024-11-20T12:52:00.0000000Z
u0005146,iva_novak5146,Iva Novak,2024-06-16T04:16:00.0000000Z
u0005147,karlo_maric5147,Karlo Maric,2024-10-04T05:15:00.0000000Z
u0005148,filip_juric5148,Filip Juric,2025-08-27T20:53:00.0000000Z
u0005149,ana_perkovic5149,Ana Perkovic,2025-12-07T14:33:00.0000000Z
u0005150,josip_pavlovic5150,Josip Pavlovic,2024-09-09T18:30:00.0000000Z
u0005151,dario_horvat5151,Dario Horvat,2025-08-22T11:52:00.0000000Z
u0005152,sara_sever5152,Sara Sever,2024-03-12T19:47:00.0000000Z
u0005153,karlo_vukovic5153,Karlo Vukovic,2024-01-17T02:54:00.0000000Z
u0005154,karlo_vukovic5154,Karlo Vukovic,2024-06-05T17:02:00.0000000Z
u0005155,bruno_zoric5155,Bruno Zoric,2025-09-22T23:01:00.0000000Z
u0005156,ana_sever5156,Ana Sever,2024-04-17T17:17:00.0000000Z
u0005157,mia_vukovic5157,Mia Vukovic,2025-05-02T01:28:00.0000000Z
u0005158,petra_juric5158,Petra Juric,2024-01-30T04:25:00.0000000Z
u0005159,ana_horvat5159,Ana Horvat,2025-05-02T06:43:00.0000000Z
u0005160,iva_radic5160,Iva Radic,2024-09-29T00:27:00.0000000Z
u0005161,toni_kovacevic5161,Toni Kovacevic,2024-08-08T01:25:00.0000000Z
u0005162,marko_kolar5162,Marko Kolar,2025-09-03T14:16:00.0000000Z
u0005163,lana_babic5163,Lana Babic,2024-02-29T19:22:00.0000000Z
u0005164,filip_curic5164,Filip Curic,2025-09-29T02:57:00.0000000Z
u0005165,luka_horvat5165,Luka Horvat,2025-08-14T03:01:00.0000000Z
u0005166,petra_simic5166,Petra Simic,2025-01-23T10:05:00.0000000Z
u0005167,dora_horvat5167,Dora Horvat,2025-05-15T21:59:00.0000000Z
u0005168,karlo_horvat5168,Karlo Horvat,2024-06-27T09:50:00.0000000Z
u0005169,sara_vukovic5169,Sara Vukovic,2025-06-02T05:10:00.0000000Z
u0005170,iva_pavlovic5170,Iva Pavlovic,2025-12-04T11:16:00.0000000Z
u0005171,josip_kovac5171,Josip Kovac,2025-08-26T23:29:00.0000000Z
u0005172,toni_maric5172,Toni Maric,2024-02-11T21:39:00.0000000Z
u0005173,leon_pavlovic5173,Leon Pavlovic,2024-02-03T00:31:00.0000000Z
u0005174,ana_radic5174,Ana Radic,2025-09-02T07:58:00.0000000Z
u0005175,ivan_kovac5175,Ivan Kovac,2024-11-11T12:43:00.0000000Z
u0005176,iva_sever5176,Iva Sever,2024-07-27T11:11:00.0000000Z
u0005177,luka_barisic5177,Luka Barisic,2024-11-04T02:49:00.0000000Z
u0005178,marko_zoric5178,Marko Zoric,2025-01-23T17:12:00.0000000Z
u0005179,sara_vidovic5179,Sara Vidovic,2024-07-25T06:14:00.0000000Z
u0005180,ivan_matic5180,Ivan Matic,2024-09-03T19:35:00.0000000Z
u0005181,marko_perkovic5181,Marko Perkovic,2024-12-27T12:05:00.0000000Z
u0005182,marko_curic5182,Marko Curic,2025-09-16T17:48:00.0000000Z
u0005183,ana_simic5183,Ana Simic,2025-08-29T10:35:00.0000000Z
u0005184,iva_juric5184,Iva Juric,2025-12-20T12:31:00.0000000Z
u0005185,lana_curic5185,Lana Curic,2024-12-05T16:50:00.0000000Z
u0005186,ines_zoric5186,Ines Zoric,2025-12-24T05:26:00.0000000Z
u0005187,karlo_barisic5187,Karlo Barisic,2024-10-26T17:04:00.0000000Z
u0005188,josip_simic5188,Josip Simic,2025-07-29T05:59:00.0000000Z
u0005189,dario_juric5189,Dario Juric,2024-08-08T06:52:00.0000000Z
u0005190,ema_sever5190,Ema Sever,2024-09-12T22:06:00.0000000Z
u0005191,iva_barisic5191,Iva Barisic,2024-04-10T13:52:00.0000000Z
u0005192,bruno_barisic5192,Bruno Barisic,2025-09-10T20:36:00.0000000Z
u0005193,filip_curic5193,Filip Curic,2024-04-08T23:33:00.0000000Z
u0005194,nika_kolar5194,Nika Kolar,2024-10-18T02:18:00.0000000Z
u0005195,lana_matic5195,Lana Matic,2025-03-20T09:26:00.0000000Z
u0005196,josip_pavlovic5196,Josip Pavlovic,2025-09-14T22:13:00.0000000Z
u0005197,ivan_vidovic5197,Ivan Vidovic,2024-02-21T18:50:00.0000000Z
u0005198,ema_novak5198,Ema Novak,2025-02-25T17:48:00.0000000Z
u0005199,leon_kolar5199,Leon Kolar,2024-04-11T13:29:00.0000000Z
u0005200,bruno_simic5200,Bruno Simic,2025-03-28T11:33:00.0000000Z
u0005201,nika_zoric5201,Nika Zoric,2025-03-09T22:57:00.0000000Z
u0005202,lana_sever5202,Lana Sever,2024-10-15T20:33:00.0000000Z
u0005203,karlo_zoric5203,Karlo Zoric,2024-01-29T13:30:00.0000000Z
u0005204,toni_radic5204,Toni Radic,2025-08-12T09:32:00.0000000Z
u0005205,ines_novak5205,Ines Novak,2024-04-08T23:28:00.0000000Z
u0005206,ana_sever5206,Ana Sever,2024-02-23T10:01:00.0000000Z
u0005207,petra_babic5207,Petra Babic,2025-04-17T05:22:00.0000000Z
u0005208,josip_novak5208,Josip Novak,2024-04-02T11:29:00.0000000Z
u0005209,ema_matic5209,Ema Matic,2025-03-22T05:33:00.0000000Z
u0005210,nika_zoric5210,Nika Zoric,2024-05-22T08:30:00.0000000Z
u0005211,bruno_pavlovic5211,Bruno Pavlovic,2024-09-27T14:09:00.0000000Z
u0005212,dario_horvat5212,Dario Horvat,2025-12-29T21:53:00.0000000Z
u0005213,karlo_sever5213,Karlo Sever,2024-12-31T06:05:00.0000000Z
u0005214,luka_simic5214,Luka Simic,2025-09-26T06:25:00.0000000Z
u0005215,karlo_knezevic5215,Karlo Knezevic,2024-08-26T18:22:00.0000000Z
u0005216,ema_knezevic5216,Ema Knezevic,2024-01-07T16:16:00.0000000Z
u0005217,josip_curic5217,Josip Curic,2025-06-19T21:44:00.0000000Z
u0005218,ivan_radic5218,Ivan Radic,2024-12-10T05:29:00.0000000Z
u0005219,dora_babic5219,Dora Babic,2025-01-16T15:14:00.0000000Z
u0005220,lana_novak5220,Lana Novak,2024-12-26T23:20:00.0000000Z
u0005221,iva_juric5221,Iva Juric,2024-01-01T02:14:00.0000000Z
u0005222,karlo_curic5222,Karlo Curic,2025-10-01T04:18:00.0000000Z
u0005223,josip_kovacevic5223,Josip Kovacevic,2024-06-04T18:13:00.0000000Z
u0005224,marko_novak5224,Marko Novak,2025-12-27T05:14:00.0000000Z
u0005225,nika_sever5225,Nika Sever,2025-01-12T02:30:00.0000000Z
u0005226,iva_pavlovic5226,Iva Pavlovic,2025-07-22T01:47:00.0000000Z
u0005227,iva_horvat5227,Iva Horvat,2024-02-03T19:40:00.0000000Z
u0005228,toni_babic5228,Toni Babic,2025-09-22T14:39:00.0000000Z
u0005229,lana_pavlovic5229,Lana Pavlovic,2024-03-18T04:15:00.0000000Z
u0005230,ines_radic5230,Ines Radic,2025-10-31T05:42:00.0000000Z
u0005231,lana_kovacevic5231,Lana Kovacevic,2025-07-19T02:55:00.0000000Z
u0005232,ana_knezevic5232,Ana Knezevic,2024-08-07T13:04:00.0000000Z
u0005233,ines_sever5233,Ines Sever,2025-01-29T15:00:00.0000000Z
u0005234,lana_vidovic5234,Lana Vidovic,2024-03-12T01:03:00.0000000Z
u0005235,iva_kovacevic5235,Iva Kovacevic,2025-06-01T00:21:00.0000000Z
u0005236,bruno_matic5236,Bruno Matic,2025-02-14T01:52:00.0000000Z
u0005237,dora_maric5237,Dora Maric,2024-12-10T02:19:00.0000000Z
u0005238,bruno_perkovic5238,Bruno Perkovic,2024-05-14T15:12:00.0000000Z
u0005239,josip_maric5239,Josip Maric,2024-05-04T00:50:00.0000000Z
u0005240,marko_vukovic5240,Marko Vukovic,2024-07-13T09:27:00.0000000Z
u0005241,iva_radic5241,Iva Radic,2025-08-04T12:04:00.0000000Z
u0005242,ema_perkovic5242,Ema Perkovic,2025-09-27T19:30:00.0000000Z
u0005243,luka_simic5243,Luka Simic,2025-01-27T09:46:00.0000000Z
u0005244,luka_curic5244,Luka Curic,2025-04-29T20:12:00.0000000Z
u0005245,luka_kovacevic5245,Luka Kovacevic,2024-05-18T04:05:00.0000000Z
u0005246,leon_vidovic5246,Leon Vidovic,2025-08-16T08:59:00.0000000Z
u0005247,petra_kolar5247,Petra Kolar,2024-04-19T04:08:00.0000000Z
u0005248,dario_curic5248,Dario Curic,2024-09-10T22:33:00.0000000Z
u0005249,josip_kolar5249,Josip Kolar,2025-05-02T21:32:00.0000000Z
u0005250,nika_simic5250,Nika Simic,2024-06-28T20:10:00.0000000Z
u0005251,marko_kolar5251,Marko Kolar,2025-03-04T09:30:00.0000000Z
u0005252,ema_perkovic5252,Ema Perkovic,2024-07-30T03:08:00.0000000Z
u0005253,filip_matic5253,Filip Matic,2025-04-14T21:48:00.0000000Z
u0005254,karlo_radic5254,Karlo Radic,2025-11-07T02:19:00.0000000Z
u0005255,ana_kolar5255,Ana Kolar,2024-07-27T12:29:00.0000000Z
u0005256,karlo_radic5256,Karlo Radic,2024-08-21T15:17:00.0000000Z
u0005257,dora_matic5257,Dora Matic,2024-10-01T10:29:00.0000000Z
u0005258,mia_sever5258,Mia Sever,2025-04-27T23:57:00.0000000Z
u0005259,marko_novak5259,Marko Novak,2025-03-09T05:04:00.0000000Z
u0005260,josip_barisic5260,Josip Barisic,2025-11-10T01:44:00.0000000Z
u0005261,luka_pavlovic5261,Luka Pavlovic,2024-01-07T18:07:00.0000000Z
u0005262,ema_kovac5262,Ema Kovac,2024-05-09T02:09:00.0000000Z
u0005263,ivan_sever5263,Ivan Sever,2025-05-01T13:01:00.0000000Z
u0005264,leon_pavlovic5264,Leon Pavlovic,2024-08-12T05:41:00.0000000Z
u0005265,petra_kovacevic5265,Petra Kovacevic,2024-05-28T04:03:00.0000000Z
u0005266,luka_radic5266,Luka Radic,2024-05-29T16:06:00.0000000Z
u0005267,ivan_pavlovic5267,Ivan Pavlovic,2024-06-12T14:31:00.0000000Z
u0005268,filip_simic5268,Filip Simic,2024-02-12T18:01:00.0000000Z
u0005269,ines_zoric5269,Ines Zoric,2025-07-02T19:19:00.0000000Z
u0005270,leon_maric5270,Leon Maric,2024-11-28T16:23:00.0000000Z
u0005271,sara_barisic5271,Sara Barisic,2025-04-18T00:24:00.0000000Z
u0005272,bruno_pavlovic5272,Bruno Pavlovic,2025-10-09T23:37:00.0000000Z
u0005273,leon_kolar5273,Leon Kolar,2025-04-22T12:20:00.0000000Z
u0005274,marko_kolar5274,Marko Kolar,2025-01-31T21:26:00.0000000Z
u0005275,sara_kovac5275,Sara Kovac,2025-09-13T03:25:00.0000000Z
u0005276,ivan_maric5276,Ivan Maric,2025-04-28T11:49:00.0000000Z
u0005277,lana_barisic5277,Lana Barisic,2025-05-30T11:21:00.0000000Z
u0005278,mia_vukovic5278,Mia Vukovic,2024-06-04T11:50:00.0000000Z
u0005279,bruno_barisic5279,Bruno Barisic,2024-01-27T13:59:00.0000000Z
u0005280,dora_knezevic5280,Dora Knezevic,2024-08-15T04:50:00.0000000Z
u0005281,josip_maric5281,Josip Maric,2025-08-11T04:59:00.0000000Z
u0005282,luka_novak5282,Luka Novak,2025-08-04T06:10:00.0000000Z
u0005283,sara_matic5283,Sara Matic,2025-05-14T02:34:00.0000000Z
u0005284,filip_kovacevic5284,Filip Kovacevic,2025-07-28T07:46:00.0000000Z
u0005285,nika_sever5285,Nika Sever,2025-10-25T01:52:00.0000000Z
u0005286,sara_perkovic5286,Sara Perkovic,2024-12-30T14:25:00.0000000Z
u0005287,luka_vidovic5287,Luka Vidovic,2025-03-03T15:41:00.0000000Z
u0005288,ivan_matic5288,Ivan Matic,2024-07-11T20:43:00.0000000Z
u0005289,bruno_kovacevic5289,Bruno Kovacevic,2024-12-05T19:59:00.0000000Z
u0005290,josip_horvat5290,Josip Horvat,2025-07-23T15:10:00.0000000Z
u0005291,ines_sever5291,Ines Sever,2024-08-15T22:37:00.0000000Z
u0005292,filip_perkovic5292,Filip Perkovic,2025-02-25T18:14:00.0000000Z
u0005293,bruno_knezevic5293,Bruno Knezevic,2025-10-12T07:17:00.0000000Z
u0005294,ivan_knezevic5294,Ivan Knezevic,2025-06-18T13:33:00.0000000Z
u0005295,dora_babic5295,Dora Babic,2025-03-04T09:53:00.0000000Z
u0005296,leon_vidovic5296,Leon Vidovic,2024-11-12T03:44:00.0000000Z
u0005297,filip_horvat5297,Filip Horvat,2024-04-26T11:43:00.0000000Z
u0005298,dario_kolar5298,Dario Kolar,2025-03-27T22:59:00.0000000Z
u0005299,bruno_kovacevic5299,Bruno Kovacevic,2025-05-15T11:30:00.0000000Z
u0005300,dario_matic5300,Dario Matic,2025-10-16T17:46:00.0000000Z
u0005301,filip_novak5301,Filip Novak,2024-11-23T06:15:00.0000000Z
u0005302,leon_matic5302,Leon Matic,2024-09-05T09:31:00.0000000Z
u0005303,lana_novak5303,Lana Novak,2024-07-15T20:14:00.0000000Z
u0005304,filip_curic5304,Filip Curic,2024-07-02T22:21:00.0000000Z
u0005305,toni_maric5305,Toni Maric,2024-10-13T05:23:00.0000000Z
u0005306,ines_babic5306,Ines Babic,2024-08-23T22:09:00.0000000Z
u0005307,sara_vidovic5307,Sara Vidovic,2024-12-08T23:54:00.0000000Z
u0005308,ana_babic5308,Ana Babic,2025-12-17T14:44:00.0000000Z
u0005309,toni_kovacevic5309,Toni Kovacevic,2024-06-11T22:35:00.0000000Z
u0005310,sara_pavlovic5310,Sara Pavlovic,2024-09-11T04:09:00.0000000Z
u0005311,ines_maric5311,Ines Maric,2025-12-17T14:01:00.0000000Z
u0005312,dora_kolar5312,Dora Kolar,2024-05-15T06:47:00.0000000Z
u0005313,ema_kovac5313,Ema Kovac,2025-05-10T20:40:00.0000000Z
u0005314,luka_knezevic5314,Luka Knezevic,2025-04-04T12:55:00.0000000Z
u0005315,petra_sever5315,Petra Sever,2024-03-01T17:28:00.0000000Z
u0005316,leon_curic5316,Leon Curic,2025-03-06T16:09:00.0000000Z
u0005317,luka_barisic5317,Luka Barisic,2024-06-13T01:05:00.0000000Z
u0005318,mia_barisic5318,Mia Barisic,2025-04-05T14:10:00.0000000Z
u0005319,josip_juric5319,Josip Juric,2024-03-09T14:07:00.0000000Z
u0005320,lana_juric5320,Lana Juric,2024-04-19T08:44:00.0000000Z
u0005321,marko_zoric5321,Marko Zoric,2025-03-07T01:55:00.0000000Z
u0005322,leon_knezevic5322,Leon Knezevic,2025-06-28T16:29:00.0000000Z
u0005323,ema_pavlovic5323,Ema Pavlovic,2024-11-09T06:16:00.0000000Z
u0005324,luka_simic5324,Luka Simic,2024-01-27T00:24:00.0000000Z
u0005325,toni_knezevic5325,Toni Knezevic,2024-10-08T07:00:00.0000000Z
u0005326,karlo_barisic5326,Karlo Barisic,2024-04-24T00:14:00.0000000Z
u0005327,ines_kolar5327,Ines Kolar,2024-10-08T17:36:00.0000000Z
u0005328,toni_matic5328,Toni Matic,2025-06-28T07:21:00.0000000Z
u0005329,marko_radic5329,Marko Radic,2024-08-30T10:42:00.0000000Z
u0005330,mia_simic5330,Mia Simic,2024-11-06T17:08:00.0000000Z
u0005331,ivan_vidovic5331,Ivan Vidovic,2025-08-01T13:52:00.0000000Z
u0005332,dario_babic5332,Dario Babic,2025-04-29T08:55:00.0000000Z
u0005333,ana_novak5333,Ana Novak,2025-01-26T01:27:00.0000000Z
u0005334,filip_pavlovic5334,Filip Pavlovic,2024-08-16T22:51:00.0000000Z
u0005335,petra_horvat5335,Petra Horvat,2024-08-08T16:10:00.0000000Z
u0005336,petra_kolar5336,Petra Kolar,2024-11-12T11:00:00.0000000Z
u0005337,luka_simic5337,Luka Simic,2024-11-09T09:09:00.0000000Z
u0005338,leon_simic5338,Leon Simic,2025-02-19T17:53:00.0000000Z
u0005339,iva_matic5339,Iva Matic,2024-08-18T03:28:00.0000000Z
u0005340,karlo_zoric5340,Karlo Zoric,2025-10-25T07:29:00.0000000Z
u0005341,josip_curic5341,Josip Curic,2024-02-04T21:57:00.0000000Z
u0005342,ana_babic5342,Ana Babic,2025-07-03T03:01:00.0000000Z
u0005343,luka_babic5343,Luka Babic,2024-08-07T21:00:00.0000000Z
u0005344,bruno_vidovic5344,Bruno Vidovic,2025-04-02T17:20:00.0000000Z
u0005345,toni_simic5345,Toni Simic,2024-02-25T09:01:00.0000000Z
u0005346,ivan_matic5346,Ivan Matic,2024-11-21T11:02:00.0000000Z
u0005347,josip_curic5347,Josip Curic,2025-08-15T05:32:00.0000000Z
u0005348,ines_babic5348,Ines Babic,2025-12-16T12:45:00.0000000Z
u0005349,dora_maric5349,Dora Maric,2024-06-30T21:33:00.0000000Z
u0005350,luka_zoric5350,Luka Zoric,2025-04-16T08:56:00.0000000Z
u0005351,filip_maric5351,Filip Maric,2024-11-20T02:23:00.0000000Z
u0005352,toni_curic5352,Toni Curic,2025-06-07T20:33:00.0000000Z
u0005353,ema_maric5353,Ema Maric,2025-10-22T13:02:00.0000000Z
u0005354,nika_curic5354,Nika Curic,2025-03-16T22:18:00.0000000Z
u0005355,marko_radic5355,Marko Radic,2025-07-27T06:54:00.0000000Z
u0005356,karlo_kovacevic5356,Karlo Kovacevic,2024-01-05T21:56:00.0000000Z
u0005357,lana_perkovic5357,Lana Perkovic,2024-01-09T07:58:00.0000000Z
u0005358,ines_knezevic5358,Ines Knezevic,2025-09-22T10:38:00.0000000Z
u0005359,ivan_radic5359,Ivan Radic,2025-08-17T15:48:00.0000000Z
u0005360,ivan_horvat5360,Ivan Horvat,2025-12-03T03:10:00.0000000Z
u0005361,dario_horvat5361,Dario Horvat,2024-09-11T16:45:00.0000000Z
u0005362,sara_vukovic5362,Sara Vukovic,2025-03-19T07:32:00.0000000Z
u0005363,petra_sever5363,Petra Sever,2025-04-11T01:07:00.0000000Z
u0005364,mia_vidovic5364,Mia Vidovic,2024-08-17T23:46:00.0000000Z
u0005365,dario_barisic5365,Dario Barisic,2025-12-22T12:14:00.0000000Z
u0005366,luka_zoric5366,Luka Zoric,2025-02-28T07:34:00.0000000Z
u0005367,petra_maric5367,Petra Maric,2025-09-02T11:39:00.0000000Z
u0005368,luka_kolar5368,Luka Kolar,2024-02-24T00:25:00.0000000Z
u0005369,toni_matic5369,Toni Matic,2025-08-01T13:02:00.0000000Z
u0005370,nika_radic5370,Nika Radic,2024-10-24T13:04:00.0000000Z
u0005371,leon_maric5371,Leon Maric,2024-04-19T15:35:00.0000000Z
u0005372,leon_horvat5372,Leon Horvat,2025-11-06T23:34:00.0000000Z
u0005373,ema_matic5373,Ema Matic,2024-04-19T16:28:00.0000000Z
u0005374,petra_pavlovic5374,Petra Pavlovic,2024-08-24T10:18:00.0000000Z
u0005375,mia_babic5375,Mia Babic,2025-10-08T02:30:00.0000000Z
u0005376,sara_kovacevic5376,Sara Kovacevic,2025-01-06T01:22:00.0000000Z
u0005377,ines_barisic5377,Ines Barisic,2025-06-30T20:24:00.0000000Z
u0005378,luka_barisic5378,Luka Barisic,2025-08-16T13:00:00.0000000Z
u0005379,marko_juric5379,Marko Juric,2024-07-31T03:26:00.0000000Z
u0005380,ema_horvat5380,Ema Horvat,2025-10-15T03:35:00.0000000Z
u0005381,karlo_pavlovic5381,Karlo Pavlovic,2024-12-04T12:47:00.0000000Z
u0005382,luka_matic5382,Luka Matic,2025-03-20T02:09:00.0000000Z
u0005383,petra_simic5383,Petra Simic,2025-09-09T18:19:00.0000000Z
u0005384,ivan_sever5384,Ivan Sever,2024-07-30T07:46:00.0000000Z
u0005385,josip_horvat5385,Josip Horvat,2025-02-23T15:16:00.0000000Z
u0005386,dario_barisic5386,Dario Barisic,2025-03-09T14:43:00.0000000Z
u0005387,petra_curic5387,Petra Curic,2024-04-19T18:35:00.0000000Z
u0005388,ema_kolar5388,Ema Kolar,2025-04-11T21:17:00.0000000Z
u0005389,sara_perkovic5389,Sara Perkovic,2024-08-25T12:20:00.0000000Z
u0005390,filip_vidovic5390,Filip Vidovic,2025-07-28T01:51:00.0000000Z
u0005391,toni_sever5391,Toni Sever,2024-11-28T14:49:00.0000000Z
u0005392,ema_vukovic5392,Ema Vukovic,2024-01-13T01:40:00.0000000Z
u0005393,ines_babic5393,Ines Babic,2025-05-11T12:39:00.0000000Z
u0005394,ema_radic5394,Ema Radic,2025-06-17T06:18:00.0000000Z
u0005395,sara_vidovic5395,Sara Vidovic,2025-11-15T17:02:00.0000000Z
u0005396,lana_vidovic5396,Lana Vidovic,2025-09-16T20:53:00.0000000Z
u0005397,luka_pavlovic5397,Luka Pavlovic,2024-10-09T03:00:00.0000000Z
u0005398,sara_kovac5398,Sara Kovac,2024-03-01T18:19:00.0000000Z
u0005399,bruno_radic5399,Bruno Radic,2025-10-17T05:50:00.0000000Z
u0005400,karlo_simic5400,Karlo Simic,2025-07-27T11:14:00.0000000Z
u0005401,ema_vidovic5401,Ema Vidovic,2025-07-23T17:47:00.0000000Z
u0005402,ivan_knezevic5402,Ivan Knezevic,2025-12-10T12:27:00.0000000Z
u0005403,karlo_maric5403,Karlo Maric,2025-04-22T01:35:00.0000000Z
u0005404,nika_perkovic5404,Nika Perkovic,2025-06-21T18:02:00.0000000Z
u0005405,leon_curic5405,Leon Curic,2024-10-23T16:46:00.0000000Z
u0005406,josip_pavlovic5406,Josip Pavlovic,2025-10-13T07:37:00.0000000Z
u0005407,bruno_maric5407,Bruno Maric,2025-09-25T03:21:00.0000000Z
u0005408,lana_kovac5408,Lana Kovac,2024-05-29T04:09:00.0000000Z
u0005409,mia_curic5409,Mia Curic,2025-10-14T18:48:00.0000000Z
u0005410,mia_radic5410,Mia Radic,2025-08-30T22:04:00.0000000Z
u0005411,marko_horvat5411,Marko Horvat,2025-02-16T13:25:00.0000000Z
u0005412,ines_sever5412,Ines Sever,2025-05-28T18:25:00.0000000Z
u0005413,dora_pavlovic5413,Dora Pavlovic,2024-10-08T17:11:00.0000000Z
u0005414,dora_pavlovic5414,Dora Pavlovic,2025-04-02T14:54:00.0000000Z
u0005415,luka_perkovic5415,Luka Perkovic,2025-12-02T10:19:00.0000000Z
u0005416,toni_zoric5416,Toni Zoric,2024-05-06T20:51:00.0000000Z
u0005417,sara_kovacevic5417,Sara Kovacevic,2025-10-25T02:10:00.0000000Z
u0005418,ana_babic5418,Ana Babic,2024-09-29T15:18:00.0000000Z
u0005419,leon_vidovic5419,Leon Vidovic,2025-06-16T00:43:00.0000000Z
u0005420,nika_perkovic5420,Nika Perkovic,2024-12-22T09:08:00.0000000Z
u0005421,ivan_matic5421,Ivan Matic,2025-04-29T22:21:00.0000000Z
u0005422,karlo_knezevic5422,Karlo Knezevic,2025-03-25T21:51:00.0000000Z
u0005423,petra_horvat5423,Petra Horvat,2025-11-01T10:59:00.0000000Z
u0005424,bruno_matic5424,Bruno Matic,2024-01-15T14:03:00.0000000Z
u0005425,dario_kolar5425,Dario Kolar,2025-02-22T08:21:00.0000000Z
u0005426,luka_juric5426,Luka Juric,2024-11-01T20:45:00.0000000Z
u0005427,luka_zoric5427,Luka Zoric,2024-04-23T20:43:00.0000000Z
u0005428,bruno_perkovic5428,Bruno Perkovic,2024-05-16T07:08:00.0000000Z
u0005429,leon_babic5429,Leon Babic,2025-10-28T18:44:00.0000000Z
u0005430,petra_sever5430,Petra Sever,2024-05-11T12:11:00.0000000Z
u0005431,dora_vukovic5431,Dora Vukovic,2025-11-18T20:58:00.0000000Z
u0005432,ines_barisic5432,Ines Barisic,2024-04-29T23:15:00.0000000Z
u0005433,dora_vukovic5433,Dora Vukovic,2024-06-24T14:20:00.0000000Z
u0005434,filip_matic5434,Filip Matic,2025-07-11T10:00:00.0000000Z
u0005435,ema_sever5435,Ema Sever,2025-09-15T20:57:00.0000000Z
u0005436,ines_matic5436,Ines Matic,2024-10-09T11:34:00.0000000Z
u0005437,karlo_perkovic5437,Karlo Perkovic,2025-02-03T02:11:00.0000000Z
u0005438,filip_kovacevic5438,Filip Kovacevic,2025-10-26T03:43:00.0000000Z
u0005439,filip_vukovic5439,Filip Vukovic,2025-07-13T01:28:00.0000000Z
u0005440,lana_barisic5440,Lana Barisic,2024-08-25T20:09:00.0000000Z
u0005441,bruno_sever5441,Bruno Sever,2024-02-01T07:08:00.0000000Z
u0005442,bruno_kolar5442,Bruno Kolar,2024-03-11T00:51:00.0000000Z
u0005443,ivan_pavlovic5443,Ivan Pavlovic,2025-09-10T12:44:00.0000000Z
u0005444,josip_juric5444,Josip Juric,2025-10-08T04:21:00.0000000Z
u0005445,petra_barisic5445,Petra Barisic,2024-07-17T09:31:00.0000000Z
u0005446,mia_matic5446,Mia Matic,2025-06-10T15:45:00.0000000Z
u0005447,filip_horvat5447,Filip Horvat,2025-03-24T13:51:00.0000000Z
u0005448,dario_vukovic5448,Dario Vukovic,2024-08-05T22:04:00.0000000Z
u0005449,toni_perkovic5449,Toni Perkovic,2024-01-31T03:06:00.0000000Z
u0005450,ana_simic5450,Ana Simic,2025-01-22T15:13:00.0000000Z
u0005451,mia_matic5451,Mia Matic,2024-12-20T08:10:00.0000000Z
u0005452,leon_pavlovic5452,Leon Pavlovic,2024-12-29T21:50:00.0000000Z
u0005453,bruno_radic5453,Bruno Radic,2024-06-28T22:32:00.0000000Z
u0005454,iva_vidovic5454,Iva Vidovic,2025-10-12T01:23:00.0000000Z
u0005455,dario_vukovic5455,Dario Vukovic,2024-10-18T23:33:00.0000000Z
u0005456,sara_babic5456,Sara Babic,2024-11-12T14:25:00.0000000Z
u0005457,toni_curic5457,Toni Curic,2025-10-13T07:37:00.0000000Z
u0005458,ana_babic5458,Ana Babic,2025-09-19T23:50:00.0000000Z
u0005459,bruno_maric5459,Bruno Maric,2025-03-05T15:22:00.0000000Z
u0005460,bruno_babic5460,Bruno Babic,2024-02-15T14:55:00.0000000Z
u0005461,ivan_horvat5461,Ivan Horvat,2024-02-01T10:44:00.0000000Z
u0005462,filip_horvat5462,Filip Horvat,2025-08-01T18:32:00.0000000Z
u0005463,mia_juric5463,Mia Juric,2024-07-06T20:00:00.0000000Z
u0005464,iva_perkovic5464,Iva Perkovic,2025-11-23T01:00:00.0000000Z
u0005465,lana_simic5465,Lana Simic,2024-06-13T12:43:00.0000000Z
u0005466,bruno_sever5466,Bruno Sever,2025-12-30T17:16:00.0000000Z
u0005467,ines_sever5467,Ines Sever,2025-01-24T16:12:00.0000000Z
u0005468,toni_vukovic5468,Toni Vukovic,2025-04-01T17:58:00.0000000Z
u0005469,toni_vukovic5469,Toni Vukovic,2024-09-04T20:19:00.0000000Z
u0005470,toni_novak5470,Toni Novak,2024-12-05T13:23:00.0000000Z
u0005471,leon_sever5471,Leon Sever,2024-10-27T22:16:00.0000000Z
u0005472,petra_kolar5472,Petra Kolar,2025-07-12T19:13:00.0000000Z
u0005473,karlo_novak5473,Karlo Novak,2024-10-05T10:33:00.0000000Z
u0005474,toni_juric5474,Toni Juric,2025-09-25T09:17:00.0000000Z
u0005475,petra_barisic5475,Petra Barisic,2024-07-14T17:49:00.0000000Z
u0005476,leon_simic5476,Leon Simic,2025-02-21T14:55:00.0000000Z
u0005477,toni_sever5477,Toni Sever,2024-05-18T11:39:00.0000000Z
u0005478,nika_vidovic5478,Nika Vidovic,2024-04-07T00:37:00.0000000Z
u0005479,dario_knezevic5479,Dario Knezevic,2025-04-20T00:47:00.0000000Z
u0005480,josip_perkovic5480,Josip Perkovic,2025-04-23T23:15:00.0000000Z
u0005481,lana_zoric5481,Lana Zoric,2024-02-14T00:21:00.0000000Z
u0005482,iva_barisic5482,Iva Barisic,2025-05-22T14:03:00.0000000Z
u0005483,dario_juric5483,Dario Juric,2025-09-26T15:45:00.0000000Z
u0005484,lana_barisic5484,Lana Barisic,2025-07-11T07:00:00.0000000Z
u0005485,toni_juric5485,Toni Juric,2025-06-02T10:31:00.0000000Z
u0005486,sara_knezevic5486,Sara Knezevic,2025-01-21T16:29:00.0000000Z
u0005487,mia_perkovic5487,Mia Perkovic,2025-07-26T19:32:00.0000000Z
u0005488,iva_sever5488,Iva Sever,2024-06-06T18:02:00.0000000Z
u0005489,ema_kovacevic5489,Ema Kovacevic,2024-04-05T07:15:00.0000000Z
u0005490,ema_perkovic5490,Ema Perkovic,2024-07-06T13:15:00.0000000Z
u0005491,marko_knezevic5491,Marko Knezevic,2025-02-02T11:22:00.0000000Z
u0005492,bruno_maric5492,Bruno Maric,2024-12-21T13:46:00.0000000Z
u0005493,karlo_vukovic5493,Karlo Vukovic,2024-01-02T01:20:00.0000000Z
u0005494,nika_knezevic5494,Nika Knezevic,2024-07-22T06:55:00.0000000Z
u0005495,bruno_maric5495,Bruno Maric,2024-03-21T20:02:00.0000000Z
u0005496,josip_sever5496,Josip Sever,2025-02-08T17:01:00.0000000Z
u0005497,josip_barisic5497,Josip Barisic,2024-01-12T14:49:00.0000000Z
u0005498,marko_kovac5498,Marko Kovac,2025-12-18T12:58:00.0000000Z
u0005499,ines_perkovic5499,Ines Perkovic,2025-07-26T14:38:00.0000000Z
u0005500,karlo_radic5500,Karlo Radic,2025-01-30T20:48:00.0000000Z
u0005501,nika_juric5501,Nika Juric,2025-04-09T00:40:00.0000000Z
u0005502,toni_kovacevic5502,Toni Kovacevic,2024-11-21T23:54:00.0000000Z
u0005503,luka_barisic5503,Luka Barisic,2024-04-10T10:43:00.0000000Z
u0005504,luka_barisic5504,Luka Barisic,2024-02-04T06:27:00.0000000Z
u0005505,dario_zoric5505,Dario Zoric,2024-07-27T21:05:00.0000000Z
u0005506,dario_kovac5506,Dario Kovac,2025-08-18T03:38:00.0000000Z
u0005507,marko_vidovic5507,Marko Vidovic,2024-09-12T16:59:00.0000000Z
u0005508,nika_barisic5508,Nika Barisic,2025-08-01T17:06:00.0000000Z
u0005509,luka_sever5509,Luka Sever,2024-09-27T05:16:00.0000000Z
u0005510,nika_barisic5510,Nika Barisic,2024-12-07T13:58:00.0000000Z
u0005511,bruno_sever5511,Bruno Sever,2025-09-25T06:54:00.0000000Z
u0005512,lana_horvat5512,Lana Horvat,2024-04-20T22:46:00.0000000Z
u0005513,toni_kovac5513,Toni Kovac,2025-08-28T18:30:00.0000000Z
u0005514,sara_novak5514,Sara Novak,2024-02-26T19:59:00.0000000Z
u0005515,josip_maric5515,Josip Maric,2024-01-03T17:48:00.0000000Z
u0005516,dora_simic5516,Dora Simic,2024-07-19T20:13:00.0000000Z
u0005517,sara_vukovic5517,Sara Vukovic,2025-03-29T10:35:00.0000000Z
u0005518,dora_kolar5518,Dora Kolar,2025-05-02T07:48:00.0000000Z
u0005519,petra_sever5519,Petra Sever,2024-10-18T21:34:00.0000000Z
u0005520,karlo_vukovic5520,Karlo Vukovic,2024-09-13T12:57:00.0000000Z
u0005521,ivan_perkovic5521,Ivan Perkovic,2024-01-29T11:47:00.0000000Z
u0005522,sara_radic5522,Sara Radic,2025-10-15T19:23:00.0000000Z
u0005523,petra_kovac5523,Petra Kovac,2025-07-20T23:26:00.0000000Z
u0005524,marko_barisic5524,Marko Barisic,2025-12-12T09:32:00.0000000Z
u0005525,dora_knezevic5525,Dora Knezevic,2025-04-12T12:03:00.0000000Z
u0005526,ema_maric5526,Ema Maric,2025-04-24T14:11:00.0000000Z
u0005527,iva_juric5527,Iva Juric,2024-10-19T16:59:00.0000000Z
u0005528,ivan_barisic5528,Ivan Barisic,2024-12-22T16:31:00.0000000Z
u0005529,karlo_kolar5529,Karlo Kolar,2024-06-12T18:16:00.0000000Z
u0005530,petra_juric5530,Petra Juric,2024-01-15T04:24:00.0000000Z
u0005531,iva_zoric5531,Iva Zoric,2025-06-08T16:37:00.0000000Z
u0005532,lana_simic5532,Lana Simic,2025-02-08T11:48:00.0000000Z
u0005533,ana_kolar5533,Ana Kolar,2025-05-10T19:43:00.0000000Z
u0005534,marko_zoric5534,Marko Zoric,2025-01-17T06:30:00.0000000Z
u0005535,lana_simic5535,Lana Simic,2025-01-01T08:41:00.0000000Z
u0005536,toni_sever5536,Toni Sever,2024-08-05T06:26:00.0000000Z
u0005537,ana_curic5537,Ana Curic,2025-08-28T08:36:00.0000000Z
u0005538,bruno_kovac5538,Bruno Kovac,2024-03-13T13:59:00.0000000Z
u0005539,dora_sever5539,Dora Sever,2025-07-29T14:40:00.0000000Z
u0005540,nika_vidovic5540,Nika Vidovic,2025-07-28T09:28:00.0000000Z
u0005541,sara_sever5541,Sara Sever,2025-08-08T09:55:00.0000000Z
u0005542,iva_vukovic5542,Iva Vukovic,2024-02-16T07:42:00.0000000Z
u0005543,ema_radic5543,Ema Radic,2025-09-15T00:23:00.0000000Z
u0005544,ivan_novak5544,Ivan Novak,2024-10-27T22:23:00.0000000Z
u0005545,dora_perkovic5545,Dora Perkovic,2024-12-18T05:15:00.0000000Z
u0005546,ines_simic5546,Ines Simic,2024-08-09T12:57:00.0000000Z
u0005547,dora_novak5547,Dora Novak,2025-07-01T10:15:00.0000000Z
u0005548,leon_maric5548,Leon Maric,2024-09-10T17:52:00.0000000Z
u0005549,petra_horvat5549,Petra Horvat,2025-06-28T14:23:00.0000000Z
u0005550,toni_radic5550,Toni Radic,2025-03-18T15:53:00.0000000Z
u0005551,iva_matic5551,Iva Matic,2025-11-05T16:12:00.0000000Z
u0005552,ines_knezevic5552,Ines Knezevic,2025-08-14T08:21:00.0000000Z
u0005553,bruno_kolar5553,Bruno Kolar,2024-05-11T20:27:00.0000000Z
u0005554,josip_vukovic5554,Josip Vukovic,2024-12-13T22:17:00.0000000Z
u0005555,josip_curic5555,Josip Curic,2025-05-15T18:02:00.0000000Z
u0005556,josip_zoric5556,Josip Zoric,2024-09-29T07:24:00.0000000Z
u0005557,toni_kovac5557,Toni Kovac,2024-10-07T21:18:00.0000000Z
u0005558,lana_simic5558,Lana Simic,2025-03-30T15:02:00.0000000Z
u0005559,ana_kolar5559,Ana Kolar,2025-08-11T21:05:00.0000000Z
u0005560,lana_simic5560,Lana Simic,2024-09-29T03:17:00.0000000Z
u0005561,filip_pavlovic5561,Filip Pavlovic,2025-12-15T17:58:00.0000000Z
u0005562,luka_kovacevic5562,Luka Kovacevic,2025-06-27T23:50:00.0000000Z
u0005563,lana_kovac5563,Lana Kovac,2024-06-27T03:33:00.0000000Z
u0005564,sara_maric5564,Sara Maric,2025-09-16T10:31:00.0000000Z
u0005565,marko_radic5565,Marko Radic,2025-08-13T18:09:00.0000000Z
u0005566,ema_matic5566,Ema Matic,2024-06-18T07:50:00.0000000Z
u0005567,sara_zoric5567,Sara Zoric,2024-06-27T04:54:00.0000000Z
u0005568,mia_horvat5568,Mia Horvat,2024-11-28T00:07:00.0000000Z
u0005569,luka_juric5569,Luka Juric,2025-11-06T01:30:00.0000000Z
u0005570,filip_barisic5570,Filip Barisic,2025-05-20T08:01:00.0000000Z
u0005571,ana_juric5571,Ana Juric,2024-05-07T02:32:00.0000000Z
u0005572,karlo_babic5572,Karlo Babic,2025-07-04T17:52:00.0000000Z
u0005573,lana_maric5573,Lana Maric,2025-03-28T16:23:00.0000000Z
u0005574,leon_curic5574,Leon Curic,2025-05-11T04:41:00.0000000Z
u0005575,marko_curic5575,Marko Curic,2025-10-31T19:33:00.0000000Z
u0005576,dario_vukovic5576,Dario Vukovic,2024-01-12T04:35:00.0000000Z
u0005577,karlo_zoric5577,Karlo Zoric,2024-07-10T07:30:00.0000000Z
u0005578,nika_zoric5578,Nika Zoric,2025-08-02T13:37:00.0000000Z
u0005579,marko_curic5579,Marko Curic,2025-04-07T20:21:00.0000000Z
u0005580,dario_horvat5580,Dario Horvat,2024-01-30T07:41:00.0000000Z
u0005581,karlo_maric5581,Karlo Maric,2024-06-16T21:11:00.0000000Z
u0005582,nika_perkovic5582,Nika Perkovic,2025-10-10T09:23:00.0000000Z
u0005583,sara_kovacevic5583,Sara Kovacevic,2024-11-07T23:10:00.0000000Z
u0005584,ivan_zoric5584,Ivan Zoric,2024-07-27T08:14:00.0000000Z
u0005585,toni_kolar5585,Toni Kolar,2025-09-08T05:32:00.0000000Z
u0005586,nika_novak5586,Nika Novak,2024-02-12T06:05:00.0000000Z
u0005587,dario_perkovic5587,Dario Perkovic,2025-11-01T10:12:00.0000000Z
u0005588,leon_matic5588,Leon Matic,2024-03-07T23:46:00.0000000Z
u0005589,josip_knezevic5589,Josip Knezevic,2024-12-12T12:17:00.0000000Z
u0005590,mia_perkovic5590,Mia Perkovic,2024-05-08T21:20:00.0000000Z
u0005591,marko_sever5591,Marko Sever,2024-05-05T07:38:00.0000000Z
u0005592,nika_babic5592,Nika Babic,2025-06-25T23:01:00.0000000Z
u0005593,josip_simic5593,Josip Simic,2024-07-20T02:12:00.0000000Z
u0005594,ana_vidovic5594,Ana Vidovic,2024-02-04T09:52:00.0000000Z
u0005595,nika_zoric5595,Nika Zoric,2025-12-22T03:35:00.0000000Z
u0005596,dora_sever5596,Dora Sever,2024-02-22T10:35:00.0000000Z
u0005597,leon_simic5597,Leon Simic,2025-05-26T07:10:00.0000000Z
u0005598,nika_sever5598,Nika Sever,2024-08-31T06:05:00.0000000Z
u0005599,marko_curic5599,Marko Curic,2025-05-25T00:43:00.0000000Z
u0005600,marko_babic5600,Marko Babic,2024-06-24T11:35:00.0000000Z
u0005601,josip_kovacevic5601,Josip Kovacevic,2025-04-09T04:32:00.0000000Z
u0005602,ema_curic5602,Ema Curic,2025-08-08T21:10:00.0000000Z
u0005603,marko_horvat5603,Marko Horvat,2025-03-14T09:46:00.0000000Z
u0005604,marko_babic5604,Marko Babic,2025-05-01T18:49:00.0000000Z
u0005605,iva_radic5605,Iva Radic,2025-09-08T05:00:00.0000000Z
u0005606,ines_kovacevic5606,Ines Kovacevic,2025-06-16T07:42:00.0000000Z
u0005607,marko_matic5607,Marko Matic,2024-12-06T00:13:00.0000000Z
u0005608,josip_knezevic5608,Josip Knezevic,2024-03-24T20:37:00.0000000Z
u0005609,lana_radic5609,Lana Radic,2025-12-20T21:12:00.0000000Z
u0005610,karlo_matic5610,Karlo Matic,2024-06-01T18:27:00.0000000Z
u0005611,ana_kovacevic5611,Ana Kovacevic,2024-11-28T13:19:00.0000000Z
u0005612,ana_pavlovic5612,Ana Pavlovic,2025-02-03T07:44:00.0000000Z
u0005613,josip_kovacevic5613,Josip Kovacevic,2025-08-24T17:49:00.0000000Z
u0005614,petra_barisic5614,Petra Barisic,2025-11-10T15:03:00.0000000Z
u0005615,lana_vidovic5615,Lana Vidovic,2024-11-24T05:26:00.0000000Z
u0005616,ana_zoric5616,Ana Zoric,2024-12-15T18:50:00.0000000Z
u0005617,lana_juric5617,Lana Juric,2025-03-06T09:53:00.0000000Z
u0005618,dora_horvat5618,Dora Horvat,2025-05-02T17:44:00.0000000Z
u0005619,iva_horvat5619,Iva Horvat,2025-09-27T14:14:00.0000000Z
u0005620,dario_zoric5620,Dario Zoric,2024-10-11T19:31:00.0000000Z
u0005621,karlo_juric5621,Karlo Juric,2025-02-22T19:31:00.0000000Z
u0005622,mia_kovac5622,Mia Kovac,2025-08-09T06:38:00.0000000Z
u0005623,luka_kolar5623,Luka Kolar,2025-10-13T05:21:00.0000000Z
u0005624,ema_matic5624,Ema Matic,2025-12-19T11:56:00.0000000Z
u0005625,leon_curic5625,Leon Curic,2025-03-07T02:34:00.0000000Z
u0005626,dario_curic5626,Dario Curic,2025-03-01T03:16:00.0000000Z
u0005627,sara_knezevic5627,Sara Knezevic,2025-07-01T20:51:00.0000000Z
u0005628,dario_kovacevic5628,Dario Kovacevic,2024-05-31T14:03:00.0000000Z
u0005629,toni_kovac5629,Toni Kovac,2024-07-21T08:50:00.0000000Z
u0005630,iva_juric5630,Iva Juric,2025-03-17T17:40:00.0000000Z
u0005631,sara_barisic5631,Sara Barisic,2025-02-14T15:54:00.0000000Z
u0005632,josip_vukovic5632,Josip Vukovic,2025-03-04T23:37:00.0000000Z
u0005633,mia_kovac5633,Mia Kovac,2025-07-30T17:20:00.0000000Z
u0005634,toni_vidovic5634,Toni Vidovic,2024-02-03T21:07:00.0000000Z
u0005635,nika_maric5635,Nika Maric,2025-07-31T02:09:00.0000000Z
u0005636,toni_kovac5636,Toni Kovac,2024-03-25T11:27:00.0000000Z
u0005637,ivan_novak5637,Ivan Novak,2024-02-27T18:28:00.0000000Z
u0005638,ema_barisic5638,Ema Barisic,2024-08-30T09:51:00.0000000Z
u0005639,toni_kovacevic5639,Toni Kovacevic,2025-11-06T22:34:00.0000000Z
u0005640,mia_zoric5640,Mia Zoric,2025-12-19T02:56:00.0000000Z
u0005641,dario_knezevic5641,Dario Knezevic,2024-12-21T10:02:00.0000000Z
u0005642,ema_pavlovic5642,Ema Pavlovic,2025-02-19T21:35:00.0000000Z
u0005643,josip_matic5643,Josip Matic,2025-02-05T07:19:00.0000000Z
u0005644,ana_maric5644,Ana Maric,2025-09-13T15:25:00.0000000Z
u0005645,iva_horvat5645,Iva Horvat,2025-03-28T18:56:00.0000000Z
u0005646,bruno_curic5646,Bruno Curic,2024-04-24T20:39:00.0000000Z
u0005647,josip_horvat5647,Josip Horvat,2024-01-08T02:07:00.0000000Z
u0005648,petra_kolar5648,Petra Kolar,2024-01-16T01:01:00.0000000Z
u0005649,dario_vukovic5649,Dario Vukovic,2024-01-26T04:40:00.0000000Z
u0005650,luka_zoric5650,Luka Zoric,2024-02-13T08:49:00.0000000Z
u0005651,sara_sever5651,Sara Sever,2024-08-13T02:43:00.0000000Z
u0005652,karlo_babic5652,Karlo Babic,2024-10-17T20:56:00.0000000Z
u0005653,nika_kovacevic5653,Nika Kovacevic,2025-02-21T00:02:00.0000000Z
u0005654,luka_maric5654,Luka Maric,2025-03-09T11:34:00.0000000Z
u0005655,nika_kovac5655,Nika Kovac,2024-02-15T12:34:00.0000000Z
u0005656,luka_matic5656,Luka Matic,2025-09-03T00:20:00.0000000Z
u0005657,bruno_curic5657,Bruno Curic,2024-10-11T08:44:00.0000000Z
u0005658,iva_curic5658,Iva Curic,2025-07-06T20:09:00.0000000Z
u0005659,dora_vukovic5659,Dora Vukovic,2025-06-05T05:30:00.0000000Z
u0005660,lana_zoric5660,Lana Zoric,2024-06-18T21:13:00.0000000Z
u0005661,dario_maric5661,Dario Maric,2025-05-08T15:56:00.0000000Z
u0005662,lana_kovacevic5662,Lana Kovacevic,2024-05-15T23:35:00.0000000Z
u0005663,dario_sever5663,Dario Sever,2025-10-17T15:22:00.0000000Z
u0005664,luka_babic5664,Luka Babic,2025-03-28T11:03:00.0000000Z
u0005665,nika_maric5665,Nika Maric,2025-08-29T08:41:00.0000000Z
u0005666,josip_simic5666,Josip Simic,2025-04-08T16:11:00.0000000Z
u0005667,dora_juric5667,Dora Juric,2025-10-13T05:31:00.0000000Z
u0005668,petra_radic5668,Petra Radic,2025-09-19T00:42:00.0000000Z
u0005669,sara_barisic5669,Sara Barisic,2024-01-31T20:28:00.0000000Z
u0005670,nika_vidovic5670,Nika Vidovic,2025-07-06T00:36:00.0000000Z
u0005671,sara_kovac5671,Sara Kovac,2025-01-28T13:20:00.0000000Z
u0005672,filip_perkovic5672,Filip Perkovic,2025-12-25T11:54:00.0000000Z
u0005673,leon_kovac5673,Leon Kovac,2025-06-19T10:19:00.0000000Z
u0005674,ines_perkovic5674,Ines Perkovic,2025-01-07T05:27:00.0000000Z
u0005675,leon_matic5675,Leon Matic,2025-07-31T10:17:00.0000000Z
u0005676,iva_maric5676,Iva Maric,2025-07-03T10:14:00.0000000Z
u0005677,leon_simic5677,Leon Simic,2025-07-15T07:10:00.0000000Z
u0005678,ivan_radic5678,Ivan Radic,2024-12-03T16:20:00.0000000Z
u0005679,filip_kovacevic5679,Filip Kovacevic,2025-05-05T22:52:00.0000000Z
u0005680,karlo_vidovic5680,Karlo Vidovic,2024-11-23T02:44:00.0000000Z
u0005681,marko_sever5681,Marko Sever,2024-04-22T05:58:00.0000000Z
u0005682,marko_radic5682,Marko Radic,2024-02-07T10:35:00.0000000Z
u0005683,ivan_novak5683,Ivan Novak,2025-01-07T19:42:00.0000000Z
u0005684,karlo_matic5684,Karlo Matic,2025-01-14T11:34:00.0000000Z
u0005685,leon_kovac5685,Leon Kovac,2025-03-24T05:47:00.0000000Z
u0005686,mia_juric5686,Mia Juric,2024-01-21T22:12:00.0000000Z
u0005687,ivan_curic5687,Ivan Curic,2025-06-02T17:51:00.0000000Z
u0005688,ema_pavlovic5688,Ema Pavlovic,2024-07-19T03:18:00.0000000Z
u0005689,dora_pavlovic5689,Dora Pavlovic,2025-03-03T05:29:00.0000000Z
u0005690,ivan_sever5690,Ivan Sever,2024-09-10T23:03:00.0000000Z
u0005691,filip_babic5691,Filip Babic,2024-07-05T07:15:00.0000000Z
u0005692,ema_kolar5692,Ema Kolar,2025-05-20T08:13:00.0000000Z
u0005693,mia_zoric5693,Mia Zoric,2025-11-26T10:20:00.0000000Z
u0005694,bruno_perkovic5694,Bruno Perkovic,2025-11-13T11:28:00.0000000Z
u0005695,luka_kovac5695,Luka Kovac,2024-02-13T15:20:00.0000000Z
u0005696,luka_maric5696,Luka Maric,2024-11-06T21:06:00.0000000Z
u0005697,karlo_sever5697,Karlo Sever,2024-02-27T17:11:00.0000000Z
u0005698,toni_kolar5698,Toni Kolar,2025-11-02T19:59:00.0000000Z
u0005699,bruno_barisic5699,Bruno Barisic,2024-09-25T11:01:00.0000000Z
u0005700,ines_maric5700,Ines Maric,2025-11-11T04:26:00.0000000Z
u0005701,lana_horvat5701,Lana Horvat,2024-07-01T06:43:00.0000000Z
u0005702,petra_radic5702,Petra Radic,2024-10-17T14:30:00.0000000Z
u0005703,ema_pavlovic5703,Ema Pavlovic,2024-09-12T13:34:00.0000000Z
u0005704,leon_horvat5704,Leon Horvat,2024-12-03T01:12:00.0000000Z
u0005705,ivan_kovacevic5705,Ivan Kovacevic,2024-06-03T02:26:00.0000000Z
u0005706,iva_horvat5706,Iva Horvat,2025-01-26T04:26:00.0000000Z
u0005707,luka_kolar5707,Luka Kolar,2024-11-08T18:41:00.0000000Z
u0005708,petra_novak5708,Petra Novak,2024-01-29T19:27:00.0000000Z
u0005709,ema_perkovic5709,Ema Perkovic,2024-09-13T03:36:00.0000000Z
u0005710,filip_radic5710,Filip Radic,2025-10-02T16:59:00.0000000Z
u0005711,filip_matic5711,Filip Matic,2025-04-13T20:50:00.0000000Z
u0005712,ana_juric5712,Ana Juric,2025-05-14T23:14:00.0000000Z
u0005713,sara_kovac5713,Sara Kovac,2025-02-20T06:55:00.0000000Z
u0005714,sara_sever5714,Sara Sever,2025-02-13T09:08:00.0000000Z
u0005715,ivan_curic5715,Ivan Curic,2025-11-11T15:03:00.0000000Z
u0005716,toni_simic5716,Toni Simic,2024-11-03T10:05:00.0000000Z
u0005717,bruno_sever5717,Bruno Sever,2025-08-11T21:12:00.0000000Z
u0005718,karlo_perkovic5718,Karlo Perkovic,2024-10-30T23:29:00.0000000Z
u0005719,dario_kovacevic5719,Dario Kovacevic,2025-07-20T14:16:00.0000000Z
u0005720,luka_barisic5720,Luka Barisic,2025-09-06T19:21:00.0000000Z
u0005721,ana_curic5721,Ana Curic,2024-02-19T23:37:00.0000000Z
u0005722,lana_simic5722,Lana Simic,2025-02-05T03:45:00.0000000Z
u0005723,karlo_kovac5723,Karlo Kovac,2024-02-09T20:06:00.0000000Z
u0005724,dario_kovac5724,Dario Kovac,2025-12-08T01:47:00.0000000Z
u0005725,dora_simic5725,Dora Simic,2025-07-04T06:35:00.0000000Z
u0005726,ines_kovac5726,Ines Kovac,2024-08-07T21:27:00.0000000Z
u0005727,marko_perkovic5727,Marko Perkovic,2024-03-19T23:34:00.0000000Z
u0005728,leon_pavlovic5728,Leon Pavlovic,2025-03-03T20:09:00.0000000Z
u0005729,ivan_matic5729,Ivan Matic,2025-08-15T06:07:00.0000000Z
u0005730,luka_radic5730,Luka Radic,2025-12-06T21:54:00.0000000Z
u0005731,leon_matic5731,Leon Matic,2024-05-15T03:06:00.0000000Z
u0005732,bruno_pavlovic5732,Bruno Pavlovic,2024-02-09T22:12:00.0000000Z
u0005733,lana_pavlovic5733,Lana Pavlovic,2024-08-28T12:36:00.0000000Z
u0005734,mia_zoric5734,Mia Zoric,2025-01-09T06:51:00.0000000Z
u0005735,mia_maric5735,Mia Maric,2025-09-28T00:52:00.0000000Z
u0005736,karlo_barisic5736,Karlo Barisic,2024-03-23T03:33:00.0000000Z
u0005737,sara_pavlovic5737,Sara Pavlovic,2024-06-11T19:50:00.0000000Z
u0005738,lana_babic5738,Lana Babic,2024-06-26T00:55:00.0000000Z
u0005739,bruno_babic5739,Bruno Babic,2024-08-09T23:21:00.0000000Z
u0005740,lana_knezevic5740,Lana Knezevic,2024-03-17T09:45:00.0000000Z
u0005741,bruno_simic5741,Bruno Simic,2025-01-27T09:47:00.0000000Z
u0005742,ivan_pavlovic5742,Ivan Pavlovic,2025-03-25T08:09:00.0000000Z
u0005743,iva_novak5743,Iva Novak,2025-11-15T21:12:00.0000000Z
u0005744,sara_vukovic5744,Sara Vukovic,2024-12-16T13:55:00.0000000Z
u0005745,dora_kolar5745,Dora Kolar,2025-09-15T02:13:00.0000000Z
u0005746,nika_simic5746,Nika Simic,2024-11-19T03:20:00.0000000Z
u0005747,bruno_novak5747,Bruno Novak,2025-04-02T05:32:00.0000000Z
u0005748,sara_simic5748,Sara Simic,2025-10-05T19:57:00.0000000Z
u0005749,bruno_knezevic5749,Bruno Knezevic,2024-09-28T10:35:00.0000000Z
u0005750,leon_sever5750,Leon Sever,2024-12-28T20:33:00.0000000Z
u0005751,iva_horvat5751,Iva Horvat,2024-05-27T10:06:00.0000000Z
u0005752,luka_pavlovic5752,Luka Pavlovic,2024-05-29T04:37:00.0000000Z
u0005753,dora_juric5753,Dora Juric,2025-02-16T20:07:00.0000000Z
u0005754,ema_kovac5754,Ema Kovac,2025-04-03T23:06:00.0000000Z
u0005755,petra_sever5755,Petra Sever,2024-07-09T00:10:00.0000000Z
u0005756,bruno_radic5756,Bruno Radic,2024-10-03T13:47:00.0000000Z
u0005757,mia_babic5757,Mia Babic,2025-02-08T13:49:00.0000000Z
u0005758,ines_zoric5758,Ines Zoric,2024-05-03T00:28:00.0000000Z
u0005759,lana_horvat5759,Lana Horvat,2024-01-23T02:34:00.0000000Z
u0005760,sara_kovacevic5760,Sara Kovacevic,2024-05-14T02:05:00.0000000Z
u0005761,luka_vidovic5761,Luka Vidovic,2024-06-26T18:11:00.0000000Z
u0005762,josip_curic5762,Josip Curic,2024-09-23T17:57:00.0000000Z
u0005763,ema_kolar5763,Ema Kolar,2024-02-28T03:26:00.0000000Z
u0005764,toni_pavlovic5764,Toni Pavlovic,2024-07-26T11:47:00.0000000Z
u0005765,ines_matic5765,Ines Matic,2024-05-10T03:35:00.0000000Z
u0005766,dora_radic5766,Dora Radic,2025-03-13T19:55:00.0000000Z
u0005767,toni_horvat5767,Toni Horvat,2025-11-10T08:10:00.0000000Z
u0005768,dora_simic5768,Dora Simic,2025-09-16T12:41:00.0000000Z
u0005769,leon_barisic5769,Leon Barisic,2024-06-25T21:53:00.0000000Z
u0005770,ana_kolar5770,Ana Kolar,2025-03-17T18:34:00.0000000Z
u0005771,petra_kovacevic5771,Petra Kovacevic,2025-11-13T19:36:00.0000000Z
u0005772,mia_horvat5772,Mia Horvat,2024-06-05T00:15:00.0000000Z
u0005773,mia_kolar5773,Mia Kolar,2024-01-11T22:58:00.0000000Z
u0005774,ines_matic5774,Ines Matic,2025-07-06T01:59:00.0000000Z
u0005775,ema_kolar5775,Ema Kolar,2025-01-13T07:25:00.0000000Z
u0005776,ema_sever5776,Ema Sever,2024-08-13T05:36:00.0000000Z
u0005777,dora_matic5777,Dora Matic,2025-01-10T22:51:00.0000000Z
u0005778,josip_horvat5778,Josip Horvat,2024-09-07T00:01:00.0000000Z
u0005779,ema_juric5779,Ema Juric,2024-07-28T16:59:00.0000000Z
u0005780,mia_matic5780,Mia Matic,2024-02-13T06:41:00.0000000Z
u0005781,marko_novak5781,Marko Novak,2024-01-01T07:20:00.0000000Z
u0005782,lana_matic5782,Lana Matic,2024-08-07T12:26:00.0000000Z
u0005783,filip_matic5783,Filip Matic,2024-11-22T07:24:00.0000000Z
u0005784,dora_pavlovic5784,Dora Pavlovic,2025-07-31T14:32:00.0000000Z
u0005785,nika_kolar5785,Nika Kolar,2025-01-26T18:00:00.0000000Z
u0005786,petra_perkovic5786,Petra Perkovic,2025-08-17T02:24:00.0000000Z
u0005787,filip_perkovic5787,Filip Perkovic,2025-10-22T14:03:00.0000000Z
u0005788,leon_horvat5788,Leon Horvat,2024-07-13T00:51:00.0000000Z
u0005789,ivan_kolar5789,Ivan Kolar,2024-07-27T13:09:00.0000000Z
u0005790,nika_babic5790,Nika Babic,2025-07-09T18:24:00.0000000Z
u0005791,leon_sever5791,Leon Sever,2024-06-20T11:45:00.0000000Z
u0005792,dora_zoric5792,Dora Zoric,2024-06-09T07:57:00.0000000Z
u0005793,iva_vidovic5793,Iva Vidovic,2024-07-12T05:31:00.0000000Z
u0005794,luka_curic5794,Luka Curic,2024-12-22T23:35:00.0000000Z
u0005795,ines_horvat5795,Ines Horvat,2025-09-25T20:16:00.0000000Z
u0005796,bruno_vidovic5796,Bruno Vidovic,2024-08-12T04:28:00.0000000Z
u0005797,karlo_kovac5797,Karlo Kovac,2025-02-10T14:16:00.0000000Z
u0005798,lana_kovac5798,Lana Kovac,2025-08-25T13:15:00.0000000Z
u0005799,petra_maric5799,Petra Maric,2024-05-27T05:23:00.0000000Z
u0005800,bruno_vukovic5800,Bruno Vukovic,2025-06-18T00:10:00.0000000Z
u0005801,ana_zoric5801,Ana Zoric,2024-09-24T13:04:00.0000000Z
u0005802,sara_horvat5802,Sara Horvat,2025-03-25T02:04:00.0000000Z
u0005803,nika_pavlovic5803,Nika Pavlovic,2025-11-28T03:26:00.0000000Z
u0005804,filip_knezevic5804,Filip Knezevic,2025-09-26T08:59:00.0000000Z
u0005805,dario_babic5805,Dario Babic,2025-07-02T18:48:00.0000000Z
u0005806,josip_kovac5806,Josip Kovac,2024-01-13T19:13:00.0000000Z
u0005807,mia_vukovic5807,Mia Vukovic,2025-10-17T09:41:00.0000000Z
u0005808,dora_zoric5808,Dora Zoric,2024-02-06T12:23:00.0000000Z
u0005809,luka_matic5809,Luka Matic,2025-11-21T23:10:00.0000000Z
u0005810,josip_vidovic5810,Josip Vidovic,2025-03-01T06:22:00.0000000Z
u0005811,ana_horvat5811,Ana Horvat,2024-11-17T12:20:00.0000000Z
u0005812,dario_novak5812,Dario Novak,2024-04-30T13:17:00.0000000Z
u0005813,marko_maric5813,Marko Maric,2025-12-21T21:28:00.0000000Z
u0005814,ema_maric5814,Ema Maric,2024-06-07T05:02:00.0000000Z
u0005815,mia_matic5815,Mia Matic,2025-04-27T00:11:00.0000000Z
u0005816,sara_curic5816,Sara Curic,2025-11-10T13:57:00.0000000Z
u0005817,ivan_kolar5817,Ivan Kolar,2024-03-26T09:39:00.0000000Z
u0005818,petra_kovacevic5818,Petra Kovacevic,2024-01-14T01:44:00.0000000Z
u0005819,karlo_horvat5819,Karlo Horvat,2025-12-08T07:00:00.0000000Z
u0005820,filip_matic5820,Filip Matic,2025-03-03T03:23:00.0000000Z
u0005821,sara_babic5821,Sara Babic,2025-08-27T05:01:00.0000000Z
u0005822,mia_juric5822,Mia Juric,2024-10-16T23:22:00.0000000Z
u0005823,josip_horvat5823,Josip Horvat,2025-10-31T14:35:00.0000000Z
u0005824,nika_juric5824,Nika Juric,2025-10-16T08:53:00.0000000Z
u0005825,ana_babic5825,Ana Babic,2024-05-25T05:51:00.0000000Z
u0005826,sara_pavlovic5826,Sara Pavlovic,2024-08-05T17:36:00.0000000Z
u0005827,mia_radic5827,Mia Radic,2025-01-20T22:57:00.0000000Z
u0005828,ana_kovacevic5828,Ana Kovacevic,2024-02-15T21:27:00.0000000Z
u0005829,lana_vidovic5829,Lana Vidovic,2025-05-14T10:14:00.0000000Z
u0005830,josip_perkovic5830,Josip Perkovic,2024-05-01T05:05:00.0000000Z
u0005831,petra_vidovic5831,Petra Vidovic,2025-05-22T00:20:00.0000000Z
u0005832,josip_simic5832,Josip Simic,2024-01-16T01:14:00.0000000Z
u0005833,mia_sever5833,Mia Sever,2024-05-18T12:29:00.0000000Z
u0005834,ema_juric5834,Ema Juric,2025-10-25T02:11:00.0000000Z
u0005835,ana_matic5835,Ana Matic,2024-11-20T22:14:00.0000000Z
u0005836,luka_maric5836,Luka Maric,2024-05-20T15:32:00.0000000Z
u0005837,karlo_maric5837,Karlo Maric,2024-10-26T06:55:00.0000000Z
u0005838,sara_curic5838,Sara Curic,2025-12-05T10:01:00.0000000Z
u0005839,ivan_perkovic5839,Ivan Perkovic,2025-08-15T00:15:00.0000000Z
u0005840,iva_curic5840,Iva Curic,2024-12-05T15:04:00.0000000Z
u0005841,bruno_horvat5841,Bruno Horvat,2024-08-19T00:39:00.0000000Z
u0005842,iva_vukovic5842,Iva Vukovic,2024-12-21T18:05:00.0000000Z
u0005843,luka_pavlovic5843,Luka Pavlovic,2025-02-12T19:04:00.0000000Z
u0005844,petra_juric5844,Petra Juric,2025-04-17T03:43:00.0000000Z
u0005845,marko_babic5845,Marko Babic,2024-07-06T14:10:00.0000000Z
u0005846,toni_horvat5846,Toni Horvat,2025-09-11T15:06:00.0000000Z
u0005847,toni_novak5847,Toni Novak,2025-05-11T03:58:00.0000000Z
u0005848,lana_pavlovic5848,Lana Pavlovic,2025-02-03T05:03:00.0000000Z
u0005849,iva_radic5849,Iva Radic,2025-10-03T21:21:00.0000000Z
u0005850,bruno_kovacevic5850,Bruno Kovacevic,2025-11-10T21:37:00.0000000Z
u0005851,luka_pavlovic5851,Luka Pavlovic,2024-02-23T03:33:00.0000000Z
u0005852,bruno_radic5852,Bruno Radic,2024-07-03T22:35:00.0000000Z
u0005853,nika_juric5853,Nika Juric,2024-03-11T13:40:00.0000000Z
u0005854,dora_horvat5854,Dora Horvat,2025-01-19T08:44:00.0000000Z
u0005855,toni_pavlovic5855,Toni Pavlovic,2025-09-20T05:10:00.0000000Z
u0005856,iva_simic5856,Iva Simic,2025-08-07T01:07:00.0000000Z
u0005857,bruno_knezevic5857,Bruno Knezevic,2025-04-20T07:48:00.0000000Z
u0005858,dora_babic5858,Dora Babic,2025-04-28T04:26:00.0000000Z
u0005859,iva_novak5859,Iva Novak,2024-10-20T19:20:00.0000000Z
u0005860,iva_sever5860,Iva Sever,2025-09-23T06:21:00.0000000Z
u0005861,toni_matic5861,Toni Matic,2024-07-24T14:02:00.0000000Z
u0005862,toni_sever5862,Toni Sever,2025-05-02T12:12:00.0000000Z
u0005863,nika_vukovic5863,Nika Vukovic,2025-02-24T23:41:00.0000000Z
u0005864,ana_horvat5864,Ana Horvat,2025-06-23T20:01:00.0000000Z
u0005865,iva_perkovic5865,Iva Perkovic,2024-06-14T03:43:00.0000000Z
u0005866,petra_barisic5866,Petra Barisic,2025-12-03T23:27:00.0000000Z
u0005867,sara_sever5867,Sara Sever,2025-12-04T08:36:00.0000000Z
u0005868,ivan_horvat5868,Ivan Horvat,2025-10-26T05:57:00.0000000Z
u0005869,ema_novak5869,Ema Novak,2024-12-14T08:06:00.0000000Z
u0005870,josip_curic5870,Josip Curic,2024-08-27T17:16:00.0000000Z
u0005871,ines_vidovic5871,Ines Vidovic,2024-07-14T02:30:00.0000000Z
u0005872,luka_kovacevic5872,Luka Kovacevic,2025-02-02T21:56:00.0000000Z
u0005873,luka_horvat5873,Luka Horvat,2025-05-05T11:36:00.0000000Z
u0005874,petra_maric5874,Petra Maric,2024-05-10T00:33:00.0000000Z
u0005875,luka_kolar5875,Luka Kolar,2024-10-24T12:27:00.0000000Z
u0005876,leon_novak5876,Leon Novak,2024-12-21T13:14:00.0000000Z
u0005877,josip_pavlovic5877,Josip Pavlovic,2024-09-21T20:09:00.0000000Z
u0005878,josip_kovac5878,Josip Kovac,2024-01-02T16:22:00.0000000Z
u0005879,leon_radic5879,Leon Radic,2024-11-24T23:48:00.0000000Z
u0005880,mia_kovacevic5880,Mia Kovacevic,2025-06-10T11:49:00.0000000Z
u0005881,petra_maric5881,Petra Maric,2024-11-20T21:25:00.0000000Z
u0005882,luka_maric5882,Luka Maric,2024-05-30T13:16:00.0000000Z
u0005883,lana_radic5883,Lana Radic,2024-08-14T11:41:00.0000000Z
u0005884,sara_curic5884,Sara Curic,2025-09-15T23:14:00.0000000Z
u0005885,ema_matic5885,Ema Matic,2025-08-09T15:56:00.0000000Z
u0005886,iva_barisic5886,Iva Barisic,2024-08-19T14:11:00.0000000Z
u0005887,dario_vukovic5887,Dario Vukovic,2024-01-28T08:04:00.0000000Z
u0005888,dora_sever5888,Dora Sever,2024-08-11T18:25:00.0000000Z
u0005889,dora_knezevic5889,Dora Knezevic,2025-06-23T10:14:00.0000000Z
u0005890,ema_kovacevic5890,Ema Kovacevic,2025-08-22T06:53:00.0000000Z
u0005891,ivan_barisic5891,Ivan Barisic,2025-04-23T15:23:00.0000000Z
u0005892,dora_horvat5892,Dora Horvat,2024-01-20T01:58:00.0000000Z
u0005893,bruno_sever5893,Bruno Sever,2025-02-06T15:56:00.0000000Z
u0005894,luka_knezevic5894,Luka Knezevic,2025-05-18T13:38:00.0000000Z
u0005895,petra_zoric5895,Petra Zoric,2025-06-12T15:21:00.0000000Z
u0005896,dario_babic5896,Dario Babic,2025-03-06T12:45:00.0000000Z
u0005897,petra_babic5897,Petra Babic,2025-05-06T05:42:00.0000000Z
u0005898,marko_barisic5898,Marko Barisic,2025-12-16T05:35:00.0000000Z
u0005899,sara_novak5899,Sara Novak,2024-05-17T02:38:00.0000000Z
u0005900,marko_juric5900,Marko Juric,2025-06-25T04:56:00.0000000Z
u0005901,lana_novak5901,Lana Novak,2024-05-18T08:32:00.0000000Z
u0005902,lana_simic5902,Lana Simic,2024-01-26T13:53:00.0000000Z
u0005903,petra_kovacevic5903,Petra Kovacevic,2024-12-24T18:04:00.0000000Z
u0005904,iva_kovac5904,Iva Kovac,2025-10-04T23:46:00.0000000Z
u0005905,iva_kovacevic5905,Iva Kovacevic,2025-11-09T07:45:00.0000000Z
u0005906,filip_vidovic5906,Filip Vidovic,2024-06-09T03:28:00.0000000Z
u0005907,nika_matic5907,Nika Matic,2024-07-10T23:21:00.0000000Z
u0005908,marko_kovac5908,Marko Kovac,2024-06-05T19:51:00.0000000Z
u0005909,marko_sever5909,Marko Sever,2024-01-03T20:02:00.0000000Z
u0005910,sara_juric5910,Sara Juric,2025-08-08T03:37:00.0000000Z
u0005911,karlo_simic5911,Karlo Simic,2025-05-20T09:43:00.0000000Z
u0005912,karlo_kolar5912,Karlo Kolar,2024-06-18T10:52:00.0000000Z
u0005913,dario_perkovic5913,Dario Perkovic,2024-05-05T11:17:00.0000000Z
u0005914,sara_kovacevic5914,Sara Kovacevic,2025-08-12T19:56:00.0000000Z
u0005915,ivan_knezevic5915,Ivan Knezevic,2024-02-16T08:47:00.0000000Z
u0005916,iva_vukovic5916,Iva Vukovic,2025-02-18T20:14:00.0000000Z
u0005917,ivan_kovacevic5917,Ivan Kovacevic,2024-10-09T15:56:00.0000000Z
u0005918,dora_simic5918,Dora Simic,2025-08-25T09:06:00.0000000Z
u0005919,lana_kovacevic5919,Lana Kovacevic,2024-04-12T21:41:00.0000000Z
u0005920,dora_kovacevic5920,Dora Kovacevic,2025-03-29T19:07:00.0000000Z
u0005921,ana_radic5921,Ana Radic,2024-02-23T16:03:00.0000000Z
u0005922,sara_curic5922,Sara Curic,2024-11-30T04:47:00.0000000Z
u0005923,petra_sever5923,Petra Sever,2025-02-17T22:12:00.0000000Z
u0005924,sara_vidovic5924,Sara Vidovic,2024-04-01T20:30:00.0000000Z
u0005925,ana_barisic5925,Ana Barisic,2024-04-18T11:06:00.0000000Z
u0005926,lana_kovac5926,Lana Kovac,2025-04-15T23:14:00.0000000Z
u0005927,petra_vukovic5927,Petra Vukovic,2025-03-10T01:08:00.0000000Z
u0005928,josip_pavlovic5928,Josip Pavlovic,2025-11-10T10:42:00.0000000Z
u0005929,josip_barisic5929,Josip Barisic,2024-01-29T00:10:00.0000000Z
u0005930,ines_kovacevic5930,Ines Kovacevic,2024-10-30T14:34:00.0000000Z
u0005931,ivan_radic5931,Ivan Radic,2024-09-09T17:10:00.0000000Z
u0005932,nika_perkovic5932,Nika Perkovic,2025-07-27T15:01:00.0000000Z
u0005933,bruno_knezevic5933,Bruno Knezevic,2024-12-17T19:50:00.0000000Z
u0005934,toni_pavlovic5934,Toni Pavlovic,2024-10-28T00:07:00.0000000Z
u0005935,ana_vukovic5935,Ana Vukovic,2024-12-22T19:58:00.0000000Z
u0005936,ema_curic5936,Ema Curic,2025-04-28T22:22:00.0000000Z
u0005937,sara_horvat5937,Sara Horvat,2024-07-14T02:46:00.0000000Z
u0005938,lana_vidovic5938,Lana Vidovic,2025-12-20T08:20:00.0000000Z
u0005939,ana_simic5939,Ana Simic,2025-10-17T10:05:00.0000000Z
u0005940,marko_juric5940,Marko Juric,2024-02-20T14:26:00.0000000Z
u0005941,josip_kovacevic5941,Josip Kovacevic,2025-03-31T05:49:00.0000000Z
u0005942,petra_pavlovic5942,Petra Pavlovic,2024-08-22T20:55:00.0000000Z
u0005943,iva_matic5943,Iva Matic,2024-06-20T17:56:00.0000000Z
u0005944,mia_kolar5944,Mia Kolar,2025-04-13T22:32:00.0000000Z
u0005945,petra_radic5945,Petra Radic,2025-07-03T03:21:00.0000000Z
u0005946,petra_knezevic5946,Petra Knezevic,2024-07-17T11:01:00.0000000Z
u0005947,josip_maric5947,Josip Maric,2025-11-23T17:13:00.0000000Z
u0005948,mia_maric5948,Mia Maric,2024-08-13T03:16:00.0000000Z
u0005949,marko_simic5949,Marko Simic,2025-05-27T14:48:00.0000000Z
u0005950,mia_radic5950,Mia Radic,2024-02-15T13:34:00.0000000Z
u0005951,ines_simic5951,Ines Simic,2024-04-07T01:28:00.0000000Z
u0005952,josip_maric5952,Josip Maric,2024-07-25T02:27:00.0000000Z
u0005953,iva_barisic5953,Iva Barisic,2025-06-29T17:15:00.0000000Z
u0005954,petra_matic5954,Petra Matic,2024-11-05T06:55:00.0000000Z
u0005955,josip_kovacevic5955,Josip Kovacevic,2024-08-09T02:37:00.0000000Z
u0005956,toni_kovacevic5956,Toni Kovacevic,2024-07-21T18:32:00.0000000Z
u0005957,luka_vidovic5957,Luka Vidovic,2024-04-27T16:18:00.0000000Z
u0005958,toni_kolar5958,Toni Kolar,2024-03-30T10:31:00.0000000Z
u0005959,marko_horvat5959,Marko Horvat,2024-04-05T10:49:00.0000000Z
u0005960,filip_horvat5960,Filip Horvat,2024-01-08T16:56:00.0000000Z
u0005961,toni_knezevic5961,Toni Knezevic,2025-12-12T01:50:00.0000000Z
u0005962,petra_matic5962,Petra Matic,2024-04-04T00:58:00.0000000Z
u0005963,dario_zoric5963,Dario Zoric,2024-09-19T07:39:00.0000000Z
u0005964,lana_vukovic5964,Lana Vukovic,2025-03-02T11:19:00.0000000Z
u0005965,dario_juric5965,Dario Juric,2025-05-05T00:09:00.0000000Z
u0005966,dario_curic5966,Dario Curic,2025-10-02T00:39:00.0000000Z
u0005967,ana_radic5967,Ana Radic,2024-07-10T19:41:00.0000000Z
u0005968,josip_babic5968,Josip Babic,2025-05-10T05:14:00.0000000Z
u0005969,leon_juric5969,Leon Juric,2025-10-12T07:56:00.0000000Z
u0005970,ana_juric5970,Ana Juric,2024-04-13T20:36:00.0000000Z
u0005971,petra_matic5971,Petra Matic,2025-09-10T18:37:00.0000000Z
u0005972,bruno_radic5972,Bruno Radic,2024-02-15T21:35:00.0000000Z
u0005973,josip_juric5973,Josip Juric,2025-09-04T10:49:00.0000000Z
u0005974,petra_babic5974,Petra Babic,2025-02-28T21:03:00.0000000Z
u0005975,leon_zoric5975,Leon Zoric,2024-11-25T10:15:00.0000000Z
u0005976,nika_babic5976,Nika Babic,2024-11-06T22:55:00.0000000Z
u0005977,lana_simic5977,Lana Simic,2024-03-11T05:24:00.0000000Z
u0005978,ema_kovacevic5978,Ema Kovacevic,2024-12-15T12:13:00.0000000Z
u0005979,bruno_maric5979,Bruno Maric,2024-07-31T14:38:00.0000000Z
u0005980,ema_juric5980,Ema Juric,2024-06-04T09:14:00.0000000Z
u0005981,luka_matic5981,Luka Matic,2024-11-30T13:49:00.0000000Z
u0005982,luka_kovacevic5982,Luka Kovacevic,2025-11-02T14:56:00.0000000Z
u0005983,bruno_zoric5983,Bruno Zoric,2025-06-14T22:44:00.0000000Z
u0005984,toni_kovac5984,Toni Kovac,2025-05-20T21:20:00.0000000Z
u0005985,ana_vidovic5985,Ana Vidovic,2024-10-25T00:25:00.0000000Z
u0005986,sara_radic5986,Sara Radic,2024-09-22T23:46:00.0000000Z
u0005987,luka_kovacevic5987,Luka Kovacevic,2024-04-27T00:34:00.0000000Z
u0005988,lana_simic5988,Lana Simic,2025-05-23T21:14:00.0000000Z
u0005989,ana_barisic5989,Ana Barisic,2024-04-29T13:50:00.0000000Z
u0005990,mia_sever5990,Mia Sever,2024-09-14T07:05:00.0000000Z
u0005991,iva_maric5991,Iva Maric,2025-12-18T16:56:00.0000000Z
u0005992,toni_curic5992,Toni Curic,2025-03-26T01:02:00.0000000Z
u0005993,marko_kolar5993,Marko Kolar,2024-11-20T18:49:00.0000000Z
u0005994,dario_vidovic5994,Dario Vidovic,2024-08-17T11:52:00.0000000Z
u0005995,sara_vidovic5995,Sara Vidovic,2025-01-14T05:42:00.0000000Z
u0005996,josip_novak5996,Josip Novak,2024-12-15T02:56:00.0000000Z
u0005997,ivan_kovac5997,Ivan Kovac,2025-05-18T00:28:00.0000000Z
u0005998,leon_kovac5998,Leon Kovac,2025-11-22T14:49:00.0000000Z
u0005999,ivan_zoric5999,Ivan Zoric,2025-11-17T01:32:00.0000000Z
u0006000,iva_maric6000,Iva Maric,2024-11-03T03:48:00.0000000Z
u0006001,iva_vukovic6001,Iva Vukovic,2025-08-05T14:20:00.0000000Z
u0006002,mia_vidovic6002,Mia Vidovic,2025-11-03T20:43:00.0000000Z
u0006003,bruno_knezevic6003,Bruno Knezevic,2025-10-15T14:21:00.0000000Z
u0006004,iva_simic6004,Iva Simic,2025-08-10T09:33:00.0000000Z
u0006005,leon_perkovic6005,Leon Perkovic,2024-12-19T04:00:00.0000000Z
u0006006,karlo_zoric6006,Karlo Zoric,2025-06-06T20:44:00.0000000Z
u0006007,petra_pavlovic6007,Petra Pavlovic,2025-05-12T09:06:00.0000000Z
u0006008,sara_juric6008,Sara Juric,2025-11-04T04:28:00.0000000Z
u0006009,sara_vidovic6009,Sara Vidovic,2024-03-03T06:51:00.0000000Z
u0006010,ana_simic6010,Ana Simic,2024-04-29T00:36:00.0000000Z
u0006011,sara_vukovic6011,Sara Vukovic,2025-01-22T03:57:00.0000000Z
u0006012,ana_zoric6012,Ana Zoric,2024-12-11T01:58:00.0000000Z
u0006013,dario_kovacevic6013,Dario Kovacevic,2024-01-05T12:12:00.0000000Z
u0006014,nika_perkovic6014,Nika Perkovic,2025-08-10T08:06:00.0000000Z
u0006015,nika_juric6015,Nika Juric,2025-01-07T07:11:00.0000000Z
u0006016,ines_horvat6016,Ines Horvat,2024-09-29T01:57:00.0000000Z
u0006017,lana_novak6017,Lana Novak,2024-01-05T23:11:00.0000000Z
u0006018,luka_simic6018,Luka Simic,2025-01-20T12:45:00.0000000Z
u0006019,bruno_kovac6019,Bruno Kovac,2024-02-20T15:42:00.0000000Z
u0006020,ines_kolar6020,Ines Kolar,2025-12-25T03:32:00.0000000Z
u0006021,karlo_perkovic6021,Karlo Perkovic,2025-09-03T19:18:00.0000000Z
u0006022,bruno_babic6022,Bruno Babic,2024-05-22T00:45:00.0000000Z
u0006023,ema_barisic6023,Ema Barisic,2025-11-03T05:25:00.0000000Z
u0006024,ana_kovacevic6024,Ana Kovacevic,2024-11-19T00:17:00.0000000Z
u0006025,bruno_simic6025,Bruno Simic,2025-11-24T03:25:00.0000000Z
u0006026,ines_babic6026,Ines Babic,2024-01-15T06:10:00.0000000Z
u0006027,josip_zoric6027,Josip Zoric,2025-09-03T06:07:00.0000000Z
u0006028,bruno_simic6028,Bruno Simic,2024-09-24T20:58:00.0000000Z
u0006029,petra_matic6029,Petra Matic,2025-07-22T13:35:00.0000000Z
u0006030,ana_juric6030,Ana Juric,2025-05-29T04:03:00.0000000Z
u0006031,josip_pavlovic6031,Josip Pavlovic,2025-03-22T23:29:00.0000000Z
u0006032,ana_zoric6032,Ana Zoric,2024-01-15T01:24:00.0000000Z
u0006033,dora_barisic6033,Dora Barisic,2024-04-29T12:32:00.0000000Z
u0006034,filip_pavlovic6034,Filip Pavlovic,2024-03-22T20:00:00.0000000Z
u0006035,lana_matic6035,Lana Matic,2025-10-02T04:47:00.0000000Z
u0006036,nika_radic6036,Nika Radic,2024-01-03T18:30:00.0000000Z
u0006037,nika_barisic6037,Nika Barisic,2025-12-07T15:49:00.0000000Z
u0006038,ana_matic6038,Ana Matic,2025-11-11T17:19:00.0000000Z
u0006039,petra_babic6039,Petra Babic,2024-03-15T10:58:00.0000000Z
u0006040,lana_simic6040,Lana Simic,2025-04-28T05:10:00.0000000Z
u0006041,josip_juric6041,Josip Juric,2025-03-21T17:35:00.0000000Z
u0006042,luka_pavlovic6042,Luka Pavlovic,2025-05-18T03:30:00.0000000Z
u0006043,karlo_perkovic6043,Karlo Perkovic,2025-08-20T11:26:00.0000000Z
u0006044,leon_curic6044,Leon Curic,2024-07-02T23:30:00.0000000Z
u0006045,ines_kovac6045,Ines Kovac,2024-05-03T06:24:00.0000000Z
u0006046,bruno_juric6046,Bruno Juric,2024-03-28T06:29:00.0000000Z
u0006047,lana_simic6047,Lana Simic,2025-11-16T22:26:00.0000000Z
u0006048,iva_knezevic6048,Iva Knezevic,2024-11-04T02:37:00.0000000Z
u0006049,bruno_vukovic6049,Bruno Vukovic,2024-05-08T23:04:00.0000000Z
u0006050,sara_barisic6050,Sara Barisic,2025-04-10T10:07:00.0000000Z
u0006051,leon_matic6051,Leon Matic,2024-07-19T10:29:00.0000000Z
u0006052,dario_barisic6052,Dario Barisic,2024-09-03T18:53:00.0000000Z
u0006053,dario_novak6053,Dario Novak,2025-09-08T17:03:00.0000000Z
u0006054,petra_kolar6054,Petra Kolar,2025-08-19T20:23:00.0000000Z
u0006055,petra_pavlovic6055,Petra Pavlovic,2025-11-26T05:30:00.0000000Z
u0006056,bruno_maric6056,Bruno Maric,2024-09-24T21:44:00.0000000Z
u0006057,iva_knezevic6057,Iva Knezevic,2025-09-22T00:37:00.0000000Z
u0006058,dora_sever6058,Dora Sever,2025-12-19T09:48:00.0000000Z
u0006059,bruno_pavlovic6059,Bruno Pavlovic,2025-09-11T08:31:00.0000000Z
u0006060,petra_matic6060,Petra Matic,2024-07-04T14:58:00.0000000Z
u0006061,dario_maric6061,Dario Maric,2025-09-02T12:37:00.0000000Z
u0006062,petra_horvat6062,Petra Horvat,2024-10-29T21:43:00.0000000Z
u0006063,dora_vukovic6063,Dora Vukovic,2024-05-23T19:35:00.0000000Z
u0006064,karlo_novak6064,Karlo Novak,2024-01-19T13:11:00.0000000Z
u0006065,ema_kovacevic6065,Ema Kovacevic,2025-09-18T04:26:00.0000000Z
u0006066,marko_simic6066,Marko Simic,2025-07-19T22:34:00.0000000Z
u0006067,lana_horvat6067,Lana Horvat,2024-04-26T08:51:00.0000000Z
u0006068,karlo_curic6068,Karlo Curic,2024-11-09T23:57:00.0000000Z
u0006069,iva_curic6069,Iva Curic,2025-01-10T08:18:00.0000000Z
u0006070,ema_zoric6070,Ema Zoric,2024-07-08T03:10:00.0000000Z
u0006071,lana_kovacevic6071,Lana Kovacevic,2025-07-05T06:01:00.0000000Z
u0006072,nika_perkovic6072,Nika Perkovic,2025-03-02T03:25:00.0000000Z
u0006073,dora_horvat6073,Dora Horvat,2025-04-08T19:43:00.0000000Z
u0006074,dario_kolar6074,Dario Kolar,2025-09-05T05:37:00.0000000Z
u0006075,petra_curic6075,Petra Curic,2024-05-30T03:35:00.0000000Z
u0006076,karlo_kolar6076,Karlo Kolar,2025-05-10T15:15:00.0000000Z
u0006077,marko_pavlovic6077,Marko Pavlovic,2024-02-07T04:02:00.0000000Z
u0006078,ivan_kolar6078,Ivan Kolar,2024-12-01T17:13:00.0000000Z
u0006079,ivan_kolar6079,Ivan Kolar,2024-06-19T23:24:00.0000000Z
u0006080,josip_knezevic6080,Josip Knezevic,2024-02-27T01:37:00.0000000Z
u0006081,leon_perkovic6081,Leon Perkovic,2025-02-23T09:37:00.0000000Z
u0006082,leon_kovacevic6082,Leon Kovacevic,2025-10-26T20:14:00.0000000Z
u0006083,ema_perkovic6083,Ema Perkovic,2025-04-02T18:04:00.0000000Z
u0006084,ema_babic6084,Ema Babic,2025-03-03T06:17:00.0000000Z
u0006085,marko_curic6085,Marko Curic,2024-07-24T16:37:00.0000000Z
u0006086,filip_pavlovic6086,Filip Pavlovic,2025-12-18T19:51:00.0000000Z
u0006087,luka_curic6087,Luka Curic,2024-06-14T18:54:00.0000000Z
u0006088,karlo_maric6088,Karlo Maric,2024-05-10T19:58:00.0000000Z
u0006089,luka_knezevic6089,Luka Knezevic,2025-03-09T17:37:00.0000000Z
u0006090,ema_matic6090,Ema Matic,2025-12-10T17:43:00.0000000Z
u0006091,filip_simic6091,Filip Simic,2025-03-12T13:55:00.0000000Z
u0006092,nika_pavlovic6092,Nika Pavlovic,2024-02-07T14:56:00.0000000Z
u0006093,ema_novak6093,Ema Novak,2025-03-07T22:12:00.0000000Z
u0006094,ema_simic6094,Ema Simic,2024-01-18T03:42:00.0000000Z
u0006095,ivan_barisic6095,Ivan Barisic,2024-12-01T10:22:00.0000000Z
u0006096,lana_curic6096,Lana Curic,2025-07-28T04:28:00.0000000Z
u0006097,petra_zoric6097,Petra Zoric,2024-02-16T03:55:00.0000000Z
u0006098,ema_maric6098,Ema Maric,2024-12-08T17:45:00.0000000Z
u0006099,ines_kovac6099,Ines Kovac,2025-01-16T17:01:00.0000000Z
u0006100,mia_kolar6100,Mia Kolar,2025-11-06T00:45:00.0000000Z
u0006101,filip_sever6101,Filip Sever,2024-05-17T15:22:00.0000000Z
u0006102,sara_curic6102,Sara Curic,2025-02-16T23:11:00.0000000Z
u0006103,dora_simic6103,Dora Simic,2024-08-03T18:59:00.0000000Z
u0006104,luka_kovac6104,Luka Kovac,2024-10-24T13:27:00.0000000Z
u0006105,mia_curic6105,Mia Curic,2024-09-26T17:47:00.0000000Z
u0006106,luka_zoric6106,Luka Zoric,2024-08-15T14:59:00.0000000Z
u0006107,bruno_kolar6107,Bruno Kolar,2024-12-18T17:18:00.0000000Z
u0006108,karlo_babic6108,Karlo Babic,2025-06-09T17:05:00.0000000Z
u0006109,leon_kovac6109,Leon Kovac,2024-10-14T02:47:00.0000000Z
u0006110,marko_kolar6110,Marko Kolar,2025-02-20T22:00:00.0000000Z
u0006111,dario_barisic6111,Dario Barisic,2025-01-01T16:27:00.0000000Z
u0006112,sara_sever6112,Sara Sever,2025-03-08T09:54:00.0000000Z
u0006113,karlo_vukovic6113,Karlo Vukovic,2025-11-08T07:18:00.0000000Z
u0006114,ines_matic6114,Ines Matic,2024-09-12T22:21:00.0000000Z
u0006115,lana_curic6115,Lana Curic,2025-06-10T19:39:00.0000000Z
u0006116,sara_barisic6116,Sara Barisic,2024-07-03T03:17:00.0000000Z
u0006117,ivan_pavlovic6117,Ivan Pavlovic,2024-07-25T00:28:00.0000000Z
u0006118,luka_perkovic6118,Luka Perkovic,2025-12-21T15:53:00.0000000Z
u0006119,josip_radic6119,Josip Radic,2025-09-18T06:09:00.0000000Z
u0006120,lana_kolar6120,Lana Kolar,2025-08-25T20:34:00.0000000Z
u0006121,petra_barisic6121,Petra Barisic,2025-10-01T21:21:00.0000000Z
u0006122,bruno_kolar6122,Bruno Kolar,2024-05-14T00:52:00.0000000Z
u0006123,leon_kolar6123,Leon Kolar,2025-11-25T08:16:00.0000000Z
u0006124,iva_vukovic6124,Iva Vukovic,2024-10-08T23:01:00.0000000Z
u0006125,mia_vidovic6125,Mia Vidovic,2024-07-11T20:00:00.0000000Z
u0006126,marko_kovacevic6126,Marko Kovacevic,2024-05-03T13:16:00.0000000Z
u0006127,dora_juric6127,Dora Juric,2024-06-23T18:31:00.0000000Z
u0006128,marko_horvat6128,Marko Horvat,2024-02-12T19:51:00.0000000Z
u0006129,ema_kovacevic6129,Ema Kovacevic,2024-05-22T02:16:00.0000000Z
u0006130,dario_novak6130,Dario Novak,2024-12-08T15:15:00.0000000Z
u0006131,bruno_vukovic6131,Bruno Vukovic,2025-04-20T10:19:00.0000000Z
u0006132,marko_kolar6132,Marko Kolar,2025-03-28T09:09:00.0000000Z
u0006133,lana_zoric6133,Lana Zoric,2024-06-28T19:08:00.0000000Z
u0006134,dario_zoric6134,Dario Zoric,2024-04-08T05:44:00.0000000Z
u0006135,filip_kovacevic6135,Filip Kovacevic,2024-07-22T12:39:00.0000000Z
u0006136,ines_vidovic6136,Ines Vidovic,2025-09-12T05:39:00.0000000Z
u0006137,bruno_kovacevic6137,Bruno Kovacevic,2024-05-20T09:48:00.0000000Z
u0006138,sara_matic6138,Sara Matic,2024-12-25T11:10:00.0000000Z
u0006139,nika_horvat6139,Nika Horvat,2025-08-29T00:02:00.0000000Z
u0006140,karlo_knezevic6140,Karlo Knezevic,2024-10-07T07:54:00.0000000Z
u0006141,dora_vukovic6141,Dora Vukovic,2024-12-30T10:10:00.0000000Z
u0006142,lana_horvat6142,Lana Horvat,2024-01-02T12:49:00.0000000Z
u0006143,bruno_juric6143,Bruno Juric,2024-03-17T07:37:00.0000000Z
u0006144,toni_perkovic6144,Toni Perkovic,2025-02-05T15:10:00.0000000Z
u0006145,leon_matic6145,Leon Matic,2025-01-02T05:52:00.0000000Z
u0006146,marko_vidovic6146,Marko Vidovic,2025-05-30T04:04:00.0000000Z
u0006147,iva_vukovic6147,Iva Vukovic,2024-12-24T01:30:00.0000000Z
u0006148,filip_zoric6148,Filip Zoric,2025-10-31T01:31:00.0000000Z
u0006149,ema_horvat6149,Ema Horvat,2025-10-16T13:10:00.0000000Z
u0006150,petra_radic6150,Petra Radic,2025-05-18T17:52:00.0000000Z
u0006151,iva_perkovic6151,Iva Perkovic,2024-08-29T13:01:00.0000000Z
u0006152,ines_radic6152,Ines Radic,2024-09-19T21:04:00.0000000Z
u0006153,toni_vidovic6153,Toni Vidovic,2024-07-23T11:59:00.0000000Z
u0006154,ema_maric6154,Ema Maric,2025-02-01T21:23:00.0000000Z
u0006155,bruno_kovac6155,Bruno Kovac,2025-04-19T18:32:00.0000000Z
u0006156,toni_zoric6156,Toni Zoric,2024-01-07T22:12:00.0000000Z
u0006157,dora_matic6157,Dora Matic,2024-05-19T16:25:00.0000000Z
u0006158,marko_horvat6158,Marko Horvat,2024-02-01T03:22:00.0000000Z
u0006159,ines_pavlovic6159,Ines Pavlovic,2025-03-12T15:41:00.0000000Z
u0006160,nika_novak6160,Nika Novak,2025-12-28T17:14:00.0000000Z
u0006161,marko_simic6161,Marko Simic,2025-07-13T12:17:00.0000000Z
u0006162,josip_barisic6162,Josip Barisic,2024-01-02T18:26:00.0000000Z
u0006163,luka_kovac6163,Luka Kovac,2025-10-27T06:29:00.0000000Z
u0006164,marko_matic6164,Marko Matic,2024-01-16T02:29:00.0000000Z
u0006165,josip_radic6165,Josip Radic,2024-06-18T07:20:00.0000000Z
u0006166,leon_simic6166,Leon Simic,2025-06-04T19:42:00.0000000Z
u0006167,ema_pavlovic6167,Ema Pavlovic,2024-07-23T12:07:00.0000000Z
u0006168,ines_maric6168,Ines Maric,2024-01-25T19:24:00.0000000Z
u0006169,lana_perkovic6169,Lana Perkovic,2025-03-27T05:12:00.0000000Z
u0006170,ema_sever6170,Ema Sever,2025-10-22T18:11:00.0000000Z
u0006171,iva_kovac6171,Iva Kovac,2025-03-24T14:24:00.0000000Z
u0006172,ema_maric6172,Ema Maric,2025-03-02T23:12:00.0000000Z
u0006173,iva_kovacevic6173,Iva Kovacevic,2024-06-12T07:14:00.0000000Z
u0006174,toni_knezevic6174,Toni Knezevic,2025-05-29T15:51:00.0000000Z
u0006175,ivan_vidovic6175,Ivan Vidovic,2024-01-09T20:02:00.0000000Z
u0006176,petra_perkovic6176,Petra Perkovic,2025-01-25T10:56:00.0000000Z
u0006177,karlo_curic6177,Karlo Curic,2024-02-02T03:23:00.0000000Z
u0006178,ines_kovacevic6178,Ines Kovacevic,2025-02-20T00:46:00.0000000Z
u0006179,bruno_novak6179,Bruno Novak,2024-10-23T19:40:00.0000000Z
u0006180,bruno_curic6180,Bruno Curic,2024-05-18T12:36:00.0000000Z
u0006181,mia_curic6181,Mia Curic,2024-03-08T02:01:00.0000000Z
u0006182,ana_vukovic6182,Ana Vukovic,2024-10-31T06:18:00.0000000Z
u0006183,josip_babic6183,Josip Babic,2024-08-30T07:10:00.0000000Z
u0006184,toni_maric6184,Toni Maric,2024-07-15T14:16:00.0000000Z
u0006185,lana_pavlovic6185,Lana Pavlovic,2024-06-03T18:19:00.0000000Z
u0006186,nika_zoric6186,Nika Zoric,2024-08-23T21:22:00.0000000Z
u0006187,ana_kovacevic6187,Ana Kovacevic,2025-12-06T09:15:00.0000000Z
u0006188,ivan_matic6188,Ivan Matic,2024-01-16T02:34:00.0000000Z
u0006189,ines_barisic6189,Ines Barisic,2025-06-21T09:15:00.0000000Z
u0006190,ana_simic6190,Ana Simic,2025-11-26T15:30:00.0000000Z
u0006191,petra_horvat6191,Petra Horvat,2024-10-29T20:01:00.0000000Z
u0006192,ana_juric6192,Ana Juric,2024-12-25T00:00:00.0000000Z
u0006193,toni_kovac6193,Toni Kovac,2024-12-05T17:03:00.0000000Z
u0006194,nika_zoric6194,Nika Zoric,2025-02-10T06:31:00.0000000Z
u0006195,luka_maric6195,Luka Maric,2025-07-24T07:16:00.0000000Z
u0006196,iva_vukovic6196,Iva Vukovic,2025-05-24T18:46:00.0000000Z
u0006197,mia_babic6197,Mia Babic,2024-11-09T09:25:00.0000000Z
u0006198,ivan_kolar6198,Ivan Kolar,2025-03-05T00:45:00.0000000Z
u0006199,luka_kovacevic6199,Luka Kovacevic,2024-11-27T02:51:00.0000000Z
u0006200,ivan_babic6200,Ivan Babic,2025-01-02T18:03:00.0000000Z
u0006201,sara_vukovic6201,Sara Vukovic,2025-02-24T07:43:00.0000000Z
u0006202,mia_matic6202,Mia Matic,2024-03-29T02:46:00.0000000Z
u0006203,ines_matic6203,Ines Matic,2024-09-15T20:01:00.0000000Z
u0006204,bruno_sever6204,Bruno Sever,2025-05-23T19:49:00.0000000Z
u0006205,ines_knezevic6205,Ines Knezevic,2025-02-15T09:40:00.0000000Z
u0006206,josip_barisic6206,Josip Barisic,2024-08-17T01:43:00.0000000Z
u0006207,luka_kovac6207,Luka Kovac,2024-12-18T01:50:00.0000000Z
u0006208,ana_perkovic6208,Ana Perkovic,2024-11-06T04:45:00.0000000Z
u0006209,dario_kovac6209,Dario Kovac,2024-09-01T22:42:00.0000000Z
u0006210,karlo_vidovic6210,Karlo Vidovic,2025-12-03T15:54:00.0000000Z
u0006211,ana_radic6211,Ana Radic,2025-11-22T05:56:00.0000000Z
u0006212,dora_curic6212,Dora Curic,2024-10-21T03:24:00.0000000Z
u0006213,dora_vidovic6213,Dora Vidovic,2025-05-22T07:18:00.0000000Z
u0006214,sara_curic6214,Sara Curic,2025-11-16T13:42:00.0000000Z
u0006215,filip_pavlovic6215,Filip Pavlovic,2024-05-11T02:26:00.0000000Z
u0006216,bruno_novak6216,Bruno Novak,2024-07-26T07:52:00.0000000Z
u0006217,ana_vidovic6217,Ana Vidovic,2024-11-03T04:27:00.0000000Z
u0006218,marko_vidovic6218,Marko Vidovic,2024-02-12T19:47:00.0000000Z
u0006219,ana_pavlovic6219,Ana Pavlovic,2025-05-07T15:15:00.0000000Z
u0006220,petra_barisic6220,Petra Barisic,2024-09-29T23:21:00.0000000Z
u0006221,iva_horvat6221,Iva Horvat,2025-04-16T02:32:00.0000000Z
u0006222,mia_perkovic6222,Mia Perkovic,2024-11-02T16:01:00.0000000Z
u0006223,iva_barisic6223,Iva Barisic,2025-01-08T16:59:00.0000000Z
u0006224,petra_knezevic6224,Petra Knezevic,2024-02-11T02:23:00.0000000Z
u0006225,toni_simic6225,Toni Simic,2024-05-01T06:50:00.0000000Z
u0006226,dario_perkovic6226,Dario Perkovic,2024-02-05T19:03:00.0000000Z
u0006227,luka_zoric6227,Luka Zoric,2025-09-26T11:14:00.0000000Z
u0006228,ivan_vidovic6228,Ivan Vidovic,2025-12-28T14:40:00.0000000Z
u0006229,dario_barisic6229,Dario Barisic,2025-06-02T10:15:00.0000000Z
u0006230,ines_curic6230,Ines Curic,2024-07-17T10:04:00.0000000Z
u0006231,bruno_vidovic6231,Bruno Vidovic,2025-12-08T02:31:00.0000000Z
u0006232,filip_barisic6232,Filip Barisic,2025-10-13T19:51:00.0000000Z
u0006233,ema_sever6233,Ema Sever,2025-11-28T14:58:00.0000000Z
u0006234,iva_sever6234,Iva Sever,2024-08-28T12:40:00.0000000Z
u0006235,iva_barisic6235,Iva Barisic,2024-10-07T20:40:00.0000000Z
u0006236,mia_radic6236,Mia Radic,2024-07-03T13:19:00.0000000Z
u0006237,ines_matic6237,Ines Matic,2025-11-23T14:52:00.0000000Z
u0006238,toni_curic6238,Toni Curic,2024-02-16T17:04:00.0000000Z
u0006239,dario_kolar6239,Dario Kolar,2024-06-12T18:48:00.0000000Z
u0006240,toni_barisic6240,Toni Barisic,2025-07-26T01:07:00.0000000Z
u0006241,bruno_barisic6241,Bruno Barisic,2025-11-28T22:30:00.0000000Z
u0006242,luka_knezevic6242,Luka Knezevic,2025-03-13T08:05:00.0000000Z
u0006243,ivan_juric6243,Ivan Juric,2025-05-28T14:23:00.0000000Z
u0006244,ema_novak6244,Ema Novak,2025-06-25T21:04:00.0000000Z
u0006245,ivan_matic6245,Ivan Matic,2025-08-13T16:47:00.0000000Z
u0006246,dario_juric6246,Dario Juric,2025-11-16T19:21:00.0000000Z
u0006247,toni_maric6247,Toni Maric,2024-10-02T13:20:00.0000000Z
u0006248,lana_sever6248,Lana Sever,2024-12-03T02:43:00.0000000Z
u0006249,filip_babic6249,Filip Babic,2025-11-05T19:10:00.0000000Z
u0006250,leon_vidovic6250,Leon Vidovic,2024-04-13T11:10:00.0000000Z
u0006251,sara_pavlovic6251,Sara Pavlovic,2024-03-15T01:58:00.0000000Z
u0006252,petra_horvat6252,Petra Horvat,2024-03-28T19:57:00.0000000Z
u0006253,mia_radic6253,Mia Radic,2024-11-10T14:44:00.0000000Z
u0006254,iva_juric6254,Iva Juric,2024-06-11T20:12:00.0000000Z
u0006255,dario_pavlovic6255,Dario Pavlovic,2024-06-16T03:05:00.0000000Z
u0006256,luka_radic6256,Luka Radic,2024-11-02T08:47:00.0000000Z
u0006257,ema_sever6257,Ema Sever,2024-11-27T13:17:00.0000000Z
u0006258,ema_horvat6258,Ema Horvat,2025-05-06T07:17:00.0000000Z
u0006259,josip_juric6259,Josip Juric,2025-09-24T06:32:00.0000000Z
u0006260,lana_curic6260,Lana Curic,2024-08-29T02:07:00.0000000Z
u0006261,sara_maric6261,Sara Maric,2024-12-17T14:39:00.0000000Z
u0006262,nika_pavlovic6262,Nika Pavlovic,2025-03-17T01:39:00.0000000Z
u0006263,toni_curic6263,Toni Curic,2024-11-14T11:13:00.0000000Z
u0006264,sara_maric6264,Sara Maric,2025-06-29T15:58:00.0000000Z
u0006265,dario_vidovic6265,Dario Vidovic,2025-10-19T07:09:00.0000000Z
u0006266,petra_curic6266,Petra Curic,2024-10-01T19:14:00.0000000Z
u0006267,luka_babic6267,Luka Babic,2025-02-19T23:50:00.0000000Z
u0006268,dario_pavlovic6268,Dario Pavlovic,2025-09-13T06:16:00.0000000Z
u0006269,sara_vukovic6269,Sara Vukovic,2025-03-20T05:27:00.0000000Z
u0006270,josip_zoric6270,Josip Zoric,2025-08-04T19:48:00.0000000Z
u0006271,ema_barisic6271,Ema Barisic,2025-03-24T20:15:00.0000000Z
u0006272,marko_babic6272,Marko Babic,2024-03-09T11:47:00.0000000Z
u0006273,bruno_sever6273,Bruno Sever,2024-01-11T16:00:00.0000000Z
u0006274,toni_simic6274,Toni Simic,2025-03-22T01:53:00.0000000Z
u0006275,dora_simic6275,Dora Simic,2025-08-06T05:08:00.0000000Z
u0006276,bruno_zoric6276,Bruno Zoric,2024-06-02T12:27:00.0000000Z
u0006277,iva_juric6277,Iva Juric,2024-09-08T10:51:00.0000000Z
u0006278,lana_juric6278,Lana Juric,2025-08-07T10:19:00.0000000Z
u0006279,iva_maric6279,Iva Maric,2025-01-24T05:14:00.0000000Z
u0006280,toni_barisic6280,Toni Barisic,2024-06-10T08:21:00.0000000Z
u0006281,dora_novak6281,Dora Novak,2024-04-23T12:09:00.0000000Z
u0006282,toni_knezevic6282,Toni Knezevic,2024-07-28T14:01:00.0000000Z
u0006283,marko_knezevic6283,Marko Knezevic,2025-06-06T05:44:00.0000000Z
u0006284,karlo_knezevic6284,Karlo Knezevic,2025-11-03T02:15:00.0000000Z
u0006285,mia_pavlovic6285,Mia Pavlovic,2025-02-06T02:41:00.0000000Z
u0006286,dora_radic6286,Dora Radic,2024-03-02T05:42:00.0000000Z
u0006287,ivan_sever6287,Ivan Sever,2025-03-19T06:45:00.0000000Z
u0006288,mia_perkovic6288,Mia Perkovic,2025-01-10T07:25:00.0000000Z
u0006289,lana_zoric6289,Lana Zoric,2025-03-26T22:13:00.0000000Z
u0006290,karlo_kovacevic6290,Karlo Kovacevic,2025-11-17T21:07:00.0000000Z
u0006291,nika_babic6291,Nika Babic,2024-03-23T14:24:00.0000000Z
u0006292,iva_pavlovic6292,Iva Pavlovic,2024-09-14T22:16:00.0000000Z
u0006293,lana_kovacevic6293,Lana Kovacevic,2024-04-05T20:01:00.0000000Z
u0006294,dario_simic6294,Dario Simic,2024-09-26T02:48:00.0000000Z
u0006295,lana_sever6295,Lana Sever,2025-09-04T07:03:00.0000000Z
u0006296,josip_babic6296,Josip Babic,2025-04-21T21:56:00.0000000Z
u0006297,luka_vidovic6297,Luka Vidovic,2025-04-18T13:43:00.0000000Z
u0006298,josip_simic6298,Josip Simic,2025-10-14T04:43:00.0000000Z
u0006299,toni_simic6299,Toni Simic,2025-02-10T05:53:00.0000000Z
u0006300,toni_maric6300,Toni Maric,2025-05-04T05:17:00.0000000Z
u0006301,sara_kovacevic6301,Sara Kovacevic,2024-02-19T05:42:00.0000000Z
u0006302,iva_novak6302,Iva Novak,2024-08-08T14:25:00.0000000Z
u0006303,karlo_simic6303,Karlo Simic,2025-12-15T16:58:00.0000000Z
u0006304,petra_radic6304,Petra Radic,2024-05-09T06:39:00.0000000Z
u0006305,dora_radic6305,Dora Radic,2024-10-23T23:00:00.0000000Z
u0006306,luka_curic6306,Luka Curic,2025-05-18T13:46:00.0000000Z
u0006307,sara_horvat6307,Sara Horvat,2025-04-09T18:03:00.0000000Z
u0006308,dora_simic6308,Dora Simic,2025-01-28T05:58:00.0000000Z
u0006309,ema_babic6309,Ema Babic,2025-01-23T13:54:00.0000000Z
u0006310,luka_maric6310,Luka Maric,2024-01-24T02:02:00.0000000Z
u0006311,iva_vidovic6311,Iva Vidovic,2024-04-24T23:42:00.0000000Z
u0006312,lana_vidovic6312,Lana Vidovic,2024-07-05T15:48:00.0000000Z
u0006313,filip_kolar6313,Filip Kolar,2025-06-09T15:57:00.0000000Z
u0006314,dario_pavlovic6314,Dario Pavlovic,2025-02-12T12:27:00.0000000Z
u0006315,sara_kovac6315,Sara Kovac,2024-08-05T20:06:00.0000000Z
u0006316,lana_matic6316,Lana Matic,2024-01-28T21:13:00.0000000Z
u0006317,lana_vukovic6317,Lana Vukovic,2025-05-21T16:53:00.0000000Z
u0006318,ines_sever6318,Ines Sever,2024-04-25T06:05:00.0000000Z
u0006319,ana_kolar6319,Ana Kolar,2025-07-04T07:28:00.0000000Z
u0006320,dario_matic6320,Dario Matic,2024-04-08T05:48:00.0000000Z
u0006321,iva_simic6321,Iva Simic,2024-10-10T13:33:00.0000000Z
u0006322,leon_knezevic6322,Leon Knezevic,2025-05-17T23:13:00.0000000Z
u0006323,ana_matic6323,Ana Matic,2025-05-24T10:42:00.0000000Z
u0006324,petra_curic6324,Petra Curic,2024-05-13T12:12:00.0000000Z
u0006325,dora_babic6325,Dora Babic,2024-10-28T03:37:00.0000000Z
u0006326,ivan_juric6326,Ivan Juric,2025-01-08T23:05:00.0000000Z
u0006327,luka_vidovic6327,Luka Vidovic,2025-03-24T17:09:00.0000000Z
u0006328,lana_kolar6328,Lana Kolar,2025-08-10T08:23:00.0000000Z
u0006329,filip_curic6329,Filip Curic,2025-09-11T04:36:00.0000000Z
u0006330,dora_knezevic6330,Dora Knezevic,2024-04-10T07:48:00.0000000Z
u0006331,dario_zoric6331,Dario Zoric,2024-06-22T20:51:00.0000000Z
u0006332,nika_zoric6332,Nika Zoric,2024-01-21T18:34:00.0000000Z
u0006333,petra_kolar6333,Petra Kolar,2025-04-20T15:10:00.0000000Z
u0006334,toni_matic6334,Toni Matic,2024-01-04T18:54:00.0000000Z
u0006335,filip_kovacevic6335,Filip Kovacevic,2024-11-15T14:48:00.0000000Z
u0006336,dario_barisic6336,Dario Barisic,2025-08-26T20:40:00.0000000Z
u0006337,bruno_sever6337,Bruno Sever,2024-10-29T20:09:00.0000000Z
u0006338,luka_juric6338,Luka Juric,2025-04-28T00:55:00.0000000Z
u0006339,dario_juric6339,Dario Juric,2025-09-15T22:12:00.0000000Z
u0006340,nika_pavlovic6340,Nika Pavlovic,2024-12-09T11:47:00.0000000Z
u0006341,karlo_horvat6341,Karlo Horvat,2024-02-16T15:27:00.0000000Z
u0006342,nika_pavlovic6342,Nika Pavlovic,2024-04-30T09:28:00.0000000Z
u0006343,leon_vukovic6343,Leon Vukovic,2024-09-28T15:34:00.0000000Z
u0006344,mia_curic6344,Mia Curic,2025-02-15T05:19:00.0000000Z
u0006345,ines_pavlovic6345,Ines Pavlovic,2024-09-26T00:11:00.0000000Z
u0006346,toni_maric6346,Toni Maric,2024-10-17T05:26:00.0000000Z
u0006347,mia_vidovic6347,Mia Vidovic,2024-01-25T05:56:00.0000000Z
u0006348,ana_juric6348,Ana Juric,2024-12-09T21:51:00.0000000Z
u0006349,bruno_juric6349,Bruno Juric,2024-12-19T07:30:00.0000000Z
u0006350,nika_kovac6350,Nika Kovac,2024-12-24T08:18:00.0000000Z
u0006351,petra_simic6351,Petra Simic,2024-03-26T08:14:00.0000000Z
u0006352,petra_zoric6352,Petra Zoric,2024-11-11T10:47:00.0000000Z
u0006353,leon_zoric6353,Leon Zoric,2025-05-15T23:40:00.0000000Z
u0006354,ema_simic6354,Ema Simic,2025-01-09T06:38:00.0000000Z
u0006355,lana_vukovic6355,Lana Vukovic,2024-02-06T22:56:00.0000000Z
u0006356,ines_vukovic6356,Ines Vukovic,2025-04-25T00:52:00.0000000Z
u0006357,ema_curic6357,Ema Curic,2024-03-30T01:39:00.0000000Z
u0006358,lana_novak6358,Lana Novak,2025-07-26T01:19:00.0000000Z
u0006359,josip_vidovic6359,Josip Vidovic,2025-07-12T22:11:00.0000000Z
u0006360,nika_vidovic6360,Nika Vidovic,2024-10-10T22:54:00.0000000Z
u0006361,sara_vukovic6361,Sara Vukovic,2024-08-20T14:09:00.0000000Z
u0006362,ines_novak6362,Ines Novak,2024-08-20T12:56:00.0000000Z
u0006363,josip_perkovic6363,Josip Perkovic,2025-09-21T10:43:00.0000000Z
u0006364,leon_perkovic6364,Leon Perkovic,2024-09-29T22:32:00.0000000Z
u0006365,bruno_kovac6365,Bruno Kovac,2024-07-08T15:08:00.0000000Z
u0006366,dario_simic6366,Dario Simic,2025-10-13T21:45:00.0000000Z
u0006367,josip_barisic6367,Josip Barisic,2025-10-03T23:30:00.0000000Z
u0006368,karlo_juric6368,Karlo Juric,2024-04-23T07:06:00.0000000Z
u0006369,mia_kolar6369,Mia Kolar,2024-09-27T06:10:00.0000000Z
u0006370,filip_kolar6370,Filip Kolar,2025-11-23T15:35:00.0000000Z
u0006371,sara_kovacevic6371,Sara Kovacevic,2025-11-18T16:23:00.0000000Z
u0006372,ema_simic6372,Ema Simic,2024-05-24T17:54:00.0000000Z
u0006373,petra_simic6373,Petra Simic,2024-04-20T04:42:00.0000000Z
u0006374,bruno_knezevic6374,Bruno Knezevic,2025-05-26T19:53:00.0000000Z
u0006375,iva_vukovic6375,Iva Vukovic,2024-06-25T19:35:00.0000000Z
u0006376,bruno_kolar6376,Bruno Kolar,2024-03-30T23:19:00.0000000Z
u0006377,dario_curic6377,Dario Curic,2024-07-04T07:49:00.0000000Z
u0006378,ines_maric6378,Ines Maric,2025-12-06T18:25:00.0000000Z
u0006379,dario_barisic6379,Dario Barisic,2024-03-03T00:13:00.0000000Z
u0006380,petra_radic6380,Petra Radic,2024-12-26T09:05:00.0000000Z
u0006381,leon_babic6381,Leon Babic,2025-11-14T06:59:00.0000000Z
u0006382,leon_juric6382,Leon Juric,2024-08-21T08:56:00.0000000Z
u0006383,josip_knezevic6383,Josip Knezevic,2025-01-01T08:52:00.0000000Z
u0006384,ivan_kovacevic6384,Ivan Kovacevic,2025-12-25T04:59:00.0000000Z
u0006385,bruno_perkovic6385,Bruno Perkovic,2024-12-06T03:04:00.0000000Z
u0006386,petra_horvat6386,Petra Horvat,2025-11-07T07:52:00.0000000Z
u0006387,leon_pavlovic6387,Leon Pavlovic,2025-12-09T16:35:00.0000000Z
u0006388,luka_vidovic6388,Luka Vidovic,2025-08-26T15:00:00.0000000Z
u0006389,sara_zoric6389,Sara Zoric,2024-05-08T15:09:00.0000000Z
u0006390,dora_zoric6390,Dora Zoric,2025-06-22T08:02:00.0000000Z
u0006391,marko_horvat6391,Marko Horvat,2024-02-14T21:14:00.0000000Z
u0006392,sara_zoric6392,Sara Zoric,2024-08-01T03:34:00.0000000Z
u0006393,iva_barisic6393,Iva Barisic,2024-03-04T10:31:00.0000000Z
u0006394,leon_kovacevic6394,Leon Kovacevic,2024-08-30T06:00:00.0000000Z
u0006395,toni_matic6395,Toni Matic,2025-03-06T23:43:00.0000000Z
u0006396,ema_babic6396,Ema Babic,2024-12-19T05:47:00.0000000Z
u0006397,dario_kovacevic6397,Dario Kovacevic,2025-08-24T02:50:00.0000000Z
u0006398,petra_juric6398,Petra Juric,2025-10-12T21:04:00.0000000Z
u0006399,dario_kolar6399,Dario Kolar,2024-08-09T17:26:00.0000000Z
u0006400,marko_novak6400,Marko Novak,2024-12-13T12:37:00.0000000Z
u0006401,marko_matic6401,Marko Matic,2025-04-02T03:36:00.0000000Z
u0006402,iva_curic6402,Iva Curic,2024-08-03T21:21:00.0000000Z
u0006403,leon_kovac6403,Leon Kovac,2025-10-22T09:38:00.0000000Z
u0006404,petra_knezevic6404,Petra Knezevic,2024-04-18T21:28:00.0000000Z
u0006405,karlo_sever6405,Karlo Sever,2024-08-10T06:33:00.0000000Z
u0006406,toni_pavlovic6406,Toni Pavlovic,2024-09-10T07:46:00.0000000Z
u0006407,luka_knezevic6407,Luka Knezevic,2025-04-29T04:48:00.0000000Z
u0006408,sara_matic6408,Sara Matic,2024-11-29T05:36:00.0000000Z
u0006409,leon_sever6409,Leon Sever,2025-07-23T13:56:00.0000000Z
u0006410,petra_babic6410,Petra Babic,2024-03-01T03:20:00.0000000Z
u0006411,dora_perkovic6411,Dora Perkovic,2025-04-29T07:37:00.0000000Z
u0006412,toni_zoric6412,Toni Zoric,2025-09-19T12:47:00.0000000Z
u0006413,bruno_barisic6413,Bruno Barisic,2025-01-10T09:23:00.0000000Z
u0006414,ema_kovacevic6414,Ema Kovacevic,2024-02-03T09:55:00.0000000Z
u0006415,nika_kovacevic6415,Nika Kovacevic,2025-11-01T05:02:00.0000000Z
u0006416,sara_kovacevic6416,Sara Kovacevic,2024-07-08T18:38:00.0000000Z
u0006417,nika_barisic6417,Nika Barisic,2024-02-25T07:30:00.0000000Z
u0006418,dora_barisic6418,Dora Barisic,2025-07-27T06:28:00.0000000Z
u0006419,karlo_matic6419,Karlo Matic,2025-12-18T01:33:00.0000000Z
u0006420,petra_barisic6420,Petra Barisic,2025-12-26T02:14:00.0000000Z
u0006421,dario_zoric6421,Dario Zoric,2025-11-24T18:20:00.0000000Z
u0006422,karlo_maric6422,Karlo Maric,2025-07-06T17:48:00.0000000Z
u0006423,lana_novak6423,Lana Novak,2024-06-03T08:00:00.0000000Z
u0006424,josip_curic6424,Josip Curic,2025-07-15T02:48:00.0000000Z
u0006425,karlo_curic6425,Karlo Curic,2024-03-15T09:50:00.0000000Z
u0006426,toni_babic6426,Toni Babic,2024-04-17T14:45:00.0000000Z
u0006427,dario_novak6427,Dario Novak,2025-04-09T06:17:00.0000000Z
u0006428,dario_simic6428,Dario Simic,2024-07-01T21:11:00.0000000Z
u0006429,ana_horvat6429,Ana Horvat,2025-07-25T20:13:00.0000000Z
u0006430,ines_zoric6430,Ines Zoric,2024-08-27T08:26:00.0000000Z
u0006431,ines_radic6431,Ines Radic,2024-01-05T17:57:00.0000000Z
u0006432,dario_zoric6432,Dario Zoric,2025-02-20T11:29:00.0000000Z
u0006433,ivan_zoric6433,Ivan Zoric,2024-04-13T02:30:00.0000000Z
u0006434,petra_maric6434,Petra Maric,2024-03-06T19:35:00.0000000Z
u0006435,ana_babic6435,Ana Babic,2025-11-24T21:42:00.0000000Z
u0006436,filip_babic6436,Filip Babic,2025-11-10T11:46:00.0000000Z
u0006437,sara_maric6437,Sara Maric,2024-09-03T19:13:00.0000000Z
u0006438,karlo_pavlovic6438,Karlo Pavlovic,2025-03-21T19:47:00.0000000Z
u0006439,mia_sever6439,Mia Sever,2024-05-09T21:55:00.0000000Z
u0006440,sara_vidovic6440,Sara Vidovic,2024-04-22T12:53:00.0000000Z
u0006441,dora_pavlovic6441,Dora Pavlovic,2024-11-10T09:20:00.0000000Z
u0006442,ines_simic6442,Ines Simic,2024-10-17T03:48:00.0000000Z
u0006443,iva_kovacevic6443,Iva Kovacevic,2024-04-28T17:58:00.0000000Z
u0006444,dario_radic6444,Dario Radic,2024-09-16T23:21:00.0000000Z
u0006445,ana_vukovic6445,Ana Vukovic,2024-02-07T08:21:00.0000000Z
u0006446,dario_matic6446,Dario Matic,2024-11-17T12:54:00.0000000Z
u0006447,ema_perkovic6447,Ema Perkovic,2025-10-24T13:10:00.0000000Z
u0006448,ines_maric6448,Ines Maric,2025-03-16T01:09:00.0000000Z
u0006449,dora_horvat6449,Dora Horvat,2025-10-22T06:57:00.0000000Z
u0006450,mia_maric6450,Mia Maric,2025-07-26T06:48:00.0000000Z
u0006451,mia_vukovic6451,Mia Vukovic,2025-11-18T03:22:00.0000000Z
u0006452,dora_maric6452,Dora Maric,2025-02-28T02:46:00.0000000Z
u0006453,sara_maric6453,Sara Maric,2025-02-23T14:12:00.0000000Z
u0006454,nika_radic6454,Nika Radic,2025-08-15T20:02:00.0000000Z
u0006455,iva_maric6455,Iva Maric,2025-05-06T09:37:00.0000000Z
u0006456,dora_vidovic6456,Dora Vidovic,2024-07-04T08:06:00.0000000Z
u0006457,nika_vidovic6457,Nika Vidovic,2025-01-17T03:28:00.0000000Z
u0006458,bruno_vukovic6458,Bruno Vukovic,2024-03-25T19:22:00.0000000Z
u0006459,luka_babic6459,Luka Babic,2024-10-28T08:11:00.0000000Z
u0006460,karlo_barisic6460,Karlo Barisic,2025-01-18T06:06:00.0000000Z
u0006461,lana_vukovic6461,Lana Vukovic,2024-04-18T04:03:00.0000000Z
u0006462,mia_babic6462,Mia Babic,2024-04-02T08:52:00.0000000Z
u0006463,josip_horvat6463,Josip Horvat,2024-05-18T23:39:00.0000000Z
u0006464,lana_barisic6464,Lana Barisic,2024-08-11T21:36:00.0000000Z
u0006465,ines_kolar6465,Ines Kolar,2024-04-22T19:13:00.0000000Z
u0006466,ivan_kovac6466,Ivan Kovac,2024-02-01T06:14:00.0000000Z
u0006467,leon_horvat6467,Leon Horvat,2024-06-05T01:53:00.0000000Z
u0006468,sara_vidovic6468,Sara Vidovic,2024-09-14T01:56:00.0000000Z
u0006469,ema_perkovic6469,Ema Perkovic,2025-12-27T20:46:00.0000000Z
u0006470,karlo_kolar6470,Karlo Kolar,2024-02-18T00:31:00.0000000Z
u0006471,petra_vidovic6471,Petra Vidovic,2024-07-17T00:40:00.0000000Z
u0006472,ana_kovac6472,Ana Kovac,2024-05-10T09:13:00.0000000Z
u0006473,sara_vukovic6473,Sara Vukovic,2024-01-10T13:31:00.0000000Z
u0006474,dario_simic6474,Dario Simic,2025-08-13T23:52:00.0000000Z
u0006475,ivan_kovac6475,Ivan Kovac,2025-11-06T08:48:00.0000000Z
u0006476,luka_barisic6476,Luka Barisic,2025-04-21T16:02:00.0000000Z
u0006477,dora_maric6477,Dora Maric,2024-01-27T22:30:00.0000000Z
u0006478,mia_barisic6478,Mia Barisic,2025-10-08T17:02:00.0000000Z
u0006479,filip_vidovic6479,Filip Vidovic,2025-01-21T23:54:00.0000000Z
u0006480,iva_babic6480,Iva Babic,2024-12-19T04:11:00.0000000Z
u0006481,marko_simic6481,Marko Simic,2024-07-22T08:45:00.0000000Z
u0006482,marko_kovacevic6482,Marko Kovacevic,2024-02-09T22:22:00.0000000Z
u0006483,ana_vidovic6483,Ana Vidovic,2025-05-16T08:34:00.0000000Z
u0006484,dora_knezevic6484,Dora Knezevic,2025-05-22T07:59:00.0000000Z
u0006485,ana_vukovic6485,Ana Vukovic,2024-11-17T17:26:00.0000000Z
u0006486,josip_simic6486,Josip Simic,2025-06-29T04:53:00.0000000Z
u0006487,josip_horvat6487,Josip Horvat,2025-07-25T18:14:00.0000000Z
u0006488,filip_barisic6488,Filip Barisic,2025-03-06T07:19:00.0000000Z
u0006489,ana_zoric6489,Ana Zoric,2025-11-12T09:24:00.0000000Z
u0006490,mia_kolar6490,Mia Kolar,2024-06-07T23:01:00.0000000Z
u0006491,toni_barisic6491,Toni Barisic,2024-07-16T22:49:00.0000000Z
u0006492,dario_knezevic6492,Dario Knezevic,2025-12-14T11:54:00.0000000Z
u0006493,dario_curic6493,Dario Curic,2025-07-28T18:51:00.0000000Z
u0006494,ines_maric6494,Ines Maric,2024-02-10T19:43:00.0000000Z
u0006495,dora_sever6495,Dora Sever,2025-06-09T05:24:00.0000000Z
u0006496,filip_kovacevic6496,Filip Kovacevic,2025-01-11T01:52:00.0000000Z
u0006497,josip_curic6497,Josip Curic,2024-07-05T07:36:00.0000000Z
u0006498,iva_vukovic6498,Iva Vukovic,2024-02-24T10:21:00.0000000Z
u0006499,bruno_zoric6499,Bruno Zoric,2025-06-14T04:07:00.0000000Z
u0006500,sara_kovac6500,Sara Kovac,2025-01-02T18:21:00.0000000Z
u0006501,marko_perkovic6501,Marko Perkovic,2024-02-26T10:41:00.0000000Z
u0006502,lana_kovacevic6502,Lana Kovacevic,2025-02-15T11:16:00.0000000Z
u0006503,josip_radic6503,Josip Radic,2025-12-07T02:08:00.0000000Z
u0006504,lana_barisic6504,Lana Barisic,2025-04-18T05:04:00.0000000Z
u0006505,dora_simic6505,Dora Simic,2025-09-21T12:31:00.0000000Z
u0006506,bruno_vukovic6506,Bruno Vukovic,2025-10-02T17:43:00.0000000Z
u0006507,ines_perkovic6507,Ines Perkovic,2024-11-30T07:23:00.0000000Z
u0006508,josip_curic6508,Josip Curic,2025-08-30T01:41:00.0000000Z
u0006509,dora_barisic6509,Dora Barisic,2024-12-30T04:54:00.0000000Z
u0006510,petra_vidovic6510,Petra Vidovic,2025-04-03T05:15:00.0000000Z
u0006511,ema_vidovic6511,Ema Vidovic,2025-09-07T12:11:00.0000000Z
u0006512,ema_kolar6512,Ema Kolar,2025-01-22T19:39:00.0000000Z
u0006513,dora_matic6513,Dora Matic,2025-04-25T13:25:00.0000000Z
u0006514,petra_curic6514,Petra Curic,2025-09-05T01:52:00.0000000Z
u0006515,dario_sever6515,Dario Sever,2024-01-25T15:18:00.0000000Z
u0006516,toni_vidovic6516,Toni Vidovic,2025-08-16T02:15:00.0000000Z
u0006517,luka_sever6517,Luka Sever,2024-10-27T10:05:00.0000000Z
u0006518,karlo_vidovic6518,Karlo Vidovic,2024-10-25T09:39:00.0000000Z
u0006519,ana_kolar6519,Ana Kolar,2025-06-02T05:13:00.0000000Z
u0006520,luka_radic6520,Luka Radic,2024-12-03T10:24:00.0000000Z
u0006521,ivan_novak6521,Ivan Novak,2025-05-05T08:00:00.0000000Z
u0006522,filip_novak6522,Filip Novak,2024-01-23T21:13:00.0000000Z
u0006523,karlo_perkovic6523,Karlo Perkovic,2025-08-12T09:15:00.0000000Z
u0006524,filip_kolar6524,Filip Kolar,2025-10-03T23:22:00.0000000Z
u0006525,luka_kolar6525,Luka Kolar,2025-07-15T06:06:00.0000000Z
u0006526,toni_barisic6526,Toni Barisic,2025-11-30T13:59:00.0000000Z
u0006527,iva_vukovic6527,Iva Vukovic,2024-01-31T05:19:00.0000000Z
u0006528,sara_sever6528,Sara Sever,2025-09-16T11:57:00.0000000Z
u0006529,luka_knezevic6529,Luka Knezevic,2024-01-17T14:08:00.0000000Z
u0006530,josip_novak6530,Josip Novak,2024-02-03T16:00:00.0000000Z
u0006531,karlo_kolar6531,Karlo Kolar,2025-12-24T03:45:00.0000000Z
u0006532,petra_kovac6532,Petra Kovac,2025-05-19T08:40:00.0000000Z
u0006533,petra_novak6533,Petra Novak,2025-07-15T20:19:00.0000000Z
u0006534,ana_vidovic6534,Ana Vidovic,2024-04-17T23:24:00.0000000Z
u0006535,ana_barisic6535,Ana Barisic,2024-06-12T21:56:00.0000000Z
u0006536,dario_pavlovic6536,Dario Pavlovic,2024-03-17T15:45:00.0000000Z
u0006537,toni_knezevic6537,Toni Knezevic,2025-08-30T21:39:00.0000000Z
u0006538,iva_knezevic6538,Iva Knezevic,2024-04-20T05:14:00.0000000Z
u0006539,josip_vukovic6539,Josip Vukovic,2024-06-26T06:04:00.0000000Z
u0006540,karlo_babic6540,Karlo Babic,2025-08-14T00:20:00.0000000Z
u0006541,ana_vukovic6541,Ana Vukovic,2024-11-15T20:02:00.0000000Z
u0006542,iva_radic6542,Iva Radic,2024-01-12T13:27:00.0000000Z
u0006543,ines_horvat6543,Ines Horvat,2025-03-30T20:00:00.0000000Z
u0006544,ivan_knezevic6544,Ivan Knezevic,2025-04-28T04:56:00.0000000Z
u0006545,petra_zoric6545,Petra Zoric,2025-02-08T03:15:00.0000000Z
u0006546,ines_perkovic6546,Ines Perkovic,2024-03-16T09:38:00.0000000Z
u0006547,toni_perkovic6547,Toni Perkovic,2025-07-18T15:19:00.0000000Z
u0006548,leon_zoric6548,Leon Zoric,2025-08-14T08:02:00.0000000Z
u0006549,luka_kovac6549,Luka Kovac,2024-07-27T01:25:00.0000000Z
u0006550,karlo_zoric6550,Karlo Zoric,2025-06-04T08:02:00.0000000Z
u0006551,josip_vukovic6551,Josip Vukovic,2024-03-03T01:07:00.0000000Z
u0006552,dora_sever6552,Dora Sever,2024-11-10T19:15:00.0000000Z
u0006553,bruno_novak6553,Bruno Novak,2024-09-28T02:33:00.0000000Z
u0006554,luka_pavlovic6554,Luka Pavlovic,2025-03-18T04:46:00.0000000Z
u0006555,lana_simic6555,Lana Simic,2025-12-14T17:48:00.0000000Z
u0006556,petra_simic6556,Petra Simic,2025-04-21T06:18:00.0000000Z
u0006557,nika_radic6557,Nika Radic,2025-05-23T18:05:00.0000000Z
u0006558,marko_maric6558,Marko Maric,2024-11-16T17:16:00.0000000Z
u0006559,ana_kovac6559,Ana Kovac,2025-02-24T15:22:00.0000000Z
u0006560,toni_radic6560,Toni Radic,2024-11-17T03:11:00.0000000Z
u0006561,bruno_horvat6561,Bruno Horvat,2024-06-30T03:21:00.0000000Z
u0006562,leon_pavlovic6562,Leon Pavlovic,2024-03-12T13:49:00.0000000Z
u0006563,nika_novak6563,Nika Novak,2025-08-08T05:17:00.0000000Z
u0006564,marko_maric6564,Marko Maric,2024-11-15T09:51:00.0000000Z
u0006565,bruno_knezevic6565,Bruno Knezevic,2024-01-30T17:20:00.0000000Z
u0006566,petra_knezevic6566,Petra Knezevic,2024-06-18T16:54:00.0000000Z
u0006567,karlo_horvat6567,Karlo Horvat,2025-01-05T01:40:00.0000000Z
u0006568,toni_novak6568,Toni Novak,2024-06-29T22:46:00.0000000Z
u0006569,ana_kovacevic6569,Ana Kovacevic,2024-05-01T15:46:00.0000000Z
u0006570,toni_curic6570,Toni Curic,2025-10-21T02:19:00.0000000Z
u0006571,ines_kovac6571,Ines Kovac,2025-05-23T00:51:00.0000000Z
u0006572,leon_matic6572,Leon Matic,2025-03-09T18:00:00.0000000Z
u0006573,mia_simic6573,Mia Simic,2025-11-11T11:15:00.0000000Z
u0006574,ines_simic6574,Ines Simic,2024-08-31T23:50:00.0000000Z
u0006575,ines_matic6575,Ines Matic,2024-09-07T20:36:00.0000000Z
u0006576,ema_knezevic6576,Ema Knezevic,2025-07-11T00:30:00.0000000Z
u0006577,mia_barisic6577,Mia Barisic,2025-04-23T06:02:00.0000000Z
u0006578,filip_zoric6578,Filip Zoric,2025-01-03T21:16:00.0000000Z
u0006579,leon_kovac6579,Leon Kovac,2025-08-12T00:34:00.0000000Z
u0006580,ana_barisic6580,Ana Barisic,2024-08-22T12:39:00.0000000Z
u0006581,leon_curic6581,Leon Curic,2024-08-10T10:44:00.0000000Z
u0006582,ines_juric6582,Ines Juric,2024-03-15T11:10:00.0000000Z
u0006583,bruno_vidovic6583,Bruno Vidovic,2025-11-20T09:05:00.0000000Z
u0006584,josip_vidovic6584,Josip Vidovic,2025-09-22T18:53:00.0000000Z
u0006585,filip_sever6585,Filip Sever,2024-11-23T12:44:00.0000000Z
u0006586,petra_zoric6586,Petra Zoric,2025-07-14T02:32:00.0000000Z
u0006587,leon_zoric6587,Leon Zoric,2025-10-19T16:50:00.0000000Z
u0006588,josip_novak6588,Josip Novak,2024-02-10T12:28:00.0000000Z
u0006589,luka_radic6589,Luka Radic,2024-07-27T17:36:00.0000000Z
u0006590,petra_sever6590,Petra Sever,2024-10-04T03:30:00.0000000Z
u0006591,iva_vukovic6591,Iva Vukovic,2025-05-09T09:43:00.0000000Z
u0006592,toni_curic6592,Toni Curic,2025-04-28T16:56:00.0000000Z
u0006593,ana_sever6593,Ana Sever,2024-05-31T13:52:00.0000000Z
u0006594,luka_radic6594,Luka Radic,2025-03-19T05:37:00.0000000Z
u0006595,karlo_sever6595,Karlo Sever,2024-02-12T13:21:00.0000000Z
u0006596,iva_horvat6596,Iva Horvat,2025-09-07T11:30:00.0000000Z
u0006597,ivan_zoric6597,Ivan Zoric,2024-08-18T22:51:00.0000000Z
u0006598,ana_kovac6598,Ana Kovac,2024-04-10T16:20:00.0000000Z
u0006599,josip_radic6599,Josip Radic,2025-05-14T12:03:00.0000000Z
u0006600,luka_perkovic6600,Luka Perkovic,2025-07-05T22:40:00.0000000Z
u0006601,karlo_simic6601,Karlo Simic,2025-08-08T09:52:00.0000000Z
u0006602,nika_perkovic6602,Nika Perkovic,2024-11-26T12:17:00.0000000Z
u0006603,petra_perkovic6603,Petra Perkovic,2024-01-04T04:19:00.0000000Z
u0006604,iva_babic6604,Iva Babic,2025-08-28T20:01:00.0000000Z
u0006605,nika_perkovic6605,Nika Perkovic,2024-06-23T06:28:00.0000000Z
u0006606,ema_simic6606,Ema Simic,2024-08-03T07:18:00.0000000Z
u0006607,dora_matic6607,Dora Matic,2024-12-07T12:36:00.0000000Z
u0006608,josip_babic6608,Josip Babic,2024-06-22T22:08:00.0000000Z
u0006609,ivan_kolar6609,Ivan Kolar,2024-07-09T18:24:00.0000000Z
u0006610,dario_maric6610,Dario Maric,2024-11-02T23:08:00.0000000Z
u0006611,dora_zoric6611,Dora Zoric,2024-08-07T15:22:00.0000000Z
u0006612,lana_knezevic6612,Lana Knezevic,2025-12-06T17:49:00.0000000Z
u0006613,karlo_juric6613,Karlo Juric,2024-08-01T18:42:00.0000000Z
u0006614,toni_pavlovic6614,Toni Pavlovic,2024-09-15T09:46:00.0000000Z
u0006615,karlo_juric6615,Karlo Juric,2025-03-26T10:58:00.0000000Z
u0006616,lana_matic6616,Lana Matic,2024-11-12T09:40:00.0000000Z
u0006617,ines_babic6617,Ines Babic,2025-11-19T06:55:00.0000000Z
u0006618,mia_juric6618,Mia Juric,2024-05-21T21:31:00.0000000Z
u0006619,ema_vukovic6619,Ema Vukovic,2024-10-31T10:20:00.0000000Z
u0006620,nika_radic6620,Nika Radic,2025-10-27T10:30:00.0000000Z
u0006621,petra_pavlovic6621,Petra Pavlovic,2024-12-30T04:15:00.0000000Z
u0006622,nika_vidovic6622,Nika Vidovic,2024-09-21T21:54:00.0000000Z
u0006623,dario_babic6623,Dario Babic,2024-06-22T00:53:00.0000000Z
u0006624,ema_matic6624,Ema Matic,2024-08-29T14:01:00.0000000Z
u0006625,ana_vukovic6625,Ana Vukovic,2025-09-14T07:09:00.0000000Z
u0006626,marko_pavlovic6626,Marko Pavlovic,2025-09-22T06:19:00.0000000Z
u0006627,toni_simic6627,Toni Simic,2024-07-14T10:00:00.0000000Z
u0006628,karlo_pavlovic6628,Karlo Pavlovic,2024-02-16T18:11:00.0000000Z
u0006629,lana_simic6629,Lana Simic,2025-01-20T15:38:00.0000000Z
u0006630,marko_maric6630,Marko Maric,2024-02-08T04:23:00.0000000Z
u0006631,dario_novak6631,Dario Novak,2025-07-03T08:53:00.0000000Z
u0006632,mia_knezevic6632,Mia Knezevic,2025-11-29T10:12:00.0000000Z
u0006633,ines_juric6633,Ines Juric,2024-12-03T21:49:00.0000000Z
u0006634,ema_sever6634,Ema Sever,2024-09-28T11:56:00.0000000Z
u0006635,petra_pavlovic6635,Petra Pavlovic,2025-04-10T17:08:00.0000000Z
u0006636,toni_vukovic6636,Toni Vukovic,2025-09-20T01:07:00.0000000Z
u0006637,filip_maric6637,Filip Maric,2025-07-15T12:31:00.0000000Z
u0006638,nika_curic6638,Nika Curic,2025-11-05T23:06:00.0000000Z
u0006639,toni_vukovic6639,Toni Vukovic,2024-01-06T08:16:00.0000000Z
u0006640,josip_babic6640,Josip Babic,2024-06-08T14:47:00.0000000Z
u0006641,karlo_knezevic6641,Karlo Knezevic,2025-11-20T16:19:00.0000000Z
u0006642,petra_kolar6642,Petra Kolar,2024-06-29T07:24:00.0000000Z
u0006643,nika_pavlovic6643,Nika Pavlovic,2025-12-14T14:52:00.0000000Z
u0006644,ines_juric6644,Ines Juric,2024-09-11T20:56:00.0000000Z
u0006645,josip_vukovic6645,Josip Vukovic,2025-03-28T03:38:00.0000000Z
u0006646,ines_pavlovic6646,Ines Pavlovic,2024-01-10T10:16:00.0000000Z
u0006647,josip_barisic6647,Josip Barisic,2024-05-27T07:57:00.0000000Z
u0006648,sara_zoric6648,Sara Zoric,2025-12-22T21:53:00.0000000Z
u0006649,ema_sever6649,Ema Sever,2024-08-06T07:29:00.0000000Z
u0006650,karlo_kolar6650,Karlo Kolar,2024-02-06T21:59:00.0000000Z
u0006651,leon_knezevic6651,Leon Knezevic,2024-04-18T13:01:00.0000000Z
u0006652,luka_knezevic6652,Luka Knezevic,2025-01-25T11:23:00.0000000Z
u0006653,josip_horvat6653,Josip Horvat,2025-10-22T16:05:00.0000000Z
u0006654,mia_horvat6654,Mia Horvat,2025-07-13T11:47:00.0000000Z
u0006655,ines_knezevic6655,Ines Knezevic,2025-10-30T09:54:00.0000000Z
u0006656,josip_maric6656,Josip Maric,2025-02-24T02:25:00.0000000Z
u0006657,filip_kolar6657,Filip Kolar,2025-06-18T09:13:00.0000000Z
u0006658,dora_horvat6658,Dora Horvat,2024-06-24T13:39:00.0000000Z
u0006659,ana_maric6659,Ana Maric,2025-04-25T07:18:00.0000000Z
u0006660,dora_curic6660,Dora Curic,2025-06-14T01:40:00.0000000Z
u0006661,leon_zoric6661,Leon Zoric,2025-10-06T20:39:00.0000000Z
u0006662,leon_curic6662,Leon Curic,2025-09-04T01:54:00.0000000Z
u0006663,luka_maric6663,Luka Maric,2025-11-22T15:19:00.0000000Z
u0006664,ivan_matic6664,Ivan Matic,2025-03-28T11:40:00.0000000Z
u0006665,marko_horvat6665,Marko Horvat,2025-08-30T11:31:00.0000000Z
u0006666,josip_zoric6666,Josip Zoric,2024-08-20T10:03:00.0000000Z
u0006667,ivan_barisic6667,Ivan Barisic,2025-09-07T07:57:00.0000000Z
u0006668,bruno_radic6668,Bruno Radic,2025-12-23T05:17:00.0000000Z
u0006669,filip_sever6669,Filip Sever,2024-10-27T10:22:00.0000000Z
u0006670,leon_novak6670,Leon Novak,2024-07-03T15:03:00.0000000Z
u0006671,ines_matic6671,Ines Matic,2024-03-21T07:38:00.0000000Z
u0006672,petra_knezevic6672,Petra Knezevic,2024-07-25T16:25:00.0000000Z
u0006673,ines_sever6673,Ines Sever,2024-12-30T22:23:00.0000000Z
u0006674,ivan_novak6674,Ivan Novak,2025-12-28T18:01:00.0000000Z
u0006675,toni_novak6675,Toni Novak,2024-07-22T23:57:00.0000000Z
u0006676,marko_barisic6676,Marko Barisic,2025-12-11T17:44:00.0000000Z
u0006677,josip_simic6677,Josip Simic,2024-10-05T11:27:00.0000000Z
u0006678,filip_barisic6678,Filip Barisic,2024-01-29T04:22:00.0000000Z
u0006679,ines_novak6679,Ines Novak,2024-06-15T05:02:00.0000000Z
u0006680,ines_pavlovic6680,Ines Pavlovic,2025-12-24T15:04:00.0000000Z
u0006681,josip_juric6681,Josip Juric,2025-11-09T01:16:00.0000000Z
u0006682,sara_novak6682,Sara Novak,2025-12-29T01:16:00.0000000Z
u0006683,dario_curic6683,Dario Curic,2025-03-08T05:29:00.0000000Z
u0006684,dario_simic6684,Dario Simic,2025-08-28T10:54:00.0000000Z
u0006685,karlo_sever6685,Karlo Sever,2025-04-14T16:34:00.0000000Z
u0006686,karlo_kovac6686,Karlo Kovac,2024-08-08T11:03:00.0000000Z
u0006687,bruno_novak6687,Bruno Novak,2024-02-20T00:08:00.0000000Z
u0006688,josip_matic6688,Josip Matic,2025-04-16T13:33:00.0000000Z
u0006689,ines_radic6689,Ines Radic,2025-03-05T18:44:00.0000000Z
u0006690,ivan_juric6690,Ivan Juric,2024-06-08T14:57:00.0000000Z
u0006691,ivan_sever6691,Ivan Sever,2024-09-10T13:14:00.0000000Z
u0006692,dario_perkovic6692,Dario Perkovic,2025-11-07T23:08:00.0000000Z
u0006693,ivan_curic6693,Ivan Curic,2024-01-10T15:04:00.0000000Z
u0006694,ema_pavlovic6694,Ema Pavlovic,2025-11-30T00:01:00.0000000Z
u0006695,mia_barisic6695,Mia Barisic,2024-01-22T05:36:00.0000000Z
u0006696,nika_radic6696,Nika Radic,2025-10-09T02:28:00.0000000Z
u0006697,mia_horvat6697,Mia Horvat,2024-04-04T00:53:00.0000000Z
u0006698,leon_maric6698,Leon Maric,2024-10-20T12:53:00.0000000Z
u0006699,leon_sever6699,Leon Sever,2025-08-01T11:20:00.0000000Z
u0006700,ema_vidovic6700,Ema Vidovic,2025-05-04T05:19:00.0000000Z
u0006701,josip_knezevic6701,Josip Knezevic,2025-04-07T07:04:00.0000000Z
u0006702,mia_matic6702,Mia Matic,2025-02-15T05:17:00.0000000Z
u0006703,lana_kovacevic6703,Lana Kovacevic,2024-09-09T11:30:00.0000000Z
u0006704,bruno_zoric6704,Bruno Zoric,2024-04-28T07:08:00.0000000Z
u0006705,ema_knezevic6705,Ema Knezevic,2025-03-16T21:41:00.0000000Z
u0006706,marko_kovac6706,Marko Kovac,2025-04-12T14:09:00.0000000Z
u0006707,toni_kovacevic6707,Toni Kovacevic,2024-01-12T21:16:00.0000000Z
u0006708,bruno_perkovic6708,Bruno Perkovic,2024-07-07T16:54:00.0000000Z
u0006709,ivan_babic6709,Ivan Babic,2025-08-10T13:42:00.0000000Z
u0006710,leon_simic6710,Leon Simic,2025-04-27T17:34:00.0000000Z
u0006711,marko_zoric6711,Marko Zoric,2024-03-21T14:08:00.0000000Z
u0006712,filip_barisic6712,Filip Barisic,2024-04-29T16:44:00.0000000Z
u0006713,filip_horvat6713,Filip Horvat,2024-09-23T23:20:00.0000000Z
u0006714,lana_kovac6714,Lana Kovac,2024-06-03T05:12:00.0000000Z
u0006715,dario_perkovic6715,Dario Perkovic,2024-07-08T06:36:00.0000000Z
u0006716,dora_pavlovic6716,Dora Pavlovic,2025-07-06T03:25:00.0000000Z
u0006717,iva_vidovic6717,Iva Vidovic,2025-11-11T18:31:00.0000000Z
u0006718,petra_perkovic6718,Petra Perkovic,2025-01-02T17:39:00.0000000Z
u0006719,sara_kolar6719,Sara Kolar,2025-07-10T09:20:00.0000000Z
u0006720,mia_juric6720,Mia Juric,2024-09-22T14:18:00.0000000Z
u0006721,iva_radic6721,Iva Radic,2025-06-12T11:58:00.0000000Z
u0006722,sara_simic6722,Sara Simic,2025-12-25T16:09:00.0000000Z
u0006723,ivan_curic6723,Ivan Curic,2025-02-08T14:28:00.0000000Z
u0006724,josip_zoric6724,Josip Zoric,2024-02-05T06:38:00.0000000Z
u0006725,ema_maric6725,Ema Maric,2024-07-01T00:09:00.0000000Z
u0006726,karlo_maric6726,Karlo Maric,2025-12-28T21:04:00.0000000Z
u0006727,dora_babic6727,Dora Babic,2024-12-25T19:24:00.0000000Z
u0006728,ana_babic6728,Ana Babic,2025-07-19T01:34:00.0000000Z
u0006729,bruno_sever6729,Bruno Sever,2024-03-28T01:14:00.0000000Z
u0006730,toni_perkovic6730,Toni Perkovic,2024-05-02T01:52:00.0000000Z
u0006731,josip_curic6731,Josip Curic,2025-06-12T21:17:00.0000000Z
u0006732,ana_kolar6732,Ana Kolar,2025-01-24T05:33:00.0000000Z
u0006733,lana_barisic6733,Lana Barisic,2024-03-12T12:44:00.0000000Z
u0006734,ema_curic6734,Ema Curic,2025-05-19T11:44:00.0000000Z
u0006735,luka_vukovic6735,Luka Vukovic,2024-01-19T07:37:00.0000000Z
u0006736,ines_barisic6736,Ines Barisic,2025-01-10T20:09:00.0000000Z
u0006737,ema_vidovic6737,Ema Vidovic,2025-02-01T12:59:00.0000000Z
u0006738,iva_vukovic6738,Iva Vukovic,2024-04-27T04:06:00.0000000Z
u0006739,ines_kolar6739,Ines Kolar,2024-10-11T12:10:00.0000000Z
u0006740,leon_sever6740,Leon Sever,2025-03-12T15:00:00.0000000Z
u0006741,ines_knezevic6741,Ines Knezevic,2024-07-06T08:34:00.0000000Z
u0006742,mia_horvat6742,Mia Horvat,2025-09-03T04:24:00.0000000Z
u0006743,filip_juric6743,Filip Juric,2024-11-19T22:53:00.0000000Z
u0006744,bruno_kovacevic6744,Bruno Kovacevic,2024-08-11T04:14:00.0000000Z
u0006745,ines_kolar6745,Ines Kolar,2024-05-31T19:35:00.0000000Z
u0006746,karlo_vidovic6746,Karlo Vidovic,2025-07-29T22:54:00.0000000Z
u0006747,bruno_vidovic6747,Bruno Vidovic,2024-03-18T08:16:00.0000000Z
u0006748,toni_vukovic6748,Toni Vukovic,2025-09-05T09:41:00.0000000Z
u0006749,toni_pavlovic6749,Toni Pavlovic,2025-02-22T22:55:00.0000000Z
u0006750,nika_babic6750,Nika Babic,2025-12-29T03:25:00.0000000Z
u0006751,marko_radic6751,Marko Radic,2025-10-19T02:09:00.0000000Z
u0006752,lana_vukovic6752,Lana Vukovic,2024-12-09T04:12:00.0000000Z
u0006753,josip_vidovic6753,Josip Vidovic,2024-08-21T12:40:00.0000000Z
u0006754,petra_simic6754,Petra Simic,2025-03-17T00:34:00.0000000Z
u0006755,ivan_radic6755,Ivan Radic,2025-01-22T17:09:00.0000000Z
u0006756,luka_barisic6756,Luka Barisic,2025-04-14T08:00:00.0000000Z
u0006757,dora_kovac6757,Dora Kovac,2025-09-22T07:58:00.0000000Z
u0006758,toni_novak6758,Toni Novak,2024-03-22T07:43:00.0000000Z
u0006759,lana_juric6759,Lana Juric,2024-03-08T17:33:00.0000000Z
u0006760,josip_zoric6760,Josip Zoric,2024-10-20T02:25:00.0000000Z
u0006761,ema_zoric6761,Ema Zoric,2024-04-13T15:37:00.0000000Z
u0006762,josip_simic6762,Josip Simic,2025-07-23T16:00:00.0000000Z
u0006763,josip_vukovic6763,Josip Vukovic,2024-09-04T20:18:00.0000000Z
u0006764,bruno_vukovic6764,Bruno Vukovic,2024-01-23T20:59:00.0000000Z
u0006765,lana_simic6765,Lana Simic,2024-07-26T08:37:00.0000000Z
u0006766,dario_radic6766,Dario Radic,2025-08-17T04:03:00.0000000Z
u0006767,filip_vukovic6767,Filip Vukovic,2025-07-16T15:12:00.0000000Z
u0006768,leon_pavlovic6768,Leon Pavlovic,2024-02-15T02:56:00.0000000Z
u0006769,marko_radic6769,Marko Radic,2024-09-02T14:22:00.0000000Z
u0006770,iva_horvat6770,Iva Horvat,2024-03-31T13:43:00.0000000Z
u0006771,mia_horvat6771,Mia Horvat,2024-02-07T00:37:00.0000000Z
u0006772,leon_curic6772,Leon Curic,2025-08-07T10:23:00.0000000Z
u0006773,lana_pavlovic6773,Lana Pavlovic,2025-12-05T21:42:00.0000000Z
u0006774,iva_vidovic6774,Iva Vidovic,2024-12-06T17:19:00.0000000Z
u0006775,filip_novak6775,Filip Novak,2025-05-27T06:42:00.0000000Z
u0006776,karlo_babic6776,Karlo Babic,2025-04-12T01:41:00.0000000Z
u0006777,karlo_sever6777,Karlo Sever,2025-06-21T01:59:00.0000000Z
u0006778,ema_babic6778,Ema Babic,2024-10-04T19:36:00.0000000Z
u0006779,toni_kovacevic6779,Toni Kovacevic,2024-04-18T07:27:00.0000000Z
u0006780,ivan_kovacevic6780,Ivan Kovacevic,2024-01-22T21:03:00.0000000Z
u0006781,josip_pavlovic6781,Josip Pavlovic,2024-10-12T19:36:00.0000000Z
u0006782,luka_vukovic6782,Luka Vukovic,2024-09-12T00:13:00.0000000Z
u0006783,dora_simic6783,Dora Simic,2025-04-09T17:01:00.0000000Z
u0006784,lana_horvat6784,Lana Horvat,2025-10-25T06:02:00.0000000Z
u0006785,karlo_simic6785,Karlo Simic,2025-02-05T21:25:00.0000000Z
u0006786,filip_pavlovic6786,Filip Pavlovic,2024-10-16T15:34:00.0000000Z
u0006787,mia_kovacevic6787,Mia Kovacevic,2024-10-27T01:06:00.0000000Z
u0006788,sara_sever6788,Sara Sever,2024-01-13T15:58:00.0000000Z
u0006789,mia_kovac6789,Mia Kovac,2025-10-26T21:55:00.0000000Z
u0006790,sara_juric6790,Sara Juric,2025-03-08T07:08:00.0000000Z
u0006791,sara_vukovic6791,Sara Vukovic,2024-08-16T01:45:00.0000000Z
u0006792,leon_kovacevic6792,Leon Kovacevic,2024-06-06T23:04:00.0000000Z
u0006793,ivan_kovac6793,Ivan Kovac,2025-09-15T12:22:00.0000000Z
u0006794,mia_barisic6794,Mia Barisic,2025-02-28T03:03:00.0000000Z
u0006795,ana_kovacevic6795,Ana Kovacevic,2025-11-25T00:17:00.0000000Z
u0006796,karlo_knezevic6796,Karlo Knezevic,2025-02-04T14:59:00.0000000Z
u0006797,karlo_kovacevic6797,Karlo Kovacevic,2025-05-29T11:22:00.0000000Z
u0006798,iva_kolar6798,Iva Kolar,2024-01-08T15:32:00.0000000Z
u0006799,toni_kolar6799,Toni Kolar,2025-04-23T12:16:00.0000000Z
u0006800,mia_vidovic6800,Mia Vidovic,2024-07-10T07:33:00.0000000Z
u0006801,josip_kovacevic6801,Josip Kovacevic,2024-07-11T00:54:00.0000000Z
u0006802,ana_vidovic6802,Ana Vidovic,2025-04-25T02:28:00.0000000Z
u0006803,nika_curic6803,Nika Curic,2024-07-02T15:51:00.0000000Z
u0006804,filip_novak6804,Filip Novak,2025-01-28T22:04:00.0000000Z
u0006805,dario_horvat6805,Dario Horvat,2024-11-24T17:53:00.0000000Z
u0006806,karlo_perkovic6806,Karlo Perkovic,2025-03-26T18:28:00.0000000Z
u0006807,ivan_simic6807,Ivan Simic,2025-05-02T14:01:00.0000000Z
u0006808,mia_vidovic6808,Mia Vidovic,2025-12-02T09:44:00.0000000Z
u0006809,ines_curic6809,Ines Curic,2025-04-28T03:48:00.0000000Z
u0006810,filip_kovacevic6810,Filip Kovacevic,2025-02-12T10:34:00.0000000Z
u0006811,nika_kolar6811,Nika Kolar,2024-07-09T10:17:00.0000000Z
u0006812,nika_curic6812,Nika Curic,2025-01-29T23:13:00.0000000Z
u0006813,filip_sever6813,Filip Sever,2025-01-09T05:35:00.0000000Z
u0006814,ema_novak6814,Ema Novak,2025-01-13T01:25:00.0000000Z
u0006815,ema_matic6815,Ema Matic,2024-03-12T13:08:00.0000000Z
u0006816,petra_novak6816,Petra Novak,2025-06-04T02:42:00.0000000Z
u0006817,nika_zoric6817,Nika Zoric,2024-02-09T08:55:00.0000000Z
u0006818,ana_kovacevic6818,Ana Kovacevic,2024-07-13T03:03:00.0000000Z
u0006819,nika_kovac6819,Nika Kovac,2024-12-09T08:32:00.0000000Z
u0006820,filip_maric6820,Filip Maric,2025-11-10T08:13:00.0000000Z
u0006821,dora_juric6821,Dora Juric,2025-03-11T00:59:00.0000000Z
u0006822,sara_zoric6822,Sara Zoric,2025-01-20T06:04:00.0000000Z
u0006823,ema_sever6823,Ema Sever,2024-03-09T09:33:00.0000000Z
u0006824,leon_radic6824,Leon Radic,2025-06-20T05:14:00.0000000Z
u0006825,marko_zoric6825,Marko Zoric,2024-08-29T00:07:00.0000000Z
u0006826,petra_kovac6826,Petra Kovac,2024-09-08T06:59:00.0000000Z
u0006827,ines_kolar6827,Ines Kolar,2025-05-19T22:22:00.0000000Z
u0006828,leon_kolar6828,Leon Kolar,2025-01-20T06:48:00.0000000Z
u0006829,dario_radic6829,Dario Radic,2024-10-14T06:08:00.0000000Z
u0006830,dora_sever6830,Dora Sever,2025-09-03T08:50:00.0000000Z
u0006831,ivan_horvat6831,Ivan Horvat,2025-08-08T08:39:00.0000000Z
u0006832,nika_juric6832,Nika Juric,2025-11-14T21:34:00.0000000Z
u0006833,leon_pavlovic6833,Leon Pavlovic,2025-06-11T12:16:00.0000000Z
u0006834,nika_barisic6834,Nika Barisic,2024-07-07T14:18:00.0000000Z
u0006835,toni_perkovic6835,Toni Perkovic,2024-07-21T01:59:00.0000000Z
u0006836,filip_curic6836,Filip Curic,2025-01-24T18:05:00.0000000Z
u0006837,leon_knezevic6837,Leon Knezevic,2024-01-09T11:31:00.0000000Z
u0006838,marko_knezevic6838,Marko Knezevic,2024-11-13T07:39:00.0000000Z
u0006839,luka_horvat6839,Luka Horvat,2025-02-07T05:30:00.0000000Z
u0006840,ivan_maric6840,Ivan Maric,2024-07-01T18:33:00.0000000Z
u0006841,marko_juric6841,Marko Juric,2025-11-26T11:05:00.0000000Z
u0006842,ema_vidovic6842,Ema Vidovic,2024-12-28T08:55:00.0000000Z
u0006843,leon_radic6843,Leon Radic,2024-12-13T18:42:00.0000000Z
u0006844,mia_novak6844,Mia Novak,2024-12-01T13:58:00.0000000Z
u0006845,toni_juric6845,Toni Juric,2025-09-02T04:57:00.0000000Z
u0006846,josip_kovacevic6846,Josip Kovacevic,2024-03-07T09:33:00.0000000Z
u0006847,ema_maric6847,Ema Maric,2025-03-06T12:05:00.0000000Z
u0006848,ines_kovac6848,Ines Kovac,2025-02-08T06:21:00.0000000Z
u0006849,karlo_curic6849,Karlo Curic,2025-02-24T16:24:00.0000000Z
u0006850,mia_kovacevic6850,Mia Kovacevic,2024-07-02T01:35:00.0000000Z
u0006851,mia_barisic6851,Mia Barisic,2024-11-01T14:12:00.0000000Z
u0006852,lana_knezevic6852,Lana Knezevic,2025-03-15T20:56:00.0000000Z
u0006853,filip_vukovic6853,Filip Vukovic,2025-08-15T23:01:00.0000000Z
u0006854,iva_vukovic6854,Iva Vukovic,2024-10-26T13:22:00.0000000Z
u0006855,ivan_radic6855,Ivan Radic,2024-06-06T16:45:00.0000000Z
u0006856,nika_radic6856,Nika Radic,2024-04-17T05:03:00.0000000Z
u0006857,nika_vidovic6857,Nika Vidovic,2025-06-06T13:36:00.0000000Z
u0006858,lana_vidovic6858,Lana Vidovic,2024-01-01T05:40:00.0000000Z
u0006859,sara_juric6859,Sara Juric,2024-06-13T00:17:00.0000000Z
u0006860,mia_knezevic6860,Mia Knezevic,2025-10-14T14:50:00.0000000Z
u0006861,leon_simic6861,Leon Simic,2024-05-11T04:01:00.0000000Z
u0006862,luka_horvat6862,Luka Horvat,2024-09-30T05:55:00.0000000Z
u0006863,ana_babic6863,Ana Babic,2025-09-17T06:23:00.0000000Z
u0006864,luka_babic6864,Luka Babic,2025-12-07T15:29:00.0000000Z
u0006865,ema_matic6865,Ema Matic,2025-08-06T14:53:00.0000000Z
u0006866,petra_vidovic6866,Petra Vidovic,2025-01-12T03:53:00.0000000Z
u0006867,filip_juric6867,Filip Juric,2024-11-17T06:17:00.0000000Z
u0006868,josip_zoric6868,Josip Zoric,2025-01-27T09:42:00.0000000Z
u0006869,dario_curic6869,Dario Curic,2024-01-27T16:53:00.0000000Z
u0006870,josip_vidovic6870,Josip Vidovic,2024-04-27T19:14:00.0000000Z
u0006871,mia_curic6871,Mia Curic,2025-11-11T13:04:00.0000000Z
u0006872,leon_barisic6872,Leon Barisic,2025-08-22T11:28:00.0000000Z
u0006873,luka_vidovic6873,Luka Vidovic,2025-01-24T13:54:00.0000000Z
u0006874,karlo_radic6874,Karlo Radic,2024-09-16T05:50:00.0000000Z
u0006875,ema_vukovic6875,Ema Vukovic,2025-05-09T20:56:00.0000000Z
u0006876,bruno_maric6876,Bruno Maric,2024-09-10T01:34:00.0000000Z
u0006877,luka_matic6877,Luka Matic,2024-12-10T23:13:00.0000000Z
u0006878,bruno_kovac6878,Bruno Kovac,2024-04-24T03:36:00.0000000Z
u0006879,lana_matic6879,Lana Matic,2025-08-04T21:17:00.0000000Z
u0006880,toni_perkovic6880,Toni Perkovic,2024-03-03T14:22:00.0000000Z
u0006881,filip_pavlovic6881,Filip Pavlovic,2024-09-03T13:45:00.0000000Z
u0006882,sara_barisic6882,Sara Barisic,2024-06-10T06:21:00.0000000Z
u0006883,ana_vukovic6883,Ana Vukovic,2025-03-21T11:13:00.0000000Z
u0006884,dora_curic6884,Dora Curic,2025-12-09T06:23:00.0000000Z
u0006885,dora_matic6885,Dora Matic,2025-07-11T01:59:00.0000000Z
u0006886,ivan_babic6886,Ivan Babic,2024-10-21T03:38:00.0000000Z
u0006887,ines_zoric6887,Ines Zoric,2025-06-24T10:42:00.0000000Z
u0006888,sara_novak6888,Sara Novak,2024-08-29T03:28:00.0000000Z
u0006889,sara_perkovic6889,Sara Perkovic,2025-09-09T07:21:00.0000000Z
u0006890,iva_matic6890,Iva Matic,2024-09-26T19:22:00.0000000Z
u0006891,ana_simic6891,Ana Simic,2024-04-13T01:08:00.0000000Z
u0006892,josip_radic6892,Josip Radic,2025-10-10T06:32:00.0000000Z
u0006893,ana_simic6893,Ana Simic,2025-01-07T07:16:00.0000000Z
u0006894,lana_kolar6894,Lana Kolar,2025-08-23T07:02:00.0000000Z
u0006895,bruno_novak6895,Bruno Novak,2025-01-23T18:24:00.0000000Z
u0006896,dario_kolar6896,Dario Kolar,2025-02-16T12:23:00.0000000Z
u0006897,mia_vukovic6897,Mia Vukovic,2024-09-13T16:29:00.0000000Z
u0006898,mia_zoric6898,Mia Zoric,2025-10-21T15:16:00.0000000Z
u0006899,filip_pavlovic6899,Filip Pavlovic,2024-10-22T21:28:00.0000000Z
u0006900,ana_horvat6900,Ana Horvat,2024-05-15T11:07:00.0000000Z
u0006901,mia_juric6901,Mia Juric,2025-10-16T02:43:00.0000000Z
u0006902,luka_sever6902,Luka Sever,2024-09-19T22:18:00.0000000Z
u0006903,karlo_radic6903,Karlo Radic,2025-12-25T04:54:00.0000000Z
u0006904,ines_kovac6904,Ines Kovac,2025-02-01T01:10:00.0000000Z
u0006905,ines_knezevic6905,Ines Knezevic,2024-02-24T18:09:00.0000000Z
u0006906,leon_sever6906,Leon Sever,2025-12-27T06:24:00.0000000Z
u0006907,iva_maric6907,Iva Maric,2025-11-20T17:50:00.0000000Z
u0006908,ema_vukovic6908,Ema Vukovic,2024-03-10T15:32:00.0000000Z
u0006909,ana_pavlovic6909,Ana Pavlovic,2025-08-11T09:30:00.0000000Z
u0006910,luka_babic6910,Luka Babic,2025-09-17T00:07:00.0000000Z
u0006911,lana_horvat6911,Lana Horvat,2025-03-05T20:23:00.0000000Z
u0006912,filip_kovac6912,Filip Kovac,2024-11-26T02:43:00.0000000Z
u0006913,leon_matic6913,Leon Matic,2024-07-14T22:08:00.0000000Z
u0006914,petra_perkovic6914,Petra Perkovic,2024-05-18T15:57:00.0000000Z
u0006915,nika_radic6915,Nika Radic,2024-08-07T23:42:00.0000000Z
u0006916,karlo_radic6916,Karlo Radic,2024-10-04T07:21:00.0000000Z
u0006917,karlo_knezevic6917,Karlo Knezevic,2025-05-21T20:43:00.0000000Z
u0006918,josip_novak6918,Josip Novak,2025-08-21T11:55:00.0000000Z
u0006919,luka_kovac6919,Luka Kovac,2025-10-02T09:08:00.0000000Z
u0006920,karlo_novak6920,Karlo Novak,2024-08-24T16:40:00.0000000Z
u0006921,nika_simic6921,Nika Simic,2024-11-11T18:35:00.0000000Z
u0006922,marko_vukovic6922,Marko Vukovic,2024-02-12T02:33:00.0000000Z
u0006923,dora_simic6923,Dora Simic,2024-08-22T06:34:00.0000000Z
u0006924,toni_sever6924,Toni Sever,2024-11-30T02:29:00.0000000Z
u0006925,bruno_pavlovic6925,Bruno Pavlovic,2025-01-09T15:37:00.0000000Z
u0006926,iva_kolar6926,Iva Kolar,2025-09-23T01:38:00.0000000Z
u0006927,iva_novak6927,Iva Novak,2024-04-03T23:15:00.0000000Z
u0006928,josip_knezevic6928,Josip Knezevic,2025-05-07T19:50:00.0000000Z
u0006929,petra_kovac6929,Petra Kovac,2025-08-07T04:36:00.0000000Z
u0006930,iva_kovac6930,Iva Kovac,2025-12-21T11:33:00.0000000Z
u0006931,nika_babic6931,Nika Babic,2024-07-18T09:30:00.0000000Z
u0006932,leon_pavlovic6932,Leon Pavlovic,2024-02-29T16:12:00.0000000Z
u0006933,iva_knezevic6933,Iva Knezevic,2024-04-01T19:48:00.0000000Z
u0006934,luka_barisic6934,Luka Barisic,2025-11-11T21:04:00.0000000Z
u0006935,ivan_novak6935,Ivan Novak,2024-11-14T00:41:00.0000000Z
u0006936,luka_perkovic6936,Luka Perkovic,2025-03-02T12:14:00.0000000Z
u0006937,filip_matic6937,Filip Matic,2024-10-09T16:33:00.0000000Z
u0006938,ana_horvat6938,Ana Horvat,2024-01-10T01:25:00.0000000Z
u0006939,petra_babic6939,Petra Babic,2024-05-13T06:35:00.0000000Z
u0006940,iva_sever6940,Iva Sever,2024-08-21T16:22:00.0000000Z
u0006941,ema_maric6941,Ema Maric,2024-12-19T21:21:00.0000000Z
u0006942,filip_horvat6942,Filip Horvat,2025-09-24T06:11:00.0000000Z
u0006943,petra_zoric6943,Petra Zoric,2024-01-06T05:38:00.0000000Z
u0006944,josip_sever6944,Josip Sever,2024-07-16T08:46:00.0000000Z
u0006945,bruno_simic6945,Bruno Simic,2024-09-18T01:01:00.0000000Z
u0006946,petra_vukovic6946,Petra Vukovic,2024-05-28T07:06:00.0000000Z
u0006947,luka_curic6947,Luka Curic,2024-10-10T11:10:00.0000000Z
u0006948,luka_matic6948,Luka Matic,2025-03-12T11:26:00.0000000Z
u0006949,nika_simic6949,Nika Simic,2024-03-27T21:48:00.0000000Z
u0006950,ema_kolar6950,Ema Kolar,2024-12-23T20:39:00.0000000Z
u0006951,ines_sever6951,Ines Sever,2024-12-04T01:19:00.0000000Z
u0006952,karlo_sever6952,Karlo Sever,2025-05-01T14:14:00.0000000Z
u0006953,josip_kolar6953,Josip Kolar,2024-04-25T07:48:00.0000000Z
u0006954,nika_kovac6954,Nika Kovac,2025-10-20T04:01:00.0000000Z
u0006955,nika_barisic6955,Nika Barisic,2024-12-22T10:54:00.0000000Z
u0006956,marko_juric6956,Marko Juric,2024-11-29T00:40:00.0000000Z
u0006957,sara_sever6957,Sara Sever,2025-07-09T09:17:00.0000000Z
u0006958,dora_radic6958,Dora Radic,2024-02-05T16:12:00.0000000Z
u0006959,leon_horvat6959,Leon Horvat,2025-06-12T08:07:00.0000000Z
u0006960,ines_kolar6960,Ines Kolar,2024-12-20T11:46:00.0000000Z
u0006961,bruno_curic6961,Bruno Curic,2024-01-25T14:45:00.0000000Z
u0006962,dario_radic6962,Dario Radic,2025-12-29T05:52:00.0000000Z
u0006963,karlo_curic6963,Karlo Curic,2025-02-15T19:27:00.0000000Z
u0006964,sara_kolar6964,Sara Kolar,2025-04-13T19:36:00.0000000Z
u0006965,ana_perkovic6965,Ana Perkovic,2025-09-29T07:54:00.0000000Z
u0006966,lana_pavlovic6966,Lana Pavlovic,2025-03-04T15:17:00.0000000Z
u0006967,marko_matic6967,Marko Matic,2024-07-29T08:24:00.0000000Z
u0006968,sara_pavlovic6968,Sara Pavlovic,2025-06-30T20:49:00.0000000Z
u0006969,bruno_curic6969,Bruno Curic,2024-12-17T19:03:00.0000000Z
u0006970,josip_barisic6970,Josip Barisic,2025-11-20T17:39:00.0000000Z
u0006971,leon_simic6971,Leon Simic,2025-12-24T05:44:00.0000000Z
u0006972,sara_vidovic6972,Sara Vidovic,2024-04-03T16:21:00.0000000Z
u0006973,ines_kovac6973,Ines Kovac,2024-09-07T07:04:00.0000000Z
u0006974,lana_kovacevic6974,Lana Kovacevic,2024-09-05T23:15:00.0000000Z
u0006975,ines_sever6975,Ines Sever,2024-07-02T12:44:00.0000000Z
u0006976,marko_curic6976,Marko Curic,2025-09-11T02:54:00.0000000Z
u0006977,petra_knezevic6977,Petra Knezevic,2024-10-20T19:48:00.0000000Z
u0006978,marko_zoric6978,Marko Zoric,2024-07-02T12:48:00.0000000Z
u0006979,petra_kovac6979,Petra Kovac,2024-08-20T01:12:00.0000000Z
u0006980,ema_zoric6980,Ema Zoric,2025-03-23T03:40:00.0000000Z
u0006981,dario_vukovic6981,Dario Vukovic,2024-02-13T04:11:00.0000000Z
u0006982,toni_kolar6982,Toni Kolar,2024-05-16T12:41:00.0000000Z
u0006983,sara_vukovic6983,Sara Vukovic,2025-09-10T14:33:00.0000000Z
u0006984,bruno_pavlovic6984,Bruno Pavlovic,2025-02-26T12:07:00.0000000Z
u0006985,luka_pavlovic6985,Luka Pavlovic,2024-05-06T10:52:00.0000000Z
u0006986,leon_zoric6986,Leon Zoric,2025-04-13T18:03:00.0000000Z
u0006987,lana_pavlovic6987,Lana Pavlovic,2025-12-20T09:55:00.0000000Z
u0006988,toni_novak6988,Toni Novak,2024-11-09T00:10:00.0000000Z
u0006989,dario_vidovic6989,Dario Vidovic,2025-07-26T04:24:00.0000000Z
u0006990,bruno_matic6990,Bruno Matic,2025-06-22T22:51:00.0000000Z
u0006991,karlo_simic6991,Karlo Simic,2024-07-18T00:02:00.0000000Z
u0006992,bruno_sever6992,Bruno Sever,2025-10-31T02:00:00.0000000Z
u0006993,ema_juric6993,Ema Juric,2024-06-06T08:56:00.0000000Z
u0006994,ivan_matic6994,Ivan Matic,2025-02-13T20:55:00.0000000Z
u0006995,ana_knezevic6995,Ana Knezevic,2025-08-26T04:08:00.0000000Z
u0006996,karlo_barisic6996,Karlo Barisic,2024-04-25T13:52:00.0000000Z
u0006997,ivan_juric6997,Ivan Juric,2024-08-16T19:19:00.0000000Z
u0006998,sara_zoric6998,Sara Zoric,2024-05-08T23:54:00.0000000Z
u0006999,toni_barisic6999,Toni Barisic,2024-04-22T21:30:00.0000000Z
u0007000,toni_kovac7000,Toni Kovac,2025-11-18T15:24:00.0000000Z
u0007001,josip_curic7001,Josip Curic,2025-10-17T10:37:00.0000000Z
u0007002,marko_curic7002,Marko Curic,2024-01-26T22:33:00.0000000Z
u0007003,filip_radic7003,Filip Radic,2025-04-15T01:17:00.0000000Z
u0007004,ema_perkovic7004,Ema Perkovic,2024-12-29T12:30:00.0000000Z
u0007005,josip_knezevic7005,Josip Knezevic,2024-04-14T21:52:00.0000000Z
u0007006,josip_pavlovic7006,Josip Pavlovic,2025-08-12T08:03:00.0000000Z
u0007007,toni_kolar7007,Toni Kolar,2025-10-29T04:38:00.0000000Z
u0007008,toni_perkovic7008,Toni Perkovic,2024-06-12T22:25:00.0000000Z
u0007009,josip_babic7009,Josip Babic,2025-08-04T09:28:00.0000000Z
u0007010,ivan_babic7010,Ivan Babic,2024-03-08T23:33:00.0000000Z
u0007011,iva_perkovic7011,Iva Perkovic,2024-05-22T23:27:00.0000000Z
u0007012,ema_perkovic7012,Ema Perkovic,2025-02-09T02:52:00.0000000Z
u0007013,sara_barisic7013,Sara Barisic,2024-12-28T16:20:00.0000000Z
u0007014,iva_radic7014,Iva Radic,2024-10-03T03:48:00.0000000Z
u0007015,dario_vidovic7015,Dario Vidovic,2025-03-03T04:09:00.0000000Z
u0007016,karlo_novak7016,Karlo Novak,2024-09-15T01:50:00.0000000Z
u0007017,ana_novak7017,Ana Novak,2024-06-30T14:51:00.0000000Z
u0007018,filip_horvat7018,Filip Horvat,2024-09-18T13:47:00.0000000Z
u0007019,ana_zoric7019,Ana Zoric,2024-07-02T05:55:00.0000000Z
u0007020,sara_perkovic7020,Sara Perkovic,2025-08-06T16:25:00.0000000Z
u0007021,luka_novak7021,Luka Novak,2024-10-26T19:10:00.0000000Z
u0007022,nika_matic7022,Nika Matic,2024-01-10T22:59:00.0000000Z
u0007023,filip_maric7023,Filip Maric,2025-07-17T16:13:00.0000000Z
u0007024,nika_zoric7024,Nika Zoric,2025-06-25T07:08:00.0000000Z
u0007025,filip_vidovic7025,Filip Vidovic,2024-05-26T18:34:00.0000000Z
u0007026,dario_babic7026,Dario Babic,2025-09-04T21:57:00.0000000Z
u0007027,toni_pavlovic7027,Toni Pavlovic,2025-10-08T09:57:00.0000000Z
u0007028,josip_kovac7028,Josip Kovac,2025-10-19T04:54:00.0000000Z
u0007029,karlo_knezevic7029,Karlo Knezevic,2025-03-31T07:06:00.0000000Z
u0007030,karlo_novak7030,Karlo Novak,2025-10-06T22:03:00.0000000Z
u0007031,filip_sever7031,Filip Sever,2024-05-31T08:30:00.0000000Z
u0007032,sara_simic7032,Sara Simic,2024-08-12T07:37:00.0000000Z
u0007033,dora_sever7033,Dora Sever,2024-08-26T12:39:00.0000000Z
u0007034,nika_radic7034,Nika Radic,2024-03-11T06:26:00.0000000Z
u0007035,nika_knezevic7035,Nika Knezevic,2024-11-19T02:01:00.0000000Z
u0007036,dario_horvat7036,Dario Horvat,2024-06-06T17:31:00.0000000Z
u0007037,petra_matic7037,Petra Matic,2025-05-01T15:46:00.0000000Z
u0007038,josip_horvat7038,Josip Horvat,2024-02-24T15:26:00.0000000Z
u0007039,leon_zoric7039,Leon Zoric,2024-04-17T13:50:00.0000000Z
u0007040,dario_kolar7040,Dario Kolar,2024-02-28T13:21:00.0000000Z
u0007041,mia_matic7041,Mia Matic,2025-10-24T08:48:00.0000000Z
u0007042,ines_juric7042,Ines Juric,2025-07-16T04:35:00.0000000Z
u0007043,dario_pavlovic7043,Dario Pavlovic,2024-07-08T21:56:00.0000000Z
u0007044,ines_simic7044,Ines Simic,2024-04-17T15:07:00.0000000Z
u0007045,dario_kovac7045,Dario Kovac,2024-03-11T02:57:00.0000000Z
u0007046,iva_barisic7046,Iva Barisic,2025-03-27T15:05:00.0000000Z
u0007047,lana_kovacevic7047,Lana Kovacevic,2024-10-02T17:18:00.0000000Z
u0007048,josip_perkovic7048,Josip Perkovic,2025-07-03T20:50:00.0000000Z
u0007049,luka_barisic7049,Luka Barisic,2025-11-29T04:11:00.0000000Z
u0007050,marko_zoric7050,Marko Zoric,2025-07-05T11:04:00.0000000Z
u0007051,petra_matic7051,Petra Matic,2024-07-06T17:48:00.0000000Z
u0007052,luka_maric7052,Luka Maric,2024-02-05T14:22:00.0000000Z
u0007053,petra_perkovic7053,Petra Perkovic,2024-04-26T08:59:00.0000000Z
u0007054,sara_sever7054,Sara Sever,2024-11-05T05:54:00.0000000Z
u0007055,dora_juric7055,Dora Juric,2025-11-05T17:43:00.0000000Z
u0007056,dario_barisic7056,Dario Barisic,2025-12-06T04:48:00.0000000Z
u0007057,dora_babic7057,Dora Babic,2025-11-13T07:23:00.0000000Z
u0007058,dario_kovac7058,Dario Kovac,2024-09-26T16:04:00.0000000Z
u0007059,bruno_sever7059,Bruno Sever,2025-07-26T12:56:00.0000000Z
u0007060,petra_perkovic7060,Petra Perkovic,2024-10-13T09:02:00.0000000Z
u0007061,karlo_knezevic7061,Karlo Knezevic,2025-08-28T22:21:00.0000000Z
u0007062,dario_kolar7062,Dario Kolar,2024-03-21T21:49:00.0000000Z
u0007063,ines_juric7063,Ines Juric,2025-10-08T23:50:00.0000000Z
u0007064,ana_pavlovic7064,Ana Pavlovic,2024-05-03T06:36:00.0000000Z
u0007065,lana_zoric7065,Lana Zoric,2024-09-22T15:51:00.0000000Z
u0007066,dora_matic7066,Dora Matic,2024-10-31T06:11:00.0000000Z
u0007067,karlo_perkovic7067,Karlo Perkovic,2025-12-26T14:19:00.0000000Z
u0007068,dora_maric7068,Dora Maric,2025-04-25T14:30:00.0000000Z
u0007069,karlo_pavlovic7069,Karlo Pavlovic,2024-10-22T07:00:00.0000000Z
u0007070,ines_radic7070,Ines Radic,2024-05-25T10:58:00.0000000Z
u0007071,ema_horvat7071,Ema Horvat,2024-01-16T03:32:00.0000000Z
u0007072,iva_barisic7072,Iva Barisic,2025-02-21T03:34:00.0000000Z
u0007073,nika_matic7073,Nika Matic,2025-01-21T15:05:00.0000000Z
u0007074,karlo_pavlovic7074,Karlo Pavlovic,2025-04-06T12:39:00.0000000Z
u0007075,ivan_curic7075,Ivan Curic,2025-01-17T21:03:00.0000000Z
u0007076,iva_kovac7076,Iva Kovac,2024-07-14T05:54:00.0000000Z
u0007077,ana_kolar7077,Ana Kolar,2025-01-22T08:17:00.0000000Z
u0007078,mia_kovacevic7078,Mia Kovacevic,2025-12-12T06:15:00.0000000Z
u0007079,mia_vidovic7079,Mia Vidovic,2024-06-30T00:56:00.0000000Z
u0007080,petra_perkovic7080,Petra Perkovic,2024-03-15T22:07:00.0000000Z
u0007081,bruno_horvat7081,Bruno Horvat,2025-06-11T06:45:00.0000000Z
u0007082,sara_zoric7082,Sara Zoric,2025-02-16T20:13:00.0000000Z
u0007083,marko_perkovic7083,Marko Perkovic,2025-11-07T08:25:00.0000000Z
u0007084,iva_vukovic7084,Iva Vukovic,2024-01-01T09:17:00.0000000Z
u0007085,ines_horvat7085,Ines Horvat,2024-02-20T02:17:00.0000000Z
u0007086,mia_curic7086,Mia Curic,2024-06-11T04:41:00.0000000Z
u0007087,marko_kovac7087,Marko Kovac,2025-02-14T02:22:00.0000000Z
u0007088,marko_barisic7088,Marko Barisic,2025-08-03T18:36:00.0000000Z
u0007089,sara_barisic7089,Sara Barisic,2025-06-02T00:49:00.0000000Z
u0007090,ana_vukovic7090,Ana Vukovic,2024-01-26T20:01:00.0000000Z
u0007091,filip_knezevic7091,Filip Knezevic,2025-07-14T01:33:00.0000000Z
u0007092,josip_babic7092,Josip Babic,2025-04-02T07:46:00.0000000Z
u0007093,leon_vukovic7093,Leon Vukovic,2024-04-18T12:46:00.0000000Z
u0007094,dora_pavlovic7094,Dora Pavlovic,2024-10-02T10:29:00.0000000Z
u0007095,filip_novak7095,Filip Novak,2024-10-10T04:48:00.0000000Z
u0007096,dario_matic7096,Dario Matic,2024-08-14T01:36:00.0000000Z
u0007097,leon_horvat7097,Leon Horvat,2025-10-28T06:33:00.0000000Z
u0007098,ana_horvat7098,Ana Horvat,2025-04-04T04:14:00.0000000Z
u0007099,dario_simic7099,Dario Simic,2024-03-28T18:01:00.0000000Z
u0007100,leon_horvat7100,Leon Horvat,2025-10-08T16:27:00.0000000Z
u0007101,ines_babic7101,Ines Babic,2024-08-24T00:56:00.0000000Z
u0007102,ines_matic7102,Ines Matic,2025-11-16T04:06:00.0000000Z
u0007103,luka_matic7103,Luka Matic,2025-10-25T02:09:00.0000000Z
u0007104,josip_matic7104,Josip Matic,2025-01-13T02:20:00.0000000Z
u0007105,ivan_maric7105,Ivan Maric,2024-11-15T05:13:00.0000000Z
u0007106,petra_zoric7106,Petra Zoric,2025-05-03T13:38:00.0000000Z
u0007107,josip_babic7107,Josip Babic,2024-10-31T03:01:00.0000000Z
u0007108,mia_babic7108,Mia Babic,2024-08-30T12:10:00.0000000Z
u0007109,marko_juric7109,Marko Juric,2024-10-07T09:21:00.0000000Z
u0007110,marko_barisic7110,Marko Barisic,2025-01-27T15:21:00.0000000Z
u0007111,dario_sever7111,Dario Sever,2024-09-30T05:54:00.0000000Z
u0007112,ema_babic7112,Ema Babic,2025-01-11T15:54:00.0000000Z
u0007113,ivan_knezevic7113,Ivan Knezevic,2025-06-27T02:13:00.0000000Z
u0007114,josip_juric7114,Josip Juric,2024-01-15T17:32:00.0000000Z
u0007115,josip_matic7115,Josip Matic,2025-03-02T21:15:00.0000000Z
u0007116,mia_sever7116,Mia Sever,2025-09-21T21:43:00.0000000Z
u0007117,petra_vukovic7117,Petra Vukovic,2025-07-18T10:06:00.0000000Z
u0007118,lana_radic7118,Lana Radic,2025-10-04T06:30:00.0000000Z
u0007119,lana_matic7119,Lana Matic,2025-12-02T12:28:00.0000000Z
u0007120,dora_zoric7120,Dora Zoric,2024-05-05T03:17:00.0000000Z
u0007121,nika_kovac7121,Nika Kovac,2025-02-23T00:54:00.0000000Z
u0007122,mia_curic7122,Mia Curic,2024-12-08T02:00:00.0000000Z
u0007123,marko_vidovic7123,Marko Vidovic,2024-02-22T11:14:00.0000000Z
u0007124,leon_babic7124,Leon Babic,2024-09-09T18:31:00.0000000Z
u0007125,leon_sever7125,Leon Sever,2025-09-06T12:24:00.0000000Z
u0007126,mia_sever7126,Mia Sever,2025-05-09T07:53:00.0000000Z
u0007127,bruno_kolar7127,Bruno Kolar,2024-09-09T02:02:00.0000000Z
u0007128,dario_curic7128,Dario Curic,2025-01-21T17:21:00.0000000Z
u0007129,iva_kovac7129,Iva Kovac,2024-12-04T19:26:00.0000000Z
u0007130,lana_zoric7130,Lana Zoric,2025-04-17T09:12:00.0000000Z
u0007131,nika_kovac7131,Nika Kovac,2025-05-12T10:09:00.0000000Z
u0007132,nika_barisic7132,Nika Barisic,2024-05-27T04:49:00.0000000Z
u0007133,josip_horvat7133,Josip Horvat,2025-01-20T04:39:00.0000000Z
u0007134,marko_juric7134,Marko Juric,2024-04-13T08:43:00.0000000Z
u0007135,iva_juric7135,Iva Juric,2024-06-13T21:29:00.0000000Z
u0007136,josip_radic7136,Josip Radic,2025-02-13T09:12:00.0000000Z
u0007137,ana_kovac7137,Ana Kovac,2024-11-29T20:26:00.0000000Z
u0007138,ema_novak7138,Ema Novak,2024-01-30T13:41:00.0000000Z
u0007139,karlo_horvat7139,Karlo Horvat,2024-04-18T12:09:00.0000000Z
u0007140,ana_pavlovic7140,Ana Pavlovic,2025-10-04T19:26:00.0000000Z
u0007141,ana_pavlovic7141,Ana Pavlovic,2024-01-13T12:43:00.0000000Z
u0007142,josip_vukovic7142,Josip Vukovic,2024-02-19T09:35:00.0000000Z
u0007143,sara_vukovic7143,Sara Vukovic,2024-02-16T07:09:00.0000000Z
u0007144,toni_sever7144,Toni Sever,2025-12-07T11:05:00.0000000Z
u0007145,marko_pavlovic7145,Marko Pavlovic,2024-12-14T01:27:00.0000000Z
u0007146,luka_kolar7146,Luka Kolar,2025-05-08T12:34:00.0000000Z
u0007147,filip_kovacevic7147,Filip Kovacevic,2025-01-21T16:21:00.0000000Z
u0007148,leon_matic7148,Leon Matic,2025-06-10T02:55:00.0000000Z
u0007149,petra_juric7149,Petra Juric,2025-08-20T22:54:00.0000000Z
u0007150,toni_kolar7150,Toni Kolar,2025-09-20T22:51:00.0000000Z
u0007151,ivan_knezevic7151,Ivan Knezevic,2024-11-06T07:08:00.0000000Z
u0007152,toni_babic7152,Toni Babic,2025-03-15T10:45:00.0000000Z
u0007153,marko_vukovic7153,Marko Vukovic,2025-10-21T23:48:00.0000000Z
u0007154,petra_zoric7154,Petra Zoric,2024-05-06T04:30:00.0000000Z
u0007155,lana_vukovic7155,Lana Vukovic,2024-03-30T11:04:00.0000000Z
u0007156,lana_babic7156,Lana Babic,2025-03-23T02:11:00.0000000Z
u0007157,nika_pavlovic7157,Nika Pavlovic,2024-08-09T05:56:00.0000000Z
u0007158,lana_kolar7158,Lana Kolar,2024-07-14T15:50:00.0000000Z
u0007159,mia_babic7159,Mia Babic,2024-05-20T15:42:00.0000000Z
u0007160,ema_novak7160,Ema Novak,2024-03-10T11:02:00.0000000Z
u0007161,luka_horvat7161,Luka Horvat,2025-03-18T14:46:00.0000000Z
u0007162,luka_simic7162,Luka Simic,2025-02-04T07:47:00.0000000Z
u0007163,dario_radic7163,Dario Radic,2025-01-14T06:58:00.0000000Z
u0007164,ines_kovac7164,Ines Kovac,2024-09-22T16:43:00.0000000Z
u0007165,iva_babic7165,Iva Babic,2025-02-24T06:30:00.0000000Z
u0007166,mia_knezevic7166,Mia Knezevic,2024-02-12T18:48:00.0000000Z
u0007167,nika_kolar7167,Nika Kolar,2024-04-09T21:29:00.0000000Z
u0007168,luka_kovac7168,Luka Kovac,2024-03-31T13:46:00.0000000Z
u0007169,nika_simic7169,Nika Simic,2025-04-27T21:23:00.0000000Z
u0007170,petra_juric7170,Petra Juric,2024-01-08T16:20:00.0000000Z
u0007171,josip_vidovic7171,Josip Vidovic,2024-04-05T19:09:00.0000000Z
u0007172,karlo_curic7172,Karlo Curic,2025-06-22T19:16:00.0000000Z
u0007173,nika_juric7173,Nika Juric,2025-08-14T19:36:00.0000000Z
u0007174,nika_curic7174,Nika Curic,2025-04-06T07:20:00.0000000Z
u0007175,ivan_perkovic7175,Ivan Perkovic,2025-01-31T10:34:00.0000000Z
u0007176,leon_kolar7176,Leon Kolar,2025-03-10T03:42:00.0000000Z
u0007177,sara_sever7177,Sara Sever,2025-05-22T12:10:00.0000000Z
u0007178,marko_perkovic7178,Marko Perkovic,2025-01-25T09:52:00.0000000Z
u0007179,dora_horvat7179,Dora Horvat,2025-11-22T03:40:00.0000000Z
u0007180,lana_pavlovic7180,Lana Pavlovic,2024-01-05T21:48:00.0000000Z
u0007181,ines_vukovic7181,Ines Vukovic,2024-05-30T11:51:00.0000000Z
u0007182,dario_matic7182,Dario Matic,2024-07-02T11:08:00.0000000Z
u0007183,luka_sever7183,Luka Sever,2024-06-21T06:45:00.0000000Z
u0007184,karlo_zoric7184,Karlo Zoric,2024-03-21T14:24:00.0000000Z
u0007185,luka_horvat7185,Luka Horvat,2025-07-03T21:59:00.0000000Z
u0007186,dario_babic7186,Dario Babic,2024-10-10T10:43:00.0000000Z
u0007187,nika_pavlovic7187,Nika Pavlovic,2025-10-04T06:17:00.0000000Z
u0007188,ivan_matic7188,Ivan Matic,2024-08-08T14:55:00.0000000Z
u0007189,filip_juric7189,Filip Juric,2024-04-04T16:14:00.0000000Z
u0007190,nika_barisic7190,Nika Barisic,2025-09-25T11:15:00.0000000Z
u0007191,iva_kovac7191,Iva Kovac,2025-04-21T02:22:00.0000000Z
u0007192,karlo_perkovic7192,Karlo Perkovic,2025-02-13T16:46:00.0000000Z
u0007193,josip_simic7193,Josip Simic,2024-06-12T01:51:00.0000000Z
u0007194,ema_kolar7194,Ema Kolar,2025-06-22T10:49:00.0000000Z
u0007195,mia_barisic7195,Mia Barisic,2024-05-28T17:07:00.0000000Z
u0007196,nika_barisic7196,Nika Barisic,2025-05-07T05:22:00.0000000Z
u0007197,iva_matic7197,Iva Matic,2025-11-08T12:27:00.0000000Z
u0007198,nika_curic7198,Nika Curic,2024-01-18T11:41:00.0000000Z
u0007199,marko_vidovic7199,Marko Vidovic,2025-11-03T06:39:00.0000000Z
u0007200,leon_maric7200,Leon Maric,2024-05-18T21:32:00.0000000Z
u0007201,marko_pavlovic7201,Marko Pavlovic,2024-03-23T00:45:00.0000000Z
u0007202,mia_horvat7202,Mia Horvat,2025-05-30T09:22:00.0000000Z
u0007203,lana_knezevic7203,Lana Knezevic,2024-09-02T19:41:00.0000000Z
u0007204,petra_kovac7204,Petra Kovac,2025-01-21T20:53:00.0000000Z
u0007205,petra_juric7205,Petra Juric,2025-10-28T12:02:00.0000000Z
u0007206,marko_kolar7206,Marko Kolar,2025-03-21T07:52:00.0000000Z
u0007207,ivan_kolar7207,Ivan Kolar,2024-10-11T00:24:00.0000000Z
u0007208,lana_vidovic7208,Lana Vidovic,2024-10-16T23:50:00.0000000Z
u0007209,leon_novak7209,Leon Novak,2024-05-13T14:56:00.0000000Z
u0007210,toni_perkovic7210,Toni Perkovic,2025-09-25T00:10:00.0000000Z
u0007211,toni_radic7211,Toni Radic,2024-10-11T18:09:00.0000000Z
u0007212,ana_maric7212,Ana Maric,2024-02-21T03:22:00.0000000Z
u0007213,toni_sever7213,Toni Sever,2025-08-13T02:28:00.0000000Z
u0007214,lana_babic7214,Lana Babic,2024-11-18T20:19:00.0000000Z
u0007215,filip_simic7215,Filip Simic,2024-09-30T04:44:00.0000000Z
u0007216,mia_vukovic7216,Mia Vukovic,2025-03-22T18:00:00.0000000Z
u0007217,marko_sever7217,Marko Sever,2024-03-22T19:58:00.0000000Z
u0007218,filip_vidovic7218,Filip Vidovic,2024-12-04T04:02:00.0000000Z
u0007219,karlo_perkovic7219,Karlo Perkovic,2025-08-22T14:53:00.0000000Z
u0007220,bruno_knezevic7220,Bruno Knezevic,2025-08-16T20:58:00.0000000Z
u0007221,dario_vidovic7221,Dario Vidovic,2025-07-13T19:06:00.0000000Z
u0007222,lana_simic7222,Lana Simic,2025-02-10T20:05:00.0000000Z
u0007223,marko_babic7223,Marko Babic,2024-03-27T23:15:00.0000000Z
u0007224,karlo_radic7224,Karlo Radic,2025-06-07T19:17:00.0000000Z
u0007225,karlo_pavlovic7225,Karlo Pavlovic,2025-03-16T20:39:00.0000000Z
u0007226,leon_babic7226,Leon Babic,2024-06-13T14:42:00.0000000Z
u0007227,ana_radic7227,Ana Radic,2025-09-04T14:33:00.0000000Z
u0007228,nika_radic7228,Nika Radic,2025-05-20T10:13:00.0000000Z
u0007229,iva_kovacevic7229,Iva Kovacevic,2025-06-06T23:25:00.0000000Z
u0007230,leon_novak7230,Leon Novak,2025-01-02T20:29:00.0000000Z
u0007231,luka_curic7231,Luka Curic,2025-02-14T04:45:00.0000000Z
u0007232,dora_sever7232,Dora Sever,2024-08-04T12:24:00.0000000Z
u0007233,sara_barisic7233,Sara Barisic,2024-01-28T11:36:00.0000000Z
u0007234,karlo_juric7234,Karlo Juric,2024-07-10T03:32:00.0000000Z
u0007235,lana_juric7235,Lana Juric,2024-12-07T10:41:00.0000000Z
u0007236,mia_radic7236,Mia Radic,2024-05-29T09:04:00.0000000Z
u0007237,ines_barisic7237,Ines Barisic,2025-02-04T06:50:00.0000000Z
u0007238,nika_perkovic7238,Nika Perkovic,2025-10-09T13:27:00.0000000Z
u0007239,dora_sever7239,Dora Sever,2024-08-16T06:17:00.0000000Z
u0007240,ivan_kolar7240,Ivan Kolar,2024-06-11T07:43:00.0000000Z
u0007241,karlo_novak7241,Karlo Novak,2025-10-18T21:21:00.0000000Z
u0007242,toni_simic7242,Toni Simic,2025-03-19T00:12:00.0000000Z
u0007243,petra_vidovic7243,Petra Vidovic,2025-04-02T00:42:00.0000000Z
u0007244,filip_juric7244,Filip Juric,2024-07-01T11:01:00.0000000Z
u0007245,petra_novak7245,Petra Novak,2024-07-25T18:23:00.0000000Z
u0007246,nika_kovac7246,Nika Kovac,2024-07-01T00:04:00.0000000Z
u0007247,luka_vukovic7247,Luka Vukovic,2025-08-21T17:56:00.0000000Z
u0007248,dario_kovac7248,Dario Kovac,2024-10-02T14:09:00.0000000Z
u0007249,dora_perkovic7249,Dora Perkovic,2024-06-08T03:20:00.0000000Z
u0007250,sara_horvat7250,Sara Horvat,2024-01-17T15:51:00.0000000Z
u0007251,dora_pavlovic7251,Dora Pavlovic,2024-04-21T22:50:00.0000000Z
u0007252,karlo_sever7252,Karlo Sever,2024-02-03T00:11:00.0000000Z
u0007253,mia_barisic7253,Mia Barisic,2025-05-06T18:47:00.0000000Z
u0007254,ines_novak7254,Ines Novak,2025-05-27T17:30:00.0000000Z
u0007255,nika_simic7255,Nika Simic,2025-03-01T14:10:00.0000000Z
u0007256,ema_knezevic7256,Ema Knezevic,2024-12-20T19:22:00.0000000Z
u0007257,toni_vukovic7257,Toni Vukovic,2025-09-29T19:17:00.0000000Z
u0007258,ivan_vidovic7258,Ivan Vidovic,2024-09-15T11:47:00.0000000Z
u0007259,josip_kovacevic7259,Josip Kovacevic,2024-04-16T05:55:00.0000000Z
u0007260,dario_perkovic7260,Dario Perkovic,2025-11-18T07:52:00.0000000Z
u0007261,mia_matic7261,Mia Matic,2025-07-28T00:47:00.0000000Z
u0007262,toni_kovacevic7262,Toni Kovacevic,2025-05-04T10:30:00.0000000Z
u0007263,ivan_vukovic7263,Ivan Vukovic,2024-06-16T22:27:00.0000000Z
u0007264,luka_novak7264,Luka Novak,2024-05-26T10:12:00.0000000Z
u0007265,nika_vukovic7265,Nika Vukovic,2024-03-29T17:22:00.0000000Z
u0007266,marko_curic7266,Marko Curic,2025-01-11T07:34:00.0000000Z
u0007267,iva_perkovic7267,Iva Perkovic,2024-06-27T15:12:00.0000000Z
u0007268,bruno_kovac7268,Bruno Kovac,2025-03-31T03:41:00.0000000Z
u0007269,marko_curic7269,Marko Curic,2025-07-02T07:01:00.0000000Z
u0007270,iva_knezevic7270,Iva Knezevic,2025-04-17T05:39:00.0000000Z
u0007271,ines_vidovic7271,Ines Vidovic,2024-06-08T02:51:00.0000000Z
u0007272,bruno_matic7272,Bruno Matic,2025-07-07T10:55:00.0000000Z
u0007273,leon_sever7273,Leon Sever,2024-06-15T21:00:00.0000000Z
u0007274,leon_novak7274,Leon Novak,2024-01-26T21:52:00.0000000Z
u0007275,ema_vukovic7275,Ema Vukovic,2024-05-12T14:33:00.0000000Z
u0007276,sara_matic7276,Sara Matic,2024-12-20T20:15:00.0000000Z
u0007277,luka_juric7277,Luka Juric,2024-10-16T00:20:00.0000000Z
u0007278,toni_kolar7278,Toni Kolar,2024-01-02T19:16:00.0000000Z
u0007279,sara_perkovic7279,Sara Perkovic,2024-10-26T02:59:00.0000000Z
u0007280,petra_matic7280,Petra Matic,2024-10-21T02:14:00.0000000Z
u0007281,leon_juric7281,Leon Juric,2025-12-01T09:06:00.0000000Z
u0007282,nika_kovacevic7282,Nika Kovacevic,2024-10-01T05:51:00.0000000Z
u0007283,dora_vidovic7283,Dora Vidovic,2025-10-12T23:27:00.0000000Z
u0007284,mia_novak7284,Mia Novak,2025-11-30T06:28:00.0000000Z
u0007285,ema_barisic7285,Ema Barisic,2024-11-28T10:13:00.0000000Z
u0007286,luka_matic7286,Luka Matic,2025-05-29T19:22:00.0000000Z
u0007287,josip_matic7287,Josip Matic,2024-11-11T22:57:00.0000000Z
u0007288,ema_simic7288,Ema Simic,2024-04-04T00:44:00.0000000Z
u0007289,ema_juric7289,Ema Juric,2024-03-22T15:45:00.0000000Z
u0007290,luka_horvat7290,Luka Horvat,2025-08-18T00:42:00.0000000Z
u0007291,filip_zoric7291,Filip Zoric,2025-01-15T11:11:00.0000000Z
u0007292,karlo_sever7292,Karlo Sever,2025-10-22T06:27:00.0000000Z
u0007293,ivan_perkovic7293,Ivan Perkovic,2024-01-21T00:56:00.0000000Z
u0007294,karlo_perkovic7294,Karlo Perkovic,2025-04-15T06:32:00.0000000Z
u0007295,nika_barisic7295,Nika Barisic,2024-03-01T05:38:00.0000000Z
u0007296,josip_kovacevic7296,Josip Kovacevic,2025-09-09T10:52:00.0000000Z
u0007297,dario_matic7297,Dario Matic,2024-05-12T01:51:00.0000000Z
u0007298,bruno_kolar7298,Bruno Kolar,2025-12-15T00:49:00.0000000Z
u0007299,dora_perkovic7299,Dora Perkovic,2025-06-17T08:32:00.0000000Z
u0007300,karlo_kovacevic7300,Karlo Kovacevic,2024-02-20T03:59:00.0000000Z
u0007301,ema_zoric7301,Ema Zoric,2025-08-13T00:08:00.0000000Z
u0007302,ivan_horvat7302,Ivan Horvat,2024-11-23T12:05:00.0000000Z
u0007303,josip_matic7303,Josip Matic,2025-10-10T20:10:00.0000000Z
u0007304,nika_babic7304,Nika Babic,2025-08-09T06:55:00.0000000Z
u0007305,sara_pavlovic7305,Sara Pavlovic,2025-07-27T09:45:00.0000000Z
u0007306,iva_perkovic7306,Iva Perkovic,2025-05-24T04:37:00.0000000Z
u0007307,ana_vidovic7307,Ana Vidovic,2025-11-07T08:08:00.0000000Z
u0007308,ema_perkovic7308,Ema Perkovic,2025-02-03T18:54:00.0000000Z
u0007309,toni_pavlovic7309,Toni Pavlovic,2024-01-24T11:38:00.0000000Z
u0007310,dario_barisic7310,Dario Barisic,2024-09-04T07:25:00.0000000Z
u0007311,petra_novak7311,Petra Novak,2024-09-05T16:38:00.0000000Z
u0007312,dora_radic7312,Dora Radic,2025-11-05T01:56:00.0000000Z
u0007313,karlo_radic7313,Karlo Radic,2025-09-15T13:30:00.0000000Z
u0007314,toni_horvat7314,Toni Horvat,2025-10-05T19:58:00.0000000Z
u0007315,dora_sever7315,Dora Sever,2024-09-15T18:46:00.0000000Z
u0007316,mia_horvat7316,Mia Horvat,2024-03-03T03:32:00.0000000Z
u0007317,petra_maric7317,Petra Maric,2025-12-19T02:46:00.0000000Z
u0007318,ana_zoric7318,Ana Zoric,2025-01-14T00:01:00.0000000Z
u0007319,marko_sever7319,Marko Sever,2024-03-13T01:14:00.0000000Z
u0007320,ema_knezevic7320,Ema Knezevic,2024-09-27T22:09:00.0000000Z
u0007321,josip_barisic7321,Josip Barisic,2025-03-18T00:19:00.0000000Z
u0007322,nika_vukovic7322,Nika Vukovic,2025-10-10T00:08:00.0000000Z
u0007323,lana_kolar7323,Lana Kolar,2024-03-09T09:49:00.0000000Z
u0007324,ines_sever7324,Ines Sever,2024-04-21T15:53:00.0000000Z
u0007325,karlo_knezevic7325,Karlo Knezevic,2025-08-15T12:51:00.0000000Z
u0007326,ana_kovacevic7326,Ana Kovacevic,2025-05-05T17:15:00.0000000Z
u0007327,petra_juric7327,Petra Juric,2025-03-26T11:09:00.0000000Z
u0007328,leon_vukovic7328,Leon Vukovic,2025-05-07T04:37:00.0000000Z
u0007329,mia_babic7329,Mia Babic,2024-12-02T15:10:00.0000000Z
u0007330,karlo_vidovic7330,Karlo Vidovic,2025-02-01T09:22:00.0000000Z
u0007331,karlo_simic7331,Karlo Simic,2024-02-24T22:09:00.0000000Z
u0007332,lana_novak7332,Lana Novak,2024-03-19T13:40:00.0000000Z
u0007333,ema_knezevic7333,Ema Knezevic,2025-03-27T23:25:00.0000000Z
u0007334,lana_curic7334,Lana Curic,2024-08-12T15:40:00.0000000Z
u0007335,dora_kovacevic7335,Dora Kovacevic,2024-06-16T00:49:00.0000000Z
u0007336,karlo_maric7336,Karlo Maric,2024-09-28T11:40:00.0000000Z
u0007337,bruno_kovac7337,Bruno Kovac,2025-05-17T19:02:00.0000000Z
u0007338,josip_kovac7338,Josip Kovac,2024-05-15T20:00:00.0000000Z
u0007339,iva_matic7339,Iva Matic,2025-01-31T13:35:00.0000000Z
u0007340,leon_maric7340,Leon Maric,2024-06-21T11:49:00.0000000Z
u0007341,josip_pavlovic7341,Josip Pavlovic,2025-10-20T20:24:00.0000000Z
u0007342,dario_horvat7342,Dario Horvat,2024-10-02T08:52:00.0000000Z
u0007343,ivan_vukovic7343,Ivan Vukovic,2024-05-22T08:29:00.0000000Z
u0007344,bruno_zoric7344,Bruno Zoric,2025-10-20T12:13:00.0000000Z
u0007345,ivan_kolar7345,Ivan Kolar,2024-09-05T23:15:00.0000000Z
u0007346,filip_sever7346,Filip Sever,2024-01-15T12:03:00.0000000Z
u0007347,josip_radic7347,Josip Radic,2025-11-25T05:12:00.0000000Z
u0007348,ivan_babic7348,Ivan Babic,2025-06-08T17:25:00.0000000Z
u0007349,ines_vukovic7349,Ines Vukovic,2025-01-05T20:03:00.0000000Z
u0007350,ines_kolar7350,Ines Kolar,2025-06-30T00:42:00.0000000Z
u0007351,nika_kovacevic7351,Nika Kovacevic,2024-06-03T17:51:00.0000000Z
u0007352,mia_horvat7352,Mia Horvat,2024-07-19T06:57:00.0000000Z
u0007353,josip_knezevic7353,Josip Knezevic,2024-08-02T00:07:00.0000000Z
u0007354,ines_zoric7354,Ines Zoric,2025-08-28T13:02:00.0000000Z
u0007355,petra_horvat7355,Petra Horvat,2024-08-28T15:08:00.0000000Z
u0007356,iva_vukovic7356,Iva Vukovic,2024-09-05T23:35:00.0000000Z
u0007357,karlo_knezevic7357,Karlo Knezevic,2025-01-10T01:59:00.0000000Z
u0007358,dario_matic7358,Dario Matic,2025-05-04T14:20:00.0000000Z
u0007359,ema_kovacevic7359,Ema Kovacevic,2025-01-19T16:14:00.0000000Z
u0007360,petra_perkovic7360,Petra Perkovic,2025-04-11T14:24:00.0000000Z
u0007361,ines_maric7361,Ines Maric,2025-04-05T19:23:00.0000000Z
u0007362,josip_babic7362,Josip Babic,2024-11-04T16:35:00.0000000Z
u0007363,sara_perkovic7363,Sara Perkovic,2025-05-15T19:51:00.0000000Z
u0007364,ivan_curic7364,Ivan Curic,2025-01-09T21:06:00.0000000Z
u0007365,bruno_simic7365,Bruno Simic,2025-07-17T00:36:00.0000000Z
u0007366,marko_curic7366,Marko Curic,2024-03-21T17:27:00.0000000Z
u0007367,mia_kovac7367,Mia Kovac,2024-01-19T02:34:00.0000000Z
u0007368,petra_horvat7368,Petra Horvat,2024-07-26T12:52:00.0000000Z
u0007369,luka_horvat7369,Luka Horvat,2025-09-19T08:00:00.0000000Z
u0007370,dario_kovac7370,Dario Kovac,2025-05-28T04:09:00.0000000Z
u0007371,bruno_novak7371,Bruno Novak,2025-06-30T07:09:00.0000000Z
u0007372,sara_sever7372,Sara Sever,2025-02-16T01:32:00.0000000Z
u0007373,petra_kolar7373,Petra Kolar,2025-09-22T12:53:00.0000000Z
u0007374,leon_kovac7374,Leon Kovac,2025-05-28T07:55:00.0000000Z
u0007375,sara_zoric7375,Sara Zoric,2025-01-29T15:17:00.0000000Z
u0007376,ana_zoric7376,Ana Zoric,2025-10-13T04:05:00.0000000Z
u0007377,ines_maric7377,Ines Maric,2024-11-06T05:11:00.0000000Z
u0007378,josip_zoric7378,Josip Zoric,2025-04-01T02:34:00.0000000Z
u0007379,toni_kolar7379,Toni Kolar,2024-04-15T10:11:00.0000000Z
u0007380,filip_novak7380,Filip Novak,2024-03-13T00:32:00.0000000Z
u0007381,nika_babic7381,Nika Babic,2025-02-22T01:13:00.0000000Z
u0007382,dora_kovacevic7382,Dora Kovacevic,2025-05-13T07:55:00.0000000Z
u0007383,iva_kovac7383,Iva Kovac,2025-03-22T08:40:00.0000000Z
u0007384,luka_curic7384,Luka Curic,2024-05-13T04:52:00.0000000Z
u0007385,luka_matic7385,Luka Matic,2025-12-10T19:04:00.0000000Z
u0007386,filip_radic7386,Filip Radic,2024-07-13T00:57:00.0000000Z
u0007387,bruno_novak7387,Bruno Novak,2024-06-27T08:57:00.0000000Z
u0007388,dora_pavlovic7388,Dora Pavlovic,2025-11-12T14:33:00.0000000Z
u0007389,ema_kovacevic7389,Ema Kovacevic,2024-11-07T15:35:00.0000000Z
u0007390,marko_horvat7390,Marko Horvat,2024-07-23T10:49:00.0000000Z
u0007391,josip_barisic7391,Josip Barisic,2025-01-12T10:22:00.0000000Z
u0007392,iva_kovacevic7392,Iva Kovacevic,2025-11-22T21:35:00.0000000Z
u0007393,marko_perkovic7393,Marko Perkovic,2024-12-01T02:51:00.0000000Z
u0007394,ines_novak7394,Ines Novak,2025-06-12T11:22:00.0000000Z
u0007395,ema_perkovic7395,Ema Perkovic,2024-06-24T15:54:00.0000000Z
u0007396,luka_maric7396,Luka Maric,2024-08-15T20:58:00.0000000Z
u0007397,sara_juric7397,Sara Juric,2024-05-18T23:34:00.0000000Z
u0007398,ines_pavlovic7398,Ines Pavlovic,2025-12-15T15:12:00.0000000Z
u0007399,ines_simic7399,Ines Simic,2025-01-05T01:04:00.0000000Z
u0007400,toni_kolar7400,Toni Kolar,2025-12-22T09:39:00.0000000Z
u0007401,ema_pavlovic7401,Ema Pavlovic,2024-01-25T04:19:00.0000000Z
u0007402,filip_zoric7402,Filip Zoric,2024-02-22T11:24:00.0000000Z
u0007403,sara_matic7403,Sara Matic,2024-04-11T13:46:00.0000000Z
u0007404,ana_maric7404,Ana Maric,2025-09-05T04:43:00.0000000Z
u0007405,karlo_barisic7405,Karlo Barisic,2025-12-30T02:54:00.0000000Z
u0007406,dario_perkovic7406,Dario Perkovic,2025-11-23T23:07:00.0000000Z
u0007407,sara_horvat7407,Sara Horvat,2024-04-27T21:42:00.0000000Z
u0007408,marko_matic7408,Marko Matic,2025-06-29T04:42:00.0000000Z
u0007409,ivan_radic7409,Ivan Radic,2024-06-30T02:10:00.0000000Z
u0007410,dario_curic7410,Dario Curic,2025-06-29T09:18:00.0000000Z
u0007411,josip_matic7411,Josip Matic,2025-12-06T19:18:00.0000000Z
u0007412,lana_pavlovic7412,Lana Pavlovic,2025-03-09T05:34:00.0000000Z
u0007413,sara_curic7413,Sara Curic,2025-10-23T06:56:00.0000000Z
u0007414,petra_simic7414,Petra Simic,2025-05-17T01:59:00.0000000Z
u0007415,petra_pavlovic7415,Petra Pavlovic,2024-03-15T05:14:00.0000000Z
u0007416,mia_kovac7416,Mia Kovac,2025-06-07T18:43:00.0000000Z
u0007417,dora_kovacevic7417,Dora Kovacevic,2025-10-25T20:07:00.0000000Z
u0007418,nika_curic7418,Nika Curic,2025-05-03T18:03:00.0000000Z
u0007419,karlo_babic7419,Karlo Babic,2024-05-04T12:15:00.0000000Z
u0007420,ema_novak7420,Ema Novak,2024-06-28T01:36:00.0000000Z
u0007421,karlo_babic7421,Karlo Babic,2025-02-20T19:26:00.0000000Z
u0007422,mia_simic7422,Mia Simic,2025-05-25T15:55:00.0000000Z
u0007423,ines_kovacevic7423,Ines Kovacevic,2024-07-25T23:11:00.0000000Z
u0007424,josip_vidovic7424,Josip Vidovic,2025-06-22T10:58:00.0000000Z
u0007425,ana_radic7425,Ana Radic,2024-11-30T16:51:00.0000000Z
u0007426,lana_curic7426,Lana Curic,2025-09-07T11:06:00.0000000Z
u0007427,toni_kolar7427,Toni Kolar,2024-12-08T18:57:00.0000000Z
u0007428,dario_simic7428,Dario Simic,2025-02-25T02:48:00.0000000Z
u0007429,karlo_barisic7429,Karlo Barisic,2025-02-02T07:59:00.0000000Z
u0007430,ema_pavlovic7430,Ema Pavlovic,2024-12-02T17:18:00.0000000Z
u0007431,josip_knezevic7431,Josip Knezevic,2025-05-31T10:55:00.0000000Z
u0007432,sara_kovacevic7432,Sara Kovacevic,2024-11-24T06:27:00.0000000Z
u0007433,marko_zoric7433,Marko Zoric,2024-02-02T09:01:00.0000000Z
u0007434,josip_matic7434,Josip Matic,2025-06-21T06:16:00.0000000Z
u0007435,josip_simic7435,Josip Simic,2025-01-03T03:26:00.0000000Z
u0007436,petra_radic7436,Petra Radic,2024-11-03T17:52:00.0000000Z
u0007437,luka_vukovic7437,Luka Vukovic,2024-05-25T10:17:00.0000000Z
u0007438,filip_pavlovic7438,Filip Pavlovic,2025-01-01T18:13:00.0000000Z
u0007439,iva_juric7439,Iva Juric,2025-02-19T16:29:00.0000000Z
u0007440,dora_simic7440,Dora Simic,2025-05-26T06:23:00.0000000Z
u0007441,petra_simic7441,Petra Simic,2025-05-19T23:36:00.0000000Z
u0007442,karlo_sever7442,Karlo Sever,2024-11-06T07:06:00.0000000Z
u0007443,ana_vukovic7443,Ana Vukovic,2024-05-10T22:53:00.0000000Z
u0007444,ana_vukovic7444,Ana Vukovic,2024-04-27T08:42:00.0000000Z
u0007445,iva_novak7445,Iva Novak,2024-07-10T06:58:00.0000000Z
u0007446,bruno_kovac7446,Bruno Kovac,2025-12-18T15:51:00.0000000Z
u0007447,ivan_perkovic7447,Ivan Perkovic,2024-09-26T08:49:00.0000000Z
u0007448,marko_kovac7448,Marko Kovac,2024-07-31T13:02:00.0000000Z
u0007449,ema_kovac7449,Ema Kovac,2025-07-11T07:15:00.0000000Z
u0007450,luka_barisic7450,Luka Barisic,2024-02-07T17:29:00.0000000Z
u0007451,ines_babic7451,Ines Babic,2024-06-14T11:25:00.0000000Z
u0007452,filip_novak7452,Filip Novak,2025-10-20T01:14:00.0000000Z
u0007453,ana_pavlovic7453,Ana Pavlovic,2025-03-08T10:59:00.0000000Z
u0007454,ivan_babic7454,Ivan Babic,2024-04-05T22:55:00.0000000Z
u0007455,luka_novak7455,Luka Novak,2025-12-28T03:04:00.0000000Z
u0007456,ana_radic7456,Ana Radic,2024-10-17T14:00:00.0000000Z
u0007457,luka_horvat7457,Luka Horvat,2024-05-23T13:50:00.0000000Z
u0007458,nika_curic7458,Nika Curic,2025-10-10T11:16:00.0000000Z
u0007459,filip_horvat7459,Filip Horvat,2024-12-23T08:08:00.0000000Z
u0007460,josip_simic7460,Josip Simic,2025-10-09T11:49:00.0000000Z
u0007461,sara_vidovic7461,Sara Vidovic,2024-12-29T12:08:00.0000000Z
u0007462,marko_babic7462,Marko Babic,2024-06-19T23:13:00.0000000Z
u0007463,leon_matic7463,Leon Matic,2025-12-27T04:46:00.0000000Z
u0007464,mia_perkovic7464,Mia Perkovic,2024-12-19T22:17:00.0000000Z
u0007465,mia_sever7465,Mia Sever,2025-01-17T18:56:00.0000000Z
u0007466,luka_barisic7466,Luka Barisic,2025-10-07T09:14:00.0000000Z
u0007467,ema_novak7467,Ema Novak,2025-02-17T17:05:00.0000000Z
u0007468,mia_sever7468,Mia Sever,2025-09-07T04:44:00.0000000Z
u0007469,ines_juric7469,Ines Juric,2024-05-26T20:39:00.0000000Z
u0007470,filip_horvat7470,Filip Horvat,2024-06-08T11:32:00.0000000Z
u0007471,josip_pavlovic7471,Josip Pavlovic,2024-02-07T14:47:00.0000000Z
u0007472,bruno_knezevic7472,Bruno Knezevic,2024-08-19T01:43:00.0000000Z
u0007473,toni_babic7473,Toni Babic,2024-02-23T18:21:00.0000000Z
u0007474,iva_babic7474,Iva Babic,2024-02-23T23:37:00.0000000Z
u0007475,josip_barisic7475,Josip Barisic,2024-09-14T11:56:00.0000000Z
u0007476,bruno_maric7476,Bruno Maric,2025-11-08T14:14:00.0000000Z
u0007477,mia_kovac7477,Mia Kovac,2024-04-17T22:40:00.0000000Z
u0007478,toni_babic7478,Toni Babic,2024-09-02T17:23:00.0000000Z
u0007479,filip_juric7479,Filip Juric,2025-09-20T01:54:00.0000000Z
u0007480,sara_juric7480,Sara Juric,2025-09-01T07:07:00.0000000Z
u0007481,ana_simic7481,Ana Simic,2024-11-18T18:23:00.0000000Z
u0007482,iva_curic7482,Iva Curic,2024-02-03T09:54:00.0000000Z
u0007483,josip_perkovic7483,Josip Perkovic,2025-02-24T06:32:00.0000000Z
u0007484,luka_pavlovic7484,Luka Pavlovic,2025-07-14T05:35:00.0000000Z
u0007485,karlo_radic7485,Karlo Radic,2024-03-28T01:10:00.0000000Z
u0007486,lana_sever7486,Lana Sever,2024-03-02T23:57:00.0000000Z
u0007487,lana_babic7487,Lana Babic,2024-03-12T17:32:00.0000000Z
u0007488,ema_sever7488,Ema Sever,2025-11-01T17:22:00.0000000Z
u0007489,ivan_vidovic7489,Ivan Vidovic,2025-01-27T19:31:00.0000000Z
u0007490,bruno_vukovic7490,Bruno Vukovic,2024-03-29T13:53:00.0000000Z
u0007491,lana_sever7491,Lana Sever,2025-09-06T11:47:00.0000000Z
u0007492,luka_kolar7492,Luka Kolar,2025-01-06T07:07:00.0000000Z
u0007493,toni_pavlovic7493,Toni Pavlovic,2025-11-10T16:51:00.0000000Z
u0007494,filip_juric7494,Filip Juric,2025-01-07T14:05:00.0000000Z
u0007495,mia_maric7495,Mia Maric,2024-12-23T12:34:00.0000000Z
u0007496,mia_zoric7496,Mia Zoric,2025-02-21T18:26:00.0000000Z
u0007497,luka_vidovic7497,Luka Vidovic,2024-08-31T22:35:00.0000000Z
u0007498,iva_maric7498,Iva Maric,2024-04-04T13:40:00.0000000Z
u0007499,bruno_zoric7499,Bruno Zoric,2025-03-29T13:21:00.0000000Z
u0007500,dario_kolar7500,Dario Kolar,2024-04-13T18:27:00.0000000Z
u0007501,dario_kolar7501,Dario Kolar,2024-08-07T01:13:00.0000000Z
u0007502,lana_zoric7502,Lana Zoric,2025-04-01T19:42:00.0000000Z
u0007503,leon_simic7503,Leon Simic,2025-08-10T04:53:00.0000000Z
u0007504,toni_barisic7504,Toni Barisic,2024-09-01T16:01:00.0000000Z
u0007505,petra_maric7505,Petra Maric,2025-09-23T04:01:00.0000000Z
u0007506,nika_curic7506,Nika Curic,2025-08-20T08:39:00.0000000Z
u0007507,josip_perkovic7507,Josip Perkovic,2024-01-09T10:11:00.0000000Z
u0007508,dora_matic7508,Dora Matic,2025-02-11T03:12:00.0000000Z
u0007509,iva_perkovic7509,Iva Perkovic,2025-08-16T12:48:00.0000000Z
u0007510,bruno_radic7510,Bruno Radic,2025-12-08T05:04:00.0000000Z
u0007511,ines_babic7511,Ines Babic,2025-11-03T11:36:00.0000000Z
u0007512,iva_zoric7512,Iva Zoric,2025-02-12T21:58:00.0000000Z
u0007513,luka_barisic7513,Luka Barisic,2024-10-22T05:46:00.0000000Z
u0007514,ines_matic7514,Ines Matic,2024-06-12T04:20:00.0000000Z
u0007515,iva_pavlovic7515,Iva Pavlovic,2025-12-06T13:01:00.0000000Z
u0007516,dora_pavlovic7516,Dora Pavlovic,2025-12-17T23:48:00.0000000Z
u0007517,ema_babic7517,Ema Babic,2025-09-04T21:28:00.0000000Z
u0007518,karlo_kovac7518,Karlo Kovac,2024-01-12T08:35:00.0000000Z
u0007519,marko_radic7519,Marko Radic,2024-06-10T04:54:00.0000000Z
u0007520,bruno_perkovic7520,Bruno Perkovic,2024-02-21T19:29:00.0000000Z
u0007521,karlo_novak7521,Karlo Novak,2024-02-20T06:01:00.0000000Z
u0007522,karlo_kolar7522,Karlo Kolar,2025-07-03T08:00:00.0000000Z
u0007523,josip_vukovic7523,Josip Vukovic,2024-10-07T03:06:00.0000000Z
u0007524,filip_vukovic7524,Filip Vukovic,2024-01-17T07:39:00.0000000Z
u0007525,josip_simic7525,Josip Simic,2024-06-20T20:30:00.0000000Z
u0007526,iva_maric7526,Iva Maric,2025-10-12T06:58:00.0000000Z
u0007527,nika_zoric7527,Nika Zoric,2024-02-13T03:01:00.0000000Z
u0007528,karlo_knezevic7528,Karlo Knezevic,2024-09-15T11:31:00.0000000Z
u0007529,marko_kovac7529,Marko Kovac,2024-01-11T08:00:00.0000000Z
u0007530,leon_perkovic7530,Leon Perkovic,2024-07-06T22:22:00.0000000Z
u0007531,filip_matic7531,Filip Matic,2024-06-17T13:40:00.0000000Z
u0007532,filip_kovac7532,Filip Kovac,2024-06-25T03:34:00.0000000Z
u0007533,petra_curic7533,Petra Curic,2025-10-06T21:56:00.0000000Z
u0007534,luka_simic7534,Luka Simic,2024-07-06T10:09:00.0000000Z
u0007535,nika_sever7535,Nika Sever,2025-07-16T19:30:00.0000000Z
u0007536,karlo_vukovic7536,Karlo Vukovic,2025-01-21T08:15:00.0000000Z
u0007537,iva_kovacevic7537,Iva Kovacevic,2024-09-08T01:44:00.0000000Z
u0007538,filip_maric7538,Filip Maric,2025-10-03T16:37:00.0000000Z
u0007539,ana_sever7539,Ana Sever,2025-07-13T07:15:00.0000000Z
u0007540,bruno_kolar7540,Bruno Kolar,2025-04-11T11:10:00.0000000Z
u0007541,bruno_radic7541,Bruno Radic,2025-05-30T18:33:00.0000000Z
u0007542,marko_sever7542,Marko Sever,2025-10-25T23:45:00.0000000Z
u0007543,iva_kovac7543,Iva Kovac,2025-01-10T01:59:00.0000000Z
u0007544,dora_pavlovic7544,Dora Pavlovic,2024-07-12T21:48:00.0000000Z
u0007545,ana_vukovic7545,Ana Vukovic,2024-05-28T06:35:00.0000000Z
u0007546,karlo_novak7546,Karlo Novak,2024-12-21T08:50:00.0000000Z
u0007547,nika_kovacevic7547,Nika Kovacevic,2025-05-22T11:17:00.0000000Z
u0007548,lana_babic7548,Lana Babic,2024-08-18T11:43:00.0000000Z
u0007549,leon_horvat7549,Leon Horvat,2024-08-19T07:00:00.0000000Z
u0007550,mia_kovacevic7550,Mia Kovacevic,2024-02-20T16:03:00.0000000Z
u0007551,lana_knezevic7551,Lana Knezevic,2024-06-13T21:31:00.0000000Z
u0007552,luka_matic7552,Luka Matic,2024-02-26T00:45:00.0000000Z
u0007553,nika_matic7553,Nika Matic,2025-12-27T14:38:00.0000000Z
u0007554,ines_horvat7554,Ines Horvat,2024-08-13T09:10:00.0000000Z
u0007555,ana_zoric7555,Ana Zoric,2025-06-01T18:52:00.0000000Z
u0007556,ivan_kovacevic7556,Ivan Kovacevic,2025-07-18T22:38:00.0000000Z
u0007557,sara_novak7557,Sara Novak,2025-07-01T01:36:00.0000000Z
u0007558,ema_babic7558,Ema Babic,2024-10-14T22:24:00.0000000Z
u0007559,leon_juric7559,Leon Juric,2024-10-06T10:26:00.0000000Z
u0007560,mia_novak7560,Mia Novak,2025-11-28T17:50:00.0000000Z
u0007561,nika_knezevic7561,Nika Knezevic,2025-07-07T22:48:00.0000000Z
u0007562,josip_radic7562,Josip Radic,2024-05-21T03:43:00.0000000Z
u0007563,ana_zoric7563,Ana Zoric,2025-10-20T04:11:00.0000000Z
u0007564,marko_juric7564,Marko Juric,2025-07-09T00:18:00.0000000Z
u0007565,lana_kolar7565,Lana Kolar,2024-07-27T21:59:00.0000000Z
u0007566,mia_matic7566,Mia Matic,2024-09-04T19:48:00.0000000Z
u0007567,toni_vidovic7567,Toni Vidovic,2025-05-16T06:14:00.0000000Z
u0007568,dario_perkovic7568,Dario Perkovic,2024-03-22T18:13:00.0000000Z
u0007569,filip_maric7569,Filip Maric,2024-08-13T01:19:00.0000000Z
u0007570,karlo_kovacevic7570,Karlo Kovacevic,2024-06-11T04:43:00.0000000Z
u0007571,sara_maric7571,Sara Maric,2024-07-08T07:53:00.0000000Z
u0007572,ana_juric7572,Ana Juric,2025-03-03T22:52:00.0000000Z
u0007573,dario_simic7573,Dario Simic,2024-07-13T22:30:00.0000000Z
u0007574,dario_horvat7574,Dario Horvat,2025-02-12T14:36:00.0000000Z
u0007575,ines_radic7575,Ines Radic,2025-11-29T22:20:00.0000000Z
u0007576,dora_zoric7576,Dora Zoric,2024-10-26T06:14:00.0000000Z
u0007577,marko_simic7577,Marko Simic,2025-07-26T06:48:00.0000000Z
u0007578,ana_zoric7578,Ana Zoric,2024-10-02T15:23:00.0000000Z
u0007579,ema_horvat7579,Ema Horvat,2025-07-11T09:55:00.0000000Z
u0007580,toni_babic7580,Toni Babic,2024-08-23T22:43:00.0000000Z
u0007581,ines_novak7581,Ines Novak,2024-12-03T11:22:00.0000000Z
u0007582,sara_knezevic7582,Sara Knezevic,2024-03-08T16:28:00.0000000Z
u0007583,dario_matic7583,Dario Matic,2024-11-26T17:15:00.0000000Z
u0007584,sara_vidovic7584,Sara Vidovic,2025-10-17T21:09:00.0000000Z
u0007585,ivan_kovac7585,Ivan Kovac,2025-08-04T13:04:00.0000000Z
u0007586,marko_perkovic7586,Marko Perkovic,2024-04-02T06:47:00.0000000Z
u0007587,petra_kovacevic7587,Petra Kovacevic,2024-10-24T17:42:00.0000000Z
u0007588,ines_kolar7588,Ines Kolar,2025-06-26T13:08:00.0000000Z
u0007589,josip_perkovic7589,Josip Perkovic,2024-09-30T18:49:00.0000000Z
u0007590,ines_zoric7590,Ines Zoric,2024-06-08T18:37:00.0000000Z
u0007591,karlo_curic7591,Karlo Curic,2024-11-22T00:49:00.0000000Z
u0007592,leon_pavlovic7592,Leon Pavlovic,2025-08-29T02:26:00.0000000Z
u0007593,ivan_maric7593,Ivan Maric,2024-03-26T12:43:00.0000000Z
u0007594,ines_matic7594,Ines Matic,2024-09-02T06:47:00.0000000Z
u0007595,dora_knezevic7595,Dora Knezevic,2025-06-10T06:01:00.0000000Z
u0007596,ines_sever7596,Ines Sever,2025-05-21T12:15:00.0000000Z
u0007597,nika_babic7597,Nika Babic,2024-10-03T18:26:00.0000000Z
u0007598,toni_matic7598,Toni Matic,2025-08-02T06:20:00.0000000Z
u0007599,leon_sever7599,Leon Sever,2024-12-20T02:30:00.0000000Z
u0007600,bruno_novak7600,Bruno Novak,2025-07-24T15:49:00.0000000Z
u0007601,bruno_pavlovic7601,Bruno Pavlovic,2025-05-12T12:12:00.0000000Z
u0007602,luka_barisic7602,Luka Barisic,2025-11-12T09:55:00.0000000Z
u0007603,lana_babic7603,Lana Babic,2024-12-01T12:56:00.0000000Z
u0007604,dora_horvat7604,Dora Horvat,2024-12-14T18:57:00.0000000Z
u0007605,ana_juric7605,Ana Juric,2025-09-07T04:17:00.0000000Z
u0007606,ivan_curic7606,Ivan Curic,2024-08-17T21:21:00.0000000Z
u0007607,ana_simic7607,Ana Simic,2025-05-11T06:19:00.0000000Z
u0007608,sara_kovacevic7608,Sara Kovacevic,2025-04-03T13:14:00.0000000Z
u0007609,karlo_maric7609,Karlo Maric,2024-10-26T21:06:00.0000000Z
u0007610,sara_horvat7610,Sara Horvat,2025-04-15T05:26:00.0000000Z
u0007611,filip_vukovic7611,Filip Vukovic,2025-11-25T17:24:00.0000000Z
u0007612,filip_babic7612,Filip Babic,2025-09-26T08:56:00.0000000Z
u0007613,sara_kolar7613,Sara Kolar,2025-01-22T15:10:00.0000000Z
u0007614,iva_knezevic7614,Iva Knezevic,2025-09-06T19:50:00.0000000Z
u0007615,luka_pavlovic7615,Luka Pavlovic,2024-03-23T07:33:00.0000000Z
u0007616,leon_pavlovic7616,Leon Pavlovic,2024-05-27T18:40:00.0000000Z
u0007617,dora_vidovic7617,Dora Vidovic,2024-02-03T01:12:00.0000000Z
u0007618,petra_perkovic7618,Petra Perkovic,2025-05-17T13:17:00.0000000Z
u0007619,marko_horvat7619,Marko Horvat,2024-08-20T09:44:00.0000000Z
u0007620,ivan_vukovic7620,Ivan Vukovic,2025-05-20T00:19:00.0000000Z
u0007621,dario_zoric7621,Dario Zoric,2024-03-14T02:44:00.0000000Z
u0007622,karlo_pavlovic7622,Karlo Pavlovic,2025-04-20T07:24:00.0000000Z
u0007623,dario_perkovic7623,Dario Perkovic,2024-04-14T05:47:00.0000000Z
u0007624,dora_knezevic7624,Dora Knezevic,2024-06-08T15:45:00.0000000Z
u0007625,iva_novak7625,Iva Novak,2024-03-27T22:57:00.0000000Z
u0007626,karlo_knezevic7626,Karlo Knezevic,2025-05-15T22:30:00.0000000Z
u0007627,dario_curic7627,Dario Curic,2025-02-11T00:45:00.0000000Z
u0007628,luka_kolar7628,Luka Kolar,2024-05-15T00:40:00.0000000Z
u0007629,nika_maric7629,Nika Maric,2025-05-12T13:51:00.0000000Z
u0007630,ema_novak7630,Ema Novak,2024-03-21T17:09:00.0000000Z
u0007631,nika_pavlovic7631,Nika Pavlovic,2024-08-27T15:52:00.0000000Z
u0007632,karlo_juric7632,Karlo Juric,2025-04-08T11:26:00.0000000Z
u0007633,bruno_knezevic7633,Bruno Knezevic,2025-12-26T04:58:00.0000000Z
u0007634,lana_vukovic7634,Lana Vukovic,2025-11-27T11:54:00.0000000Z
u0007635,ivan_sever7635,Ivan Sever,2024-11-07T01:45:00.0000000Z
u0007636,karlo_vukovic7636,Karlo Vukovic,2024-12-03T04:08:00.0000000Z
u0007637,nika_juric7637,Nika Juric,2025-03-06T07:49:00.0000000Z
u0007638,toni_radic7638,Toni Radic,2024-11-28T21:46:00.0000000Z
u0007639,marko_kovacevic7639,Marko Kovacevic,2024-03-11T09:26:00.0000000Z
u0007640,leon_novak7640,Leon Novak,2024-11-21T15:55:00.0000000Z
u0007641,dora_juric7641,Dora Juric,2024-11-17T09:44:00.0000000Z
u0007642,ana_knezevic7642,Ana Knezevic,2025-08-18T20:43:00.0000000Z
u0007643,ines_curic7643,Ines Curic,2025-12-09T03:42:00.0000000Z
u0007644,lana_kovac7644,Lana Kovac,2024-01-21T15:25:00.0000000Z
u0007645,sara_kovac7645,Sara Kovac,2025-02-15T02:46:00.0000000Z
u0007646,toni_babic7646,Toni Babic,2025-06-13T09:41:00.0000000Z
u0007647,iva_zoric7647,Iva Zoric,2025-07-29T19:49:00.0000000Z
u0007648,luka_perkovic7648,Luka Perkovic,2025-12-08T12:25:00.0000000Z
u0007649,dario_curic7649,Dario Curic,2024-02-16T02:20:00.0000000Z
u0007650,ines_kolar7650,Ines Kolar,2025-11-24T20:55:00.0000000Z
u0007651,dario_vidovic7651,Dario Vidovic,2024-05-27T12:32:00.0000000Z
u0007652,dario_matic7652,Dario Matic,2024-03-23T00:27:00.0000000Z
u0007653,dario_horvat7653,Dario Horvat,2025-02-08T10:34:00.0000000Z
u0007654,toni_curic7654,Toni Curic,2024-11-18T07:37:00.0000000Z
u0007655,lana_kovac7655,Lana Kovac,2024-05-03T05:36:00.0000000Z
u0007656,nika_curic7656,Nika Curic,2024-12-19T11:45:00.0000000Z
u0007657,ines_radic7657,Ines Radic,2024-04-30T20:47:00.0000000Z
u0007658,mia_maric7658,Mia Maric,2024-11-20T08:29:00.0000000Z
u0007659,sara_kolar7659,Sara Kolar,2025-02-19T07:39:00.0000000Z
u0007660,lana_radic7660,Lana Radic,2025-01-03T08:10:00.0000000Z
u0007661,iva_horvat7661,Iva Horvat,2024-06-24T00:02:00.0000000Z
u0007662,ana_curic7662,Ana Curic,2024-07-15T02:20:00.0000000Z
u0007663,karlo_babic7663,Karlo Babic,2025-02-13T22:54:00.0000000Z
u0007664,lana_kovac7664,Lana Kovac,2024-03-29T13:20:00.0000000Z
u0007665,petra_babic7665,Petra Babic,2025-09-02T09:11:00.0000000Z
u0007666,filip_kolar7666,Filip Kolar,2025-03-20T10:58:00.0000000Z
u0007667,karlo_sever7667,Karlo Sever,2025-12-15T18:15:00.0000000Z
u0007668,nika_sever7668,Nika Sever,2024-05-07T04:34:00.0000000Z
u0007669,iva_maric7669,Iva Maric,2025-05-04T11:53:00.0000000Z
u0007670,iva_barisic7670,Iva Barisic,2025-06-25T22:46:00.0000000Z
u0007671,dario_horvat7671,Dario Horvat,2025-01-11T20:55:00.0000000Z
u0007672,ana_barisic7672,Ana Barisic,2025-11-01T03:48:00.0000000Z
u0007673,luka_matic7673,Luka Matic,2024-04-11T17:17:00.0000000Z
u0007674,leon_kolar7674,Leon Kolar,2025-08-02T13:14:00.0000000Z
u0007675,leon_knezevic7675,Leon Knezevic,2024-11-18T00:01:00.0000000Z
u0007676,ana_novak7676,Ana Novak,2024-01-06T09:15:00.0000000Z
u0007677,toni_kovacevic7677,Toni Kovacevic,2024-01-16T22:33:00.0000000Z
u0007678,dora_perkovic7678,Dora Perkovic,2025-02-06T10:21:00.0000000Z
u0007679,dario_maric7679,Dario Maric,2024-01-29T06:39:00.0000000Z
u0007680,ivan_novak7680,Ivan Novak,2025-07-22T07:14:00.0000000Z
u0007681,nika_kovac7681,Nika Kovac,2024-07-05T11:29:00.0000000Z
u0007682,karlo_curic7682,Karlo Curic,2024-02-04T05:49:00.0000000Z
u0007683,toni_babic7683,Toni Babic,2024-08-01T07:15:00.0000000Z
u0007684,leon_babic7684,Leon Babic,2024-07-05T15:39:00.0000000Z
u0007685,lana_curic7685,Lana Curic,2024-06-13T03:25:00.0000000Z
u0007686,petra_perkovic7686,Petra Perkovic,2025-01-27T06:25:00.0000000Z
u0007687,bruno_kolar7687,Bruno Kolar,2025-12-07T01:38:00.0000000Z
u0007688,sara_babic7688,Sara Babic,2025-02-27T09:04:00.0000000Z
u0007689,bruno_simic7689,Bruno Simic,2024-09-28T14:21:00.0000000Z
u0007690,dora_radic7690,Dora Radic,2025-05-13T06:48:00.0000000Z
u0007691,ines_babic7691,Ines Babic,2024-06-22T10:57:00.0000000Z
u0007692,mia_kovacevic7692,Mia Kovacevic,2025-05-01T14:40:00.0000000Z
u0007693,dario_babic7693,Dario Babic,2025-01-25T07:10:00.0000000Z
u0007694,mia_knezevic7694,Mia Knezevic,2024-02-27T03:54:00.0000000Z
u0007695,bruno_perkovic7695,Bruno Perkovic,2024-04-30T03:16:00.0000000Z
u0007696,iva_matic7696,Iva Matic,2025-07-16T10:56:00.0000000Z
u0007697,filip_kovacevic7697,Filip Kovacevic,2025-01-13T02:06:00.0000000Z
u0007698,dario_kovacevic7698,Dario Kovacevic,2024-12-26T13:59:00.0000000Z
u0007699,karlo_curic7699,Karlo Curic,2025-11-01T18:04:00.0000000Z
u0007700,sara_kovac7700,Sara Kovac,2024-08-24T13:22:00.0000000Z
u0007701,sara_pavlovic7701,Sara Pavlovic,2025-03-12T08:14:00.0000000Z
u0007702,toni_horvat7702,Toni Horvat,2024-01-07T16:30:00.0000000Z
u0007703,ana_babic7703,Ana Babic,2025-03-12T14:45:00.0000000Z
u0007704,nika_pavlovic7704,Nika Pavlovic,2025-02-07T12:59:00.0000000Z
u0007705,ana_kovacevic7705,Ana Kovacevic,2024-08-08T01:38:00.0000000Z
u0007706,ines_curic7706,Ines Curic,2024-12-01T10:50:00.0000000Z
u0007707,josip_sever7707,Josip Sever,2024-03-08T17:07:00.0000000Z
u0007708,toni_pavlovic7708,Toni Pavlovic,2024-05-14T03:32:00.0000000Z
u0007709,petra_vukovic7709,Petra Vukovic,2025-08-09T21:12:00.0000000Z
u0007710,bruno_radic7710,Bruno Radic,2024-09-25T00:58:00.0000000Z
u0007711,bruno_barisic7711,Bruno Barisic,2024-01-04T12:48:00.0000000Z
u0007712,luka_kolar7712,Luka Kolar,2025-08-06T09:11:00.0000000Z
u0007713,lana_babic7713,Lana Babic,2025-04-20T09:41:00.0000000Z
u0007714,petra_kolar7714,Petra Kolar,2024-10-05T19:22:00.0000000Z
u0007715,petra_zoric7715,Petra Zoric,2025-05-21T05:40:00.0000000Z
u0007716,dora_matic7716,Dora Matic,2025-12-26T04:33:00.0000000Z
u0007717,petra_curic7717,Petra Curic,2025-12-21T11:12:00.0000000Z
u0007718,lana_juric7718,Lana Juric,2024-04-15T06:35:00.0000000Z
u0007719,luka_kovac7719,Luka Kovac,2024-01-02T02:12:00.0000000Z
u0007720,josip_knezevic7720,Josip Knezevic,2025-04-27T11:17:00.0000000Z
u0007721,luka_juric7721,Luka Juric,2025-02-12T03:10:00.0000000Z
u0007722,luka_vidovic7722,Luka Vidovic,2025-07-26T03:55:00.0000000Z
u0007723,dario_zoric7723,Dario Zoric,2025-03-28T07:37:00.0000000Z
u0007724,dario_knezevic7724,Dario Knezevic,2025-09-06T23:03:00.0000000Z
u0007725,karlo_juric7725,Karlo Juric,2024-05-30T15:07:00.0000000Z
u0007726,bruno_knezevic7726,Bruno Knezevic,2025-09-27T09:26:00.0000000Z
u0007727,lana_maric7727,Lana Maric,2025-10-03T19:57:00.0000000Z
u0007728,karlo_simic7728,Karlo Simic,2025-04-02T20:35:00.0000000Z
u0007729,mia_juric7729,Mia Juric,2025-03-16T02:42:00.0000000Z
u0007730,ines_sever7730,Ines Sever,2025-04-16T14:40:00.0000000Z
u0007731,iva_kovac7731,Iva Kovac,2025-04-27T05:49:00.0000000Z
u0007732,dora_sever7732,Dora Sever,2024-12-11T18:29:00.0000000Z
u0007733,karlo_curic7733,Karlo Curic,2025-11-30T02:02:00.0000000Z
u0007734,leon_knezevic7734,Leon Knezevic,2025-05-30T19:32:00.0000000Z
u0007735,mia_perkovic7735,Mia Perkovic,2025-01-10T05:47:00.0000000Z
u0007736,marko_perkovic7736,Marko Perkovic,2024-01-01T01:36:00.0000000Z
u0007737,leon_radic7737,Leon Radic,2025-04-15T04:50:00.0000000Z
u0007738,marko_curic7738,Marko Curic,2024-06-28T04:08:00.0000000Z
u0007739,iva_vukovic7739,Iva Vukovic,2025-06-11T23:05:00.0000000Z
u0007740,leon_barisic7740,Leon Barisic,2025-01-16T02:46:00.0000000Z
u0007741,petra_perkovic7741,Petra Perkovic,2025-08-16T07:53:00.0000000Z
u0007742,dora_kolar7742,Dora Kolar,2024-09-06T11:07:00.0000000Z
u0007743,petra_vidovic7743,Petra Vidovic,2024-08-14T03:32:00.0000000Z
u0007744,bruno_barisic7744,Bruno Barisic,2024-12-22T00:48:00.0000000Z
u0007745,leon_simic7745,Leon Simic,2025-07-25T02:39:00.0000000Z
u0007746,petra_knezevic7746,Petra Knezevic,2025-09-20T12:43:00.0000000Z
u0007747,marko_novak7747,Marko Novak,2025-04-10T07:16:00.0000000Z
u0007748,toni_curic7748,Toni Curic,2024-11-30T23:03:00.0000000Z
u0007749,ana_perkovic7749,Ana Perkovic,2024-04-14T08:07:00.0000000Z
u0007750,josip_novak7750,Josip Novak,2025-02-09T12:49:00.0000000Z
u0007751,iva_barisic7751,Iva Barisic,2024-03-07T06:24:00.0000000Z
u0007752,josip_kolar7752,Josip Kolar,2025-06-16T18:57:00.0000000Z
u0007753,ines_knezevic7753,Ines Knezevic,2025-12-20T10:26:00.0000000Z
u0007754,petra_sever7754,Petra Sever,2025-08-31T03:21:00.0000000Z
u0007755,sara_novak7755,Sara Novak,2025-04-06T16:56:00.0000000Z
u0007756,petra_novak7756,Petra Novak,2024-09-07T10:42:00.0000000Z
u0007757,lana_pavlovic7757,Lana Pavlovic,2025-11-30T06:56:00.0000000Z
u0007758,ines_vidovic7758,Ines Vidovic,2025-03-24T22:23:00.0000000Z
u0007759,ines_simic7759,Ines Simic,2025-07-12T03:13:00.0000000Z
u0007760,mia_sever7760,Mia Sever,2024-01-28T19:14:00.0000000Z
u0007761,petra_zoric7761,Petra Zoric,2025-03-20T19:40:00.0000000Z
u0007762,iva_sever7762,Iva Sever,2025-12-28T19:55:00.0000000Z
u0007763,mia_matic7763,Mia Matic,2025-09-13T19:35:00.0000000Z
u0007764,ivan_juric7764,Ivan Juric,2024-01-27T15:43:00.0000000Z
u0007765,ines_curic7765,Ines Curic,2024-07-18T06:42:00.0000000Z
u0007766,karlo_curic7766,Karlo Curic,2025-06-07T19:54:00.0000000Z
u0007767,karlo_vidovic7767,Karlo Vidovic,2024-11-23T04:51:00.0000000Z
u0007768,iva_sever7768,Iva Sever,2025-03-13T16:08:00.0000000Z
u0007769,nika_barisic7769,Nika Barisic,2024-02-22T17:51:00.0000000Z
u0007770,lana_simic7770,Lana Simic,2024-04-20T00:24:00.0000000Z
u0007771,dora_radic7771,Dora Radic,2024-11-08T20:53:00.0000000Z
u0007772,leon_sever7772,Leon Sever,2024-05-23T03:21:00.0000000Z
u0007773,luka_curic7773,Luka Curic,2024-06-11T17:36:00.0000000Z
u0007774,toni_zoric7774,Toni Zoric,2025-06-25T01:13:00.0000000Z
u0007775,lana_knezevic7775,Lana Knezevic,2024-08-29T02:10:00.0000000Z
u0007776,leon_sever7776,Leon Sever,2025-10-02T19:38:00.0000000Z
u0007777,filip_kovac7777,Filip Kovac,2025-04-30T21:05:00.0000000Z
u0007778,ana_radic7778,Ana Radic,2024-04-02T01:18:00.0000000Z
u0007779,nika_vukovic7779,Nika Vukovic,2025-08-17T15:20:00.0000000Z
u0007780,ana_maric7780,Ana Maric,2024-03-09T16:12:00.0000000Z
u0007781,leon_curic7781,Leon Curic,2025-11-07T04:20:00.0000000Z
u0007782,bruno_kovac7782,Bruno Kovac,2025-06-23T09:55:00.0000000Z
u0007783,toni_curic7783,Toni Curic,2025-12-07T04:27:00.0000000Z
u0007784,ivan_simic7784,Ivan Simic,2025-12-13T19:41:00.0000000Z
u0007785,lana_maric7785,Lana Maric,2024-03-03T20:09:00.0000000Z
u0007786,bruno_kovacevic7786,Bruno Kovacevic,2025-01-30T06:25:00.0000000Z
u0007787,ema_perkovic7787,Ema Perkovic,2025-10-20T00:56:00.0000000Z
u0007788,petra_babic7788,Petra Babic,2024-12-09T12:13:00.0000000Z
u0007789,lana_curic7789,Lana Curic,2024-01-10T00:07:00.0000000Z
u0007790,filip_vukovic7790,Filip Vukovic,2025-02-23T10:06:00.0000000Z
u0007791,mia_novak7791,Mia Novak,2025-07-22T22:30:00.0000000Z
u0007792,marko_kolar7792,Marko Kolar,2025-09-03T23:16:00.0000000Z
u0007793,karlo_zoric7793,Karlo Zoric,2024-08-24T01:49:00.0000000Z
u0007794,nika_kovacevic7794,Nika Kovacevic,2024-02-12T21:00:00.0000000Z
u0007795,leon_juric7795,Leon Juric,2024-12-30T19:19:00.0000000Z
u0007796,sara_simic7796,Sara Simic,2024-09-02T17:34:00.0000000Z
u0007797,ana_barisic7797,Ana Barisic,2024-03-06T23:15:00.0000000Z
u0007798,ema_kolar7798,Ema Kolar,2024-12-16T18:10:00.0000000Z
u0007799,petra_kolar7799,Petra Kolar,2025-07-28T18:01:00.0000000Z
u0007800,lana_novak7800,Lana Novak,2024-05-03T07:31:00.0000000Z
u0007801,bruno_kovacevic7801,Bruno Kovacevic,2025-02-20T10:16:00.0000000Z
u0007802,mia_perkovic7802,Mia Perkovic,2024-09-24T16:05:00.0000000Z
u0007803,petra_vukovic7803,Petra Vukovic,2024-12-16T14:10:00.0000000Z
u0007804,luka_barisic7804,Luka Barisic,2025-01-13T10:23:00.0000000Z
u0007805,luka_perkovic7805,Luka Perkovic,2024-09-21T18:16:00.0000000Z
u0007806,karlo_juric7806,Karlo Juric,2025-09-26T04:00:00.0000000Z
u0007807,dora_zoric7807,Dora Zoric,2024-09-24T03:26:00.0000000Z
u0007808,sara_juric7808,Sara Juric,2024-12-12T14:03:00.0000000Z
u0007809,lana_babic7809,Lana Babic,2024-12-11T14:36:00.0000000Z
u0007810,ema_curic7810,Ema Curic,2025-12-16T15:04:00.0000000Z
u0007811,ivan_vukovic7811,Ivan Vukovic,2025-02-23T04:01:00.0000000Z
u0007812,petra_barisic7812,Petra Barisic,2024-01-06T21:09:00.0000000Z
u0007813,lana_radic7813,Lana Radic,2025-02-19T21:00:00.0000000Z
u0007814,marko_matic7814,Marko Matic,2024-05-16T04:05:00.0000000Z
u0007815,ines_zoric7815,Ines Zoric,2025-12-24T04:01:00.0000000Z
u0007816,nika_kovac7816,Nika Kovac,2024-02-15T15:48:00.0000000Z
u0007817,marko_kovacevic7817,Marko Kovacevic,2024-11-21T20:48:00.0000000Z
u0007818,leon_matic7818,Leon Matic,2024-11-02T13:59:00.0000000Z
u0007819,karlo_kovac7819,Karlo Kovac,2024-02-01T08:47:00.0000000Z
u0007820,ivan_curic7820,Ivan Curic,2025-03-04T12:13:00.0000000Z
u0007821,ines_barisic7821,Ines Barisic,2024-11-09T14:46:00.0000000Z
u0007822,lana_maric7822,Lana Maric,2025-01-24T01:58:00.0000000Z
u0007823,leon_kovac7823,Leon Kovac,2025-08-16T15:17:00.0000000Z
u0007824,mia_vukovic7824,Mia Vukovic,2025-07-13T10:13:00.0000000Z
u0007825,ema_vidovic7825,Ema Vidovic,2024-08-09T21:39:00.0000000Z
u0007826,petra_vidovic7826,Petra Vidovic,2024-12-09T06:11:00.0000000Z
u0007827,lana_curic7827,Lana Curic,2024-02-08T22:45:00.0000000Z
u0007828,josip_maric7828,Josip Maric,2025-03-03T22:48:00.0000000Z
u0007829,dario_babic7829,Dario Babic,2025-09-30T05:32:00.0000000Z
u0007830,petra_vukovic7830,Petra Vukovic,2025-08-17T03:12:00.0000000Z
u0007831,dora_vukovic7831,Dora Vukovic,2025-03-20T13:20:00.0000000Z
u0007832,dora_novak7832,Dora Novak,2025-03-09T11:22:00.0000000Z
u0007833,iva_vukovic7833,Iva Vukovic,2025-03-10T16:37:00.0000000Z
u0007834,lana_pavlovic7834,Lana Pavlovic,2025-12-24T18:02:00.0000000Z
u0007835,luka_zoric7835,Luka Zoric,2025-12-27T18:08:00.0000000Z
u0007836,sara_pavlovic7836,Sara Pavlovic,2025-04-17T09:34:00.0000000Z
u0007837,marko_pavlovic7837,Marko Pavlovic,2024-06-18T00:05:00.0000000Z
u0007838,nika_pavlovic7838,Nika Pavlovic,2025-12-28T09:29:00.0000000Z
u0007839,dario_matic7839,Dario Matic,2025-06-07T12:24:00.0000000Z
u0007840,karlo_sever7840,Karlo Sever,2024-02-17T00:24:00.0000000Z
u0007841,sara_zoric7841,Sara Zoric,2025-06-03T20:03:00.0000000Z
u0007842,dora_vukovic7842,Dora Vukovic,2025-12-03T02:40:00.0000000Z
u0007843,petra_kovacevic7843,Petra Kovacevic,2025-03-12T11:53:00.0000000Z
u0007844,bruno_knezevic7844,Bruno Knezevic,2024-12-03T22:50:00.0000000Z
u0007845,ines_horvat7845,Ines Horvat,2024-07-26T15:30:00.0000000Z
u0007846,ivan_maric7846,Ivan Maric,2024-11-01T01:39:00.0000000Z
u0007847,nika_barisic7847,Nika Barisic,2025-01-09T08:13:00.0000000Z
u0007848,luka_horvat7848,Luka Horvat,2025-06-15T09:31:00.0000000Z
u0007849,nika_vukovic7849,Nika Vukovic,2025-07-24T04:19:00.0000000Z
u0007850,toni_knezevic7850,Toni Knezevic,2025-07-06T23:04:00.0000000Z
u0007851,ines_curic7851,Ines Curic,2024-10-11T23:28:00.0000000Z
u0007852,dario_zoric7852,Dario Zoric,2025-09-03T14:10:00.0000000Z
u0007853,ema_juric7853,Ema Juric,2024-09-29T18:01:00.0000000Z
u0007854,ana_radic7854,Ana Radic,2024-08-09T08:46:00.0000000Z
u0007855,ana_knezevic7855,Ana Knezevic,2024-05-26T18:40:00.0000000Z
u0007856,iva_perkovic7856,Iva Perkovic,2025-03-03T02:12:00.0000000Z
u0007857,bruno_matic7857,Bruno Matic,2024-08-22T04:25:00.0000000Z
u0007858,ema_juric7858,Ema Juric,2024-03-22T21:08:00.0000000Z
u0007859,nika_knezevic7859,Nika Knezevic,2025-07-02T18:37:00.0000000Z
u0007860,dora_knezevic7860,Dora Knezevic,2025-12-28T22:59:00.0000000Z
u0007861,petra_radic7861,Petra Radic,2025-09-25T02:55:00.0000000Z
u0007862,karlo_vidovic7862,Karlo Vidovic,2025-01-06T12:41:00.0000000Z
u0007863,ivan_kovacevic7863,Ivan Kovacevic,2024-06-15T02:22:00.0000000Z
u0007864,josip_zoric7864,Josip Zoric,2025-10-27T09:49:00.0000000Z
u0007865,ana_simic7865,Ana Simic,2024-08-29T17:59:00.0000000Z
u0007866,luka_maric7866,Luka Maric,2025-04-06T15:39:00.0000000Z
u0007867,dario_vidovic7867,Dario Vidovic,2025-05-21T20:44:00.0000000Z
u0007868,petra_curic7868,Petra Curic,2025-12-14T10:32:00.0000000Z
u0007869,josip_simic7869,Josip Simic,2025-04-27T10:04:00.0000000Z
u0007870,ema_sever7870,Ema Sever,2024-09-25T05:08:00.0000000Z
u0007871,ivan_juric7871,Ivan Juric,2025-08-31T03:27:00.0000000Z
u0007872,mia_barisic7872,Mia Barisic,2025-12-14T20:39:00.0000000Z
u0007873,josip_novak7873,Josip Novak,2025-02-21T18:43:00.0000000Z
u0007874,sara_perkovic7874,Sara Perkovic,2024-09-15T15:40:00.0000000Z
u0007875,mia_juric7875,Mia Juric,2025-05-18T02:02:00.0000000Z
u0007876,josip_juric7876,Josip Juric,2025-05-22T22:03:00.0000000Z
u0007877,iva_kovacevic7877,Iva Kovacevic,2024-07-04T02:11:00.0000000Z
u0007878,marko_matic7878,Marko Matic,2025-03-16T07:07:00.0000000Z
u0007879,filip_sever7879,Filip Sever,2025-04-15T07:10:00.0000000Z
u0007880,ines_knezevic7880,Ines Knezevic,2024-07-05T23:07:00.0000000Z
u0007881,karlo_zoric7881,Karlo Zoric,2024-09-22T21:19:00.0000000Z
u0007882,ines_vukovic7882,Ines Vukovic,2024-12-21T19:16:00.0000000Z
u0007883,ivan_perkovic7883,Ivan Perkovic,2025-05-28T20:07:00.0000000Z
u0007884,mia_zoric7884,Mia Zoric,2025-12-08T13:24:00.0000000Z
u0007885,ivan_vidovic7885,Ivan Vidovic,2024-03-26T23:58:00.0000000Z
u0007886,filip_vidovic7886,Filip Vidovic,2025-04-08T17:13:00.0000000Z
u0007887,ema_horvat7887,Ema Horvat,2024-08-23T09:03:00.0000000Z
u0007888,dora_matic7888,Dora Matic,2025-04-10T07:18:00.0000000Z
u0007889,marko_sever7889,Marko Sever,2025-09-03T15:45:00.0000000Z
u0007890,luka_kovac7890,Luka Kovac,2025-09-25T20:50:00.0000000Z
u0007891,filip_radic7891,Filip Radic,2025-08-10T14:41:00.0000000Z
u0007892,filip_vidovic7892,Filip Vidovic,2025-10-20T04:50:00.0000000Z
u0007893,dora_matic7893,Dora Matic,2025-10-22T10:51:00.0000000Z
u0007894,luka_kovacevic7894,Luka Kovacevic,2025-03-04T14:33:00.0000000Z
u0007895,dora_knezevic7895,Dora Knezevic,2025-02-18T23:08:00.0000000Z
u0007896,ema_kovac7896,Ema Kovac,2025-03-30T10:49:00.0000000Z
u0007897,lana_sever7897,Lana Sever,2024-04-16T17:57:00.0000000Z
u0007898,ana_pavlovic7898,Ana Pavlovic,2024-10-01T18:07:00.0000000Z
u0007899,leon_barisic7899,Leon Barisic,2024-08-04T21:50:00.0000000Z
u0007900,bruno_kolar7900,Bruno Kolar,2024-10-14T13:13:00.0000000Z
u0007901,toni_vidovic7901,Toni Vidovic,2025-03-09T19:47:00.0000000Z
u0007902,karlo_horvat7902,Karlo Horvat,2024-06-15T04:07:00.0000000Z
u0007903,petra_kolar7903,Petra Kolar,2025-12-24T05:30:00.0000000Z
u0007904,luka_kovacevic7904,Luka Kovacevic,2024-09-05T23:40:00.0000000Z
u0007905,bruno_kovac7905,Bruno Kovac,2025-05-23T11:48:00.0000000Z
u0007906,bruno_sever7906,Bruno Sever,2024-02-20T17:23:00.0000000Z
u0007907,ivan_vidovic7907,Ivan Vidovic,2025-10-24T10:31:00.0000000Z
u0007908,luka_kolar7908,Luka Kolar,2024-03-21T19:36:00.0000000Z
u0007909,bruno_kovacevic7909,Bruno Kovacevic,2025-11-20T05:33:00.0000000Z
u0007910,josip_vukovic7910,Josip Vukovic,2025-12-02T12:45:00.0000000Z
u0007911,toni_juric7911,Toni Juric,2025-07-02T08:19:00.0000000Z
u0007912,dario_simic7912,Dario Simic,2024-12-18T02:11:00.0000000Z
u0007913,dora_maric7913,Dora Maric,2024-10-24T21:56:00.0000000Z
u0007914,filip_babic7914,Filip Babic,2024-08-18T04:42:00.0000000Z
u0007915,toni_juric7915,Toni Juric,2025-03-23T10:28:00.0000000Z
u0007916,karlo_juric7916,Karlo Juric,2025-01-11T06:11:00.0000000Z
u0007917,sara_maric7917,Sara Maric,2025-10-26T04:31:00.0000000Z
u0007918,luka_perkovic7918,Luka Perkovic,2025-10-31T04:07:00.0000000Z
u0007919,lana_knezevic7919,Lana Knezevic,2024-03-16T20:52:00.0000000Z
u0007920,lana_babic7920,Lana Babic,2025-05-22T08:18:00.0000000Z
u0007921,ema_kolar7921,Ema Kolar,2024-09-20T19:48:00.0000000Z
u0007922,ana_pavlovic7922,Ana Pavlovic,2024-03-04T06:23:00.0000000Z
u0007923,nika_novak7923,Nika Novak,2025-01-24T22:26:00.0000000Z
u0007924,luka_kolar7924,Luka Kolar,2025-08-19T07:26:00.0000000Z
u0007925,sara_kolar7925,Sara Kolar,2025-06-02T00:04:00.0000000Z
u0007926,nika_simic7926,Nika Simic,2024-12-13T01:07:00.0000000Z
u0007927,lana_curic7927,Lana Curic,2024-02-03T15:58:00.0000000Z
u0007928,josip_kolar7928,Josip Kolar,2024-05-14T09:56:00.0000000Z
u0007929,ivan_vukovic7929,Ivan Vukovic,2025-03-17T22:27:00.0000000Z
u0007930,karlo_horvat7930,Karlo Horvat,2024-03-27T04:40:00.0000000Z
u0007931,mia_radic7931,Mia Radic,2024-02-01T06:14:00.0000000Z
u0007932,bruno_kovac7932,Bruno Kovac,2024-10-07T11:56:00.0000000Z
u0007933,dora_pavlovic7933,Dora Pavlovic,2025-04-24T23:55:00.0000000Z
u0007934,dario_novak7934,Dario Novak,2024-02-12T22:49:00.0000000Z
u0007935,dora_matic7935,Dora Matic,2024-11-28T19:52:00.0000000Z
u0007936,ivan_simic7936,Ivan Simic,2025-11-09T16:44:00.0000000Z
u0007937,luka_barisic7937,Luka Barisic,2025-09-12T22:58:00.0000000Z
u0007938,toni_sever7938,Toni Sever,2024-05-23T11:49:00.0000000Z
u0007939,toni_barisic7939,Toni Barisic,2025-12-21T11:53:00.0000000Z
u0007940,petra_sever7940,Petra Sever,2024-06-20T09:33:00.0000000Z
u0007941,lana_zoric7941,Lana Zoric,2024-05-22T13:47:00.0000000Z
u0007942,josip_vidovic7942,Josip Vidovic,2024-06-19T05:06:00.0000000Z
u0007943,iva_curic7943,Iva Curic,2025-05-04T16:40:00.0000000Z
u0007944,filip_pavlovic7944,Filip Pavlovic,2025-12-17T11:01:00.0000000Z
u0007945,karlo_sever7945,Karlo Sever,2025-05-27T05:37:00.0000000Z
u0007946,dora_knezevic7946,Dora Knezevic,2024-07-25T17:33:00.0000000Z
u0007947,bruno_sever7947,Bruno Sever,2025-08-14T17:33:00.0000000Z
u0007948,sara_pavlovic7948,Sara Pavlovic,2024-04-04T22:05:00.0000000Z
u0007949,ema_kolar7949,Ema Kolar,2025-01-17T03:33:00.0000000Z
u0007950,karlo_kovac7950,Karlo Kovac,2024-05-27T21:15:00.0000000Z
u0007951,mia_zoric7951,Mia Zoric,2025-03-31T04:03:00.0000000Z
u0007952,josip_horvat7952,Josip Horvat,2024-12-01T15:49:00.0000000Z
u0007953,ines_simic7953,Ines Simic,2025-04-04T16:22:00.0000000Z
u0007954,luka_kovacevic7954,Luka Kovacevic,2025-03-27T03:11:00.0000000Z
u0007955,ema_barisic7955,Ema Barisic,2024-07-05T23:55:00.0000000Z
u0007956,ines_vidovic7956,Ines Vidovic,2024-01-11T09:59:00.0000000Z
u0007957,lana_perkovic7957,Lana Perkovic,2024-10-24T07:34:00.0000000Z
u0007958,bruno_knezevic7958,Bruno Knezevic,2024-01-15T21:23:00.0000000Z
u0007959,josip_vidovic7959,Josip Vidovic,2024-04-03T10:56:00.0000000Z
u0007960,ivan_babic7960,Ivan Babic,2024-03-03T18:44:00.0000000Z
u0007961,bruno_curic7961,Bruno Curic,2025-10-07T08:30:00.0000000Z
u0007962,lana_curic7962,Lana Curic,2025-09-20T21:54:00.0000000Z
u0007963,mia_vukovic7963,Mia Vukovic,2025-11-07T08:53:00.0000000Z
u0007964,luka_babic7964,Luka Babic,2025-10-06T01:38:00.0000000Z
u0007965,sara_radic7965,Sara Radic,2025-04-11T15:14:00.0000000Z
u0007966,petra_knezevic7966,Petra Knezevic,2025-06-28T08:17:00.0000000Z
u0007967,ines_vukovic7967,Ines Vukovic,2025-11-16T15:00:00.0000000Z
u0007968,dario_vukovic7968,Dario Vukovic,2024-10-20T22:06:00.0000000Z
u0007969,iva_perkovic7969,Iva Perkovic,2024-08-27T03:14:00.0000000Z
u0007970,toni_sever7970,Toni Sever,2024-06-23T17:58:00.0000000Z
u0007971,filip_zoric7971,Filip Zoric,2024-10-31T01:54:00.0000000Z
u0007972,dario_radic7972,Dario Radic,2024-10-12T13:06:00.0000000Z
u0007973,bruno_zoric7973,Bruno Zoric,2025-11-27T03:46:00.0000000Z
u0007974,mia_radic7974,Mia Radic,2024-10-30T07:43:00.0000000Z
u0007975,ivan_juric7975,Ivan Juric,2025-01-27T15:05:00.0000000Z
u0007976,dario_kovac7976,Dario Kovac,2025-11-19T20:28:00.0000000Z
u0007977,mia_novak7977,Mia Novak,2024-10-10T20:32:00.0000000Z
u0007978,mia_maric7978,Mia Maric,2025-07-01T18:19:00.0000000Z
u0007979,marko_novak7979,Marko Novak,2025-02-24T18:32:00.0000000Z
u0007980,lana_perkovic7980,Lana Perkovic,2024-06-20T06:23:00.0000000Z
u0007981,dario_zoric7981,Dario Zoric,2024-10-16T12:27:00.0000000Z
u0007982,sara_curic7982,Sara Curic,2024-08-25T14:45:00.0000000Z
u0007983,lana_babic7983,Lana Babic,2025-12-25T10:06:00.0000000Z
u0007984,luka_matic7984,Luka Matic,2025-04-02T00:59:00.0000000Z
u0007985,iva_matic7985,Iva Matic,2025-10-09T12:45:00.0000000Z
u0007986,dario_knezevic7986,Dario Knezevic,2024-03-12T19:51:00.0000000Z
u0007987,ines_juric7987,Ines Juric,2025-04-14T12:34:00.0000000Z
u0007988,mia_novak7988,Mia Novak,2025-07-13T20:45:00.0000000Z
u0007989,ines_curic7989,Ines Curic,2025-03-18T23:48:00.0000000Z
u0007990,sara_vukovic7990,Sara Vukovic,2024-08-16T05:12:00.0000000Z
u0007991,karlo_juric7991,Karlo Juric,2024-03-26T22:57:00.0000000Z
u0007992,bruno_barisic7992,Bruno Barisic,2025-07-06T04:41:00.0000000Z
u0007993,ana_knezevic7993,Ana Knezevic,2024-09-07T07:28:00.0000000Z
u0007994,luka_kovac7994,Luka Kovac,2025-11-17T13:36:00.0000000Z
u0007995,dora_babic7995,Dora Babic,2025-07-18T05:54:00.0000000Z
u0007996,iva_simic7996,Iva Simic,2025-06-03T21:23:00.0000000Z
u0007997,ines_pavlovic7997,Ines Pavlovic,2025-07-22T15:32:00.0000000Z
u0007998,lana_pavlovic7998,Lana Pavlovic,2024-10-20T21:56:00.0000000Z
u0007999,nika_babic7999,Nika Babic,2025-01-23T23:47:00.0000000Z
u0008000,toni_vidovic8000,Toni Vidovic,2025-12-02T06:40:00.0000000Z
u0008001,bruno_zoric8001,Bruno Zoric,2025-06-04T09:39:00.0000000Z
u0008002,sara_knezevic8002,Sara Knezevic,2024-05-30T11:26:00.0000000Z
u0008003,dario_kovac8003,Dario Kovac,2025-03-27T12:46:00.0000000Z
u0008004,marko_radic8004,Marko Radic,2024-01-16T06:15:00.0000000Z
u0008005,iva_perkovic8005,Iva Perkovic,2024-06-03T01:34:00.0000000Z
u0008006,bruno_knezevic8006,Bruno Knezevic,2024-03-05T20:28:00.0000000Z
u0008007,dora_kovac8007,Dora Kovac,2024-09-19T04:07:00.0000000Z
u0008008,ines_vidovic8008,Ines Vidovic,2025-07-18T21:26:00.0000000Z
u0008009,dario_kovacevic8009,Dario Kovacevic,2025-04-09T04:52:00.0000000Z
u0008010,bruno_babic8010,Bruno Babic,2025-06-02T19:28:00.0000000Z
u0008011,luka_vukovic8011,Luka Vukovic,2025-02-15T16:42:00.0000000Z
u0008012,mia_matic8012,Mia Matic,2024-07-08T14:02:00.0000000Z
u0008013,luka_juric8013,Luka Juric,2025-05-25T20:28:00.0000000Z
u0008014,nika_juric8014,Nika Juric,2025-01-12T15:00:00.0000000Z
u0008015,ivan_kolar8015,Ivan Kolar,2024-03-27T08:24:00.0000000Z
u0008016,iva_kolar8016,Iva Kolar,2025-12-04T20:42:00.0000000Z
u0008017,petra_barisic8017,Petra Barisic,2025-06-07T15:29:00.0000000Z
u0008018,josip_pavlovic8018,Josip Pavlovic,2025-06-30T15:36:00.0000000Z
u0008019,toni_vidovic8019,Toni Vidovic,2025-12-28T14:08:00.0000000Z
u0008020,leon_babic8020,Leon Babic,2024-03-11T11:41:00.0000000Z
u0008021,nika_zoric8021,Nika Zoric,2025-11-21T03:32:00.0000000Z
u0008022,leon_curic8022,Leon Curic,2024-03-25T08:28:00.0000000Z
u0008023,lana_vukovic8023,Lana Vukovic,2024-04-25T21:18:00.0000000Z
u0008024,dora_matic8024,Dora Matic,2024-04-27T14:55:00.0000000Z
u0008025,mia_knezevic8025,Mia Knezevic,2025-08-31T08:21:00.0000000Z
u0008026,karlo_vidovic8026,Karlo Vidovic,2024-02-21T04:30:00.0000000Z
u0008027,sara_zoric8027,Sara Zoric,2025-03-24T09:33:00.0000000Z
u0008028,sara_radic8028,Sara Radic,2024-06-23T08:43:00.0000000Z
u0008029,dora_zoric8029,Dora Zoric,2025-07-04T02:43:00.0000000Z
u0008030,karlo_zoric8030,Karlo Zoric,2025-05-03T20:50:00.0000000Z
u0008031,ema_juric8031,Ema Juric,2024-04-01T14:14:00.0000000Z
u0008032,toni_sever8032,Toni Sever,2024-12-02T16:29:00.0000000Z
u0008033,nika_maric8033,Nika Maric,2025-08-25T18:21:00.0000000Z
u0008034,ana_kovacevic8034,Ana Kovacevic,2024-09-11T22:44:00.0000000Z
u0008035,karlo_novak8035,Karlo Novak,2024-10-28T23:50:00.0000000Z
u0008036,nika_kovac8036,Nika Kovac,2024-06-01T04:26:00.0000000Z
u0008037,leon_zoric8037,Leon Zoric,2024-01-17T18:43:00.0000000Z
u0008038,leon_juric8038,Leon Juric,2024-09-27T10:50:00.0000000Z
u0008039,lana_barisic8039,Lana Barisic,2024-07-15T20:24:00.0000000Z
u0008040,bruno_curic8040,Bruno Curic,2024-04-03T01:33:00.0000000Z
u0008041,mia_pavlovic8041,Mia Pavlovic,2025-03-08T13:19:00.0000000Z
u0008042,lana_perkovic8042,Lana Perkovic,2024-05-16T03:16:00.0000000Z
u0008043,ana_zoric8043,Ana Zoric,2024-11-10T08:30:00.0000000Z
u0008044,mia_juric8044,Mia Juric,2025-03-25T02:30:00.0000000Z
u0008045,luka_perkovic8045,Luka Perkovic,2024-12-12T08:40:00.0000000Z
u0008046,ema_barisic8046,Ema Barisic,2024-07-25T19:46:00.0000000Z
u0008047,karlo_knezevic8047,Karlo Knezevic,2025-06-12T22:17:00.0000000Z
u0008048,dario_barisic8048,Dario Barisic,2024-01-16T08:48:00.0000000Z
u0008049,toni_kovacevic8049,Toni Kovacevic,2024-01-04T16:34:00.0000000Z
u0008050,iva_babic8050,Iva Babic,2024-03-12T13:28:00.0000000Z
u0008051,petra_barisic8051,Petra Barisic,2024-07-17T01:58:00.0000000Z
u0008052,sara_pavlovic8052,Sara Pavlovic,2025-04-26T07:16:00.0000000Z
u0008053,iva_kovacevic8053,Iva Kovacevic,2025-02-06T21:13:00.0000000Z
u0008054,luka_radic8054,Luka Radic,2024-07-15T12:04:00.0000000Z
u0008055,iva_radic8055,Iva Radic,2024-12-23T11:46:00.0000000Z
u0008056,josip_perkovic8056,Josip Perkovic,2025-04-05T10:03:00.0000000Z
u0008057,ines_novak8057,Ines Novak,2024-01-24T13:39:00.0000000Z
u0008058,dora_barisic8058,Dora Barisic,2024-12-14T09:55:00.0000000Z
u0008059,josip_vidovic8059,Josip Vidovic,2025-06-25T18:35:00.0000000Z
u0008060,nika_vidovic8060,Nika Vidovic,2024-09-13T21:20:00.0000000Z
u0008061,petra_juric8061,Petra Juric,2025-04-30T08:34:00.0000000Z
u0008062,filip_maric8062,Filip Maric,2024-10-22T09:01:00.0000000Z
u0008063,filip_radic8063,Filip Radic,2024-01-09T18:55:00.0000000Z
u0008064,karlo_radic8064,Karlo Radic,2025-02-05T09:48:00.0000000Z
u0008065,bruno_simic8065,Bruno Simic,2025-10-31T03:30:00.0000000Z
u0008066,lana_zoric8066,Lana Zoric,2024-09-17T02:29:00.0000000Z
u0008067,dario_novak8067,Dario Novak,2025-04-22T14:47:00.0000000Z
u0008068,mia_barisic8068,Mia Barisic,2025-10-21T15:20:00.0000000Z
u0008069,ivan_novak8069,Ivan Novak,2025-12-19T06:41:00.0000000Z
u0008070,iva_juric8070,Iva Juric,2025-08-24T10:41:00.0000000Z
u0008071,leon_maric8071,Leon Maric,2024-12-12T00:35:00.0000000Z
u0008072,petra_horvat8072,Petra Horvat,2024-06-24T02:36:00.0000000Z
u0008073,toni_knezevic8073,Toni Knezevic,2024-09-21T19:34:00.0000000Z
u0008074,ivan_kovac8074,Ivan Kovac,2024-04-09T06:08:00.0000000Z
u0008075,toni_kovac8075,Toni Kovac,2025-06-01T13:53:00.0000000Z
u0008076,lana_juric8076,Lana Juric,2024-07-25T21:36:00.0000000Z
u0008077,nika_curic8077,Nika Curic,2024-02-06T05:09:00.0000000Z
u0008078,mia_horvat8078,Mia Horvat,2025-03-16T12:27:00.0000000Z
u0008079,sara_vidovic8079,Sara Vidovic,2024-11-03T20:03:00.0000000Z
u0008080,iva_juric8080,Iva Juric,2025-12-13T00:19:00.0000000Z
u0008081,josip_radic8081,Josip Radic,2024-07-02T03:49:00.0000000Z
u0008082,petra_barisic8082,Petra Barisic,2024-08-23T20:31:00.0000000Z
u0008083,ivan_radic8083,Ivan Radic,2025-02-07T02:26:00.0000000Z
u0008084,sara_barisic8084,Sara Barisic,2024-08-23T01:25:00.0000000Z
u0008085,dora_knezevic8085,Dora Knezevic,2024-05-07T18:11:00.0000000Z
u0008086,dario_zoric8086,Dario Zoric,2025-07-22T00:27:00.0000000Z
u0008087,petra_simic8087,Petra Simic,2025-11-24T17:23:00.0000000Z
u0008088,bruno_novak8088,Bruno Novak,2024-09-10T20:28:00.0000000Z
u0008089,iva_radic8089,Iva Radic,2024-04-15T21:24:00.0000000Z
u0008090,ines_radic8090,Ines Radic,2024-06-23T05:42:00.0000000Z
u0008091,karlo_vidovic8091,Karlo Vidovic,2024-05-10T05:40:00.0000000Z
u0008092,mia_perkovic8092,Mia Perkovic,2025-01-10T07:13:00.0000000Z
u0008093,ines_knezevic8093,Ines Knezevic,2024-05-13T12:02:00.0000000Z
u0008094,mia_knezevic8094,Mia Knezevic,2025-06-12T03:24:00.0000000Z
u0008095,bruno_barisic8095,Bruno Barisic,2024-03-11T10:19:00.0000000Z
u0008096,bruno_vukovic8096,Bruno Vukovic,2025-03-09T13:12:00.0000000Z
u0008097,josip_maric8097,Josip Maric,2024-02-07T12:47:00.0000000Z
u0008098,toni_simic8098,Toni Simic,2025-05-13T23:15:00.0000000Z
u0008099,ana_kolar8099,Ana Kolar,2024-08-18T22:52:00.0000000Z
u0008100,leon_knezevic8100,Leon Knezevic,2024-09-24T16:07:00.0000000Z
u0008101,petra_novak8101,Petra Novak,2024-01-22T05:20:00.0000000Z
u0008102,filip_barisic8102,Filip Barisic,2024-01-06T20:29:00.0000000Z
u0008103,marko_pavlovic8103,Marko Pavlovic,2025-07-24T17:52:00.0000000Z
u0008104,sara_pavlovic8104,Sara Pavlovic,2024-08-25T08:26:00.0000000Z
u0008105,nika_vidovic8105,Nika Vidovic,2024-05-09T01:20:00.0000000Z
u0008106,luka_sever8106,Luka Sever,2024-09-12T04:04:00.0000000Z
u0008107,ema_horvat8107,Ema Horvat,2024-04-11T11:25:00.0000000Z
u0008108,nika_knezevic8108,Nika Knezevic,2024-08-23T19:24:00.0000000Z
u0008109,petra_maric8109,Petra Maric,2024-07-20T18:26:00.0000000Z
u0008110,lana_vukovic8110,Lana Vukovic,2025-11-20T07:09:00.0000000Z
u0008111,petra_sever8111,Petra Sever,2024-01-13T04:14:00.0000000Z
u0008112,karlo_novak8112,Karlo Novak,2024-05-26T21:31:00.0000000Z
u0008113,sara_knezevic8113,Sara Knezevic,2024-01-19T11:12:00.0000000Z
u0008114,ivan_simic8114,Ivan Simic,2025-07-27T21:30:00.0000000Z
u0008115,karlo_zoric8115,Karlo Zoric,2025-02-02T15:35:00.0000000Z
u0008116,bruno_horvat8116,Bruno Horvat,2025-07-07T07:43:00.0000000Z
u0008117,dario_zoric8117,Dario Zoric,2025-07-02T03:20:00.0000000Z
u0008118,dora_perkovic8118,Dora Perkovic,2024-09-25T00:52:00.0000000Z
u0008119,luka_pavlovic8119,Luka Pavlovic,2025-07-11T03:14:00.0000000Z
u0008120,bruno_babic8120,Bruno Babic,2025-05-14T07:22:00.0000000Z
u0008121,bruno_pavlovic8121,Bruno Pavlovic,2024-06-26T23:19:00.0000000Z
u0008122,karlo_matic8122,Karlo Matic,2025-04-20T11:21:00.0000000Z
u0008123,filip_zoric8123,Filip Zoric,2025-03-14T13:51:00.0000000Z
u0008124,dora_radic8124,Dora Radic,2025-02-06T15:28:00.0000000Z
u0008125,filip_maric8125,Filip Maric,2024-12-03T17:50:00.0000000Z
u0008126,mia_kolar8126,Mia Kolar,2025-05-07T10:31:00.0000000Z
u0008127,iva_matic8127,Iva Matic,2024-04-02T03:47:00.0000000Z
u0008128,dario_sever8128,Dario Sever,2025-02-15T19:24:00.0000000Z
u0008129,petra_novak8129,Petra Novak,2024-08-28T21:46:00.0000000Z
u0008130,toni_simic8130,Toni Simic,2025-02-28T03:18:00.0000000Z
u0008131,josip_sever8131,Josip Sever,2024-07-31T18:36:00.0000000Z
u0008132,filip_vukovic8132,Filip Vukovic,2025-11-13T18:38:00.0000000Z
u0008133,dario_sever8133,Dario Sever,2024-08-10T04:41:00.0000000Z
u0008134,ines_knezevic8134,Ines Knezevic,2024-07-15T14:40:00.0000000Z
u0008135,petra_radic8135,Petra Radic,2024-07-13T00:59:00.0000000Z
u0008136,petra_pavlovic8136,Petra Pavlovic,2024-12-23T00:52:00.0000000Z
u0008137,leon_barisic8137,Leon Barisic,2025-10-10T02:03:00.0000000Z
u0008138,ivan_curic8138,Ivan Curic,2025-04-30T15:15:00.0000000Z
u0008139,nika_novak8139,Nika Novak,2025-04-27T04:49:00.0000000Z
u0008140,sara_pavlovic8140,Sara Pavlovic,2024-06-18T13:04:00.0000000Z
u0008141,filip_perkovic8141,Filip Perkovic,2024-05-19T01:17:00.0000000Z
u0008142,ana_radic8142,Ana Radic,2025-02-01T03:49:00.0000000Z
u0008143,ema_sever8143,Ema Sever,2025-08-11T08:31:00.0000000Z
u0008144,dario_vidovic8144,Dario Vidovic,2025-07-12T04:15:00.0000000Z
u0008145,mia_barisic8145,Mia Barisic,2024-02-01T12:25:00.0000000Z
u0008146,ines_vukovic8146,Ines Vukovic,2024-11-29T14:23:00.0000000Z
u0008147,ema_sever8147,Ema Sever,2025-03-05T11:37:00.0000000Z
u0008148,karlo_kolar8148,Karlo Kolar,2025-06-05T00:26:00.0000000Z
u0008149,sara_kovacevic8149,Sara Kovacevic,2024-02-13T05:59:00.0000000Z
u0008150,toni_zoric8150,Toni Zoric,2024-04-14T20:28:00.0000000Z
u0008151,ema_barisic8151,Ema Barisic,2024-08-29T01:42:00.0000000Z
u0008152,ivan_simic8152,Ivan Simic,2025-07-07T23:17:00.0000000Z
u0008153,ivan_babic8153,Ivan Babic,2025-12-26T08:35:00.0000000Z
u0008154,bruno_curic8154,Bruno Curic,2025-04-26T12:53:00.0000000Z
u0008155,sara_vukovic8155,Sara Vukovic,2024-02-16T23:01:00.0000000Z
u0008156,marko_kolar8156,Marko Kolar,2024-02-04T06:33:00.0000000Z
u0008157,toni_kolar8157,Toni Kolar,2025-09-13T22:28:00.0000000Z
u0008158,luka_vukovic8158,Luka Vukovic,2025-04-19T14:57:00.0000000Z
u0008159,toni_matic8159,Toni Matic,2025-10-29T04:31:00.0000000Z
u0008160,lana_kovacevic8160,Lana Kovacevic,2024-05-17T07:57:00.0000000Z
u0008161,lana_pavlovic8161,Lana Pavlovic,2024-05-25T12:48:00.0000000Z
u0008162,sara_juric8162,Sara Juric,2025-11-22T21:30:00.0000000Z
u0008163,josip_juric8163,Josip Juric,2024-08-13T08:54:00.0000000Z
u0008164,ema_zoric8164,Ema Zoric,2024-06-12T09:31:00.0000000Z
u0008165,lana_simic8165,Lana Simic,2024-02-10T00:56:00.0000000Z
u0008166,leon_maric8166,Leon Maric,2024-09-25T12:29:00.0000000Z
u0008167,toni_simic8167,Toni Simic,2025-04-05T14:41:00.0000000Z
u0008168,ana_horvat8168,Ana Horvat,2024-03-01T09:45:00.0000000Z
u0008169,ema_kovac8169,Ema Kovac,2024-12-17T08:43:00.0000000Z
u0008170,sara_knezevic8170,Sara Knezevic,2024-03-08T21:58:00.0000000Z
u0008171,karlo_pavlovic8171,Karlo Pavlovic,2025-08-14T22:00:00.0000000Z
u0008172,karlo_novak8172,Karlo Novak,2024-08-10T21:28:00.0000000Z
u0008173,lana_horvat8173,Lana Horvat,2024-03-31T22:27:00.0000000Z
u0008174,marko_perkovic8174,Marko Perkovic,2024-11-02T20:39:00.0000000Z
u0008175,bruno_kovacevic8175,Bruno Kovacevic,2025-11-04T14:44:00.0000000Z
u0008176,toni_kolar8176,Toni Kolar,2025-08-10T12:16:00.0000000Z
u0008177,nika_kolar8177,Nika Kolar,2024-08-23T12:08:00.0000000Z
u0008178,dario_vidovic8178,Dario Vidovic,2025-07-06T05:51:00.0000000Z
u0008179,nika_matic8179,Nika Matic,2025-04-04T17:00:00.0000000Z
u0008180,marko_vukovic8180,Marko Vukovic,2024-05-12T10:00:00.0000000Z
u0008181,lana_zoric8181,Lana Zoric,2025-09-27T00:02:00.0000000Z
u0008182,luka_knezevic8182,Luka Knezevic,2024-05-08T11:12:00.0000000Z
u0008183,josip_perkovic8183,Josip Perkovic,2024-09-04T21:53:00.0000000Z
u0008184,bruno_matic8184,Bruno Matic,2024-04-10T00:14:00.0000000Z
u0008185,luka_radic8185,Luka Radic,2025-10-05T08:13:00.0000000Z
u0008186,luka_juric8186,Luka Juric,2025-05-01T10:49:00.0000000Z
u0008187,petra_perkovic8187,Petra Perkovic,2024-08-29T14:44:00.0000000Z
u0008188,sara_kovac8188,Sara Kovac,2025-06-04T11:27:00.0000000Z
u0008189,iva_juric8189,Iva Juric,2025-07-19T13:06:00.0000000Z
u0008190,ivan_novak8190,Ivan Novak,2025-07-12T00:57:00.0000000Z
u0008191,sara_kovacevic8191,Sara Kovacevic,2025-04-19T14:14:00.0000000Z
u0008192,leon_perkovic8192,Leon Perkovic,2025-11-13T03:24:00.0000000Z
u0008193,nika_radic8193,Nika Radic,2025-10-17T19:18:00.0000000Z
u0008194,bruno_novak8194,Bruno Novak,2024-03-01T03:27:00.0000000Z
u0008195,lana_vidovic8195,Lana Vidovic,2024-06-29T04:03:00.0000000Z
u0008196,petra_kovacevic8196,Petra Kovacevic,2024-08-02T23:29:00.0000000Z
u0008197,ines_kovacevic8197,Ines Kovacevic,2024-05-24T20:35:00.0000000Z
u0008198,dora_sever8198,Dora Sever,2025-05-31T04:59:00.0000000Z
u0008199,ines_zoric8199,Ines Zoric,2025-05-03T19:07:00.0000000Z
u0008200,petra_knezevic8200,Petra Knezevic,2024-04-12T15:40:00.0000000Z
u0008201,josip_vukovic8201,Josip Vukovic,2024-10-25T21:48:00.0000000Z
u0008202,nika_kovac8202,Nika Kovac,2024-04-01T01:39:00.0000000Z
u0008203,lana_kovacevic8203,Lana Kovacevic,2025-10-06T11:13:00.0000000Z
u0008204,leon_perkovic8204,Leon Perkovic,2025-07-02T15:05:00.0000000Z
u0008205,iva_knezevic8205,Iva Knezevic,2024-11-23T07:38:00.0000000Z
u0008206,luka_novak8206,Luka Novak,2024-06-23T10:09:00.0000000Z
u0008207,lana_simic8207,Lana Simic,2025-12-28T00:41:00.0000000Z
u0008208,lana_maric8208,Lana Maric,2025-10-20T08:07:00.0000000Z
u0008209,nika_kolar8209,Nika Kolar,2024-10-09T12:57:00.0000000Z
u0008210,leon_kovac8210,Leon Kovac,2025-09-19T20:21:00.0000000Z
u0008211,ema_vukovic8211,Ema Vukovic,2024-02-26T09:35:00.0000000Z
u0008212,iva_kovacevic8212,Iva Kovacevic,2025-09-17T06:02:00.0000000Z
u0008213,sara_barisic8213,Sara Barisic,2025-07-17T11:34:00.0000000Z
u0008214,marko_perkovic8214,Marko Perkovic,2024-01-03T00:25:00.0000000Z
u0008215,josip_curic8215,Josip Curic,2025-05-16T01:49:00.0000000Z
u0008216,josip_maric8216,Josip Maric,2025-01-31T16:33:00.0000000Z
u0008217,ema_pavlovic8217,Ema Pavlovic,2025-02-26T10:16:00.0000000Z
u0008218,josip_perkovic8218,Josip Perkovic,2025-09-20T03:10:00.0000000Z
u0008219,marko_curic8219,Marko Curic,2024-05-11T00:51:00.0000000Z
u0008220,dario_horvat8220,Dario Horvat,2024-09-21T00:40:00.0000000Z
u0008221,bruno_radic8221,Bruno Radic,2024-05-31T08:24:00.0000000Z
u0008222,ana_perkovic8222,Ana Perkovic,2024-07-13T13:22:00.0000000Z
u0008223,sara_horvat8223,Sara Horvat,2024-02-19T10:03:00.0000000Z
u0008224,nika_simic8224,Nika Simic,2024-08-22T12:37:00.0000000Z
u0008225,lana_kovacevic8225,Lana Kovacevic,2025-10-08T20:01:00.0000000Z
u0008226,dora_kovac8226,Dora Kovac,2024-07-02T01:41:00.0000000Z
u0008227,luka_babic8227,Luka Babic,2025-01-12T07:38:00.0000000Z
u0008228,karlo_perkovic8228,Karlo Perkovic,2024-12-24T09:12:00.0000000Z
u0008229,ema_vidovic8229,Ema Vidovic,2025-05-28T02:50:00.0000000Z
u0008230,luka_pavlovic8230,Luka Pavlovic,2024-11-05T20:56:00.0000000Z
u0008231,sara_maric8231,Sara Maric,2025-10-05T00:52:00.0000000Z
u0008232,josip_vukovic8232,Josip Vukovic,2024-04-23T01:08:00.0000000Z
u0008233,iva_vukovic8233,Iva Vukovic,2024-06-28T20:17:00.0000000Z
u0008234,josip_zoric8234,Josip Zoric,2024-05-15T02:47:00.0000000Z
u0008235,lana_perkovic8235,Lana Perkovic,2024-01-20T02:19:00.0000000Z
u0008236,ema_sever8236,Ema Sever,2024-09-10T00:11:00.0000000Z
u0008237,dora_maric8237,Dora Maric,2025-09-14T07:08:00.0000000Z
u0008238,leon_juric8238,Leon Juric,2025-10-11T17:41:00.0000000Z
u0008239,karlo_barisic8239,Karlo Barisic,2025-09-19T12:52:00.0000000Z
u0008240,bruno_kolar8240,Bruno Kolar,2025-09-10T21:13:00.0000000Z
u0008241,nika_matic8241,Nika Matic,2024-10-16T23:14:00.0000000Z
u0008242,toni_curic8242,Toni Curic,2024-10-26T13:41:00.0000000Z
u0008243,josip_kovac8243,Josip Kovac,2025-12-01T15:16:00.0000000Z
u0008244,bruno_maric8244,Bruno Maric,2025-05-11T03:54:00.0000000Z
u0008245,ana_zoric8245,Ana Zoric,2024-09-09T22:52:00.0000000Z
u0008246,filip_vukovic8246,Filip Vukovic,2024-01-13T16:07:00.0000000Z
u0008247,lana_horvat8247,Lana Horvat,2025-09-27T12:55:00.0000000Z
u0008248,mia_novak8248,Mia Novak,2024-12-02T21:55:00.0000000Z
u0008249,nika_kolar8249,Nika Kolar,2025-09-29T08:33:00.0000000Z
u0008250,dora_simic8250,Dora Simic,2024-12-23T21:25:00.0000000Z
u0008251,ema_kovac8251,Ema Kovac,2025-04-17T16:38:00.0000000Z
u0008252,mia_barisic8252,Mia Barisic,2024-08-18T00:55:00.0000000Z
u0008253,iva_vidovic8253,Iva Vidovic,2025-07-02T23:21:00.0000000Z
u0008254,toni_vidovic8254,Toni Vidovic,2025-10-23T22:43:00.0000000Z
u0008255,mia_novak8255,Mia Novak,2025-11-27T06:29:00.0000000Z
u0008256,petra_curic8256,Petra Curic,2024-12-28T13:33:00.0000000Z
u0008257,dario_radic8257,Dario Radic,2025-01-19T02:24:00.0000000Z
u0008258,karlo_juric8258,Karlo Juric,2025-06-07T16:20:00.0000000Z
u0008259,dora_novak8259,Dora Novak,2024-06-05T23:49:00.0000000Z
u0008260,leon_kovac8260,Leon Kovac,2024-05-01T14:23:00.0000000Z
u0008261,dario_knezevic8261,Dario Knezevic,2024-12-24T17:48:00.0000000Z
u0008262,lana_knezevic8262,Lana Knezevic,2024-03-27T15:24:00.0000000Z
u0008263,ana_pavlovic8263,Ana Pavlovic,2025-11-16T15:53:00.0000000Z
u0008264,ana_radic8264,Ana Radic,2025-01-25T20:29:00.0000000Z
u0008265,ema_vidovic8265,Ema Vidovic,2024-05-31T02:32:00.0000000Z
u0008266,dora_sever8266,Dora Sever,2025-12-30T10:58:00.0000000Z
u0008267,dario_vukovic8267,Dario Vukovic,2025-08-24T12:15:00.0000000Z
u0008268,mia_knezevic8268,Mia Knezevic,2024-02-08T05:39:00.0000000Z
u0008269,dora_matic8269,Dora Matic,2025-08-27T00:32:00.0000000Z
u0008270,leon_knezevic8270,Leon Knezevic,2025-04-18T18:04:00.0000000Z
u0008271,marko_barisic8271,Marko Barisic,2025-07-09T18:04:00.0000000Z
u0008272,nika_kovac8272,Nika Kovac,2024-09-25T05:19:00.0000000Z
u0008273,josip_curic8273,Josip Curic,2025-08-12T05:40:00.0000000Z
u0008274,karlo_babic8274,Karlo Babic,2024-08-20T11:26:00.0000000Z
u0008275,nika_radic8275,Nika Radic,2025-12-08T10:54:00.0000000Z
u0008276,dora_simic8276,Dora Simic,2024-10-20T22:01:00.0000000Z
u0008277,dario_horvat8277,Dario Horvat,2024-06-22T14:06:00.0000000Z
u0008278,luka_knezevic8278,Luka Knezevic,2025-05-05T12:45:00.0000000Z
u0008279,filip_maric8279,Filip Maric,2024-01-02T16:11:00.0000000Z
u0008280,josip_radic8280,Josip Radic,2025-12-18T15:04:00.0000000Z
u0008281,ema_babic8281,Ema Babic,2024-05-14T15:33:00.0000000Z
u0008282,ema_curic8282,Ema Curic,2025-05-19T23:02:00.0000000Z
u0008283,iva_perkovic8283,Iva Perkovic,2025-07-16T10:47:00.0000000Z
u0008284,karlo_radic8284,Karlo Radic,2024-02-08T02:42:00.0000000Z
u0008285,petra_perkovic8285,Petra Perkovic,2024-07-07T18:35:00.0000000Z
u0008286,dario_vidovic8286,Dario Vidovic,2025-11-13T15:31:00.0000000Z
u0008287,ivan_sever8287,Ivan Sever,2025-10-01T11:34:00.0000000Z
u0008288,josip_knezevic8288,Josip Knezevic,2024-10-24T20:40:00.0000000Z
u0008289,josip_barisic8289,Josip Barisic,2024-11-05T16:23:00.0000000Z
u0008290,ivan_novak8290,Ivan Novak,2025-10-31T21:21:00.0000000Z
u0008291,mia_sever8291,Mia Sever,2024-10-27T16:12:00.0000000Z
u0008292,karlo_radic8292,Karlo Radic,2024-01-29T05:00:00.0000000Z
u0008293,marko_juric8293,Marko Juric,2025-02-28T00:00:00.0000000Z
u0008294,ema_novak8294,Ema Novak,2025-10-16T20:08:00.0000000Z
u0008295,toni_perkovic8295,Toni Perkovic,2024-12-05T08:49:00.0000000Z
u0008296,petra_horvat8296,Petra Horvat,2025-07-05T09:30:00.0000000Z
u0008297,josip_vidovic8297,Josip Vidovic,2024-09-06T12:46:00.0000000Z
u0008298,ivan_vukovic8298,Ivan Vukovic,2025-01-23T09:43:00.0000000Z
u0008299,marko_barisic8299,Marko Barisic,2025-05-13T00:26:00.0000000Z
u0008300,iva_barisic8300,Iva Barisic,2024-02-04T08:35:00.0000000Z
u0008301,ema_perkovic8301,Ema Perkovic,2024-11-15T00:58:00.0000000Z
u0008302,ines_matic8302,Ines Matic,2025-02-21T16:30:00.0000000Z
u0008303,toni_vukovic8303,Toni Vukovic,2024-04-04T00:08:00.0000000Z
u0008304,luka_vukovic8304,Luka Vukovic,2025-02-06T21:30:00.0000000Z
u0008305,mia_vidovic8305,Mia Vidovic,2025-07-06T09:37:00.0000000Z
u0008306,dora_zoric8306,Dora Zoric,2025-06-30T17:57:00.0000000Z
u0008307,leon_novak8307,Leon Novak,2025-09-20T04:43:00.0000000Z
u0008308,sara_perkovic8308,Sara Perkovic,2024-10-23T05:31:00.0000000Z
u0008309,nika_juric8309,Nika Juric,2025-03-28T23:23:00.0000000Z
u0008310,ines_kolar8310,Ines Kolar,2025-05-09T11:51:00.0000000Z
u0008311,mia_vukovic8311,Mia Vukovic,2024-10-10T05:58:00.0000000Z
u0008312,dario_horvat8312,Dario Horvat,2025-01-23T06:23:00.0000000Z
u0008313,lana_zoric8313,Lana Zoric,2024-05-23T08:28:00.0000000Z
u0008314,ines_radic8314,Ines Radic,2025-04-23T16:49:00.0000000Z
u0008315,toni_maric8315,Toni Maric,2024-12-05T20:22:00.0000000Z
u0008316,iva_kolar8316,Iva Kolar,2025-02-05T10:28:00.0000000Z
u0008317,iva_babic8317,Iva Babic,2024-02-23T21:05:00.0000000Z
u0008318,leon_vidovic8318,Leon Vidovic,2025-04-22T01:17:00.0000000Z
u0008319,petra_simic8319,Petra Simic,2024-01-07T09:56:00.0000000Z
u0008320,ana_juric8320,Ana Juric,2024-05-08T19:37:00.0000000Z
u0008321,dora_zoric8321,Dora Zoric,2025-04-20T03:35:00.0000000Z
u0008322,lana_barisic8322,Lana Barisic,2024-01-11T03:57:00.0000000Z
u0008323,petra_vidovic8323,Petra Vidovic,2025-08-04T01:43:00.0000000Z
u0008324,luka_radic8324,Luka Radic,2024-01-10T17:27:00.0000000Z
u0008325,nika_kovac8325,Nika Kovac,2025-05-11T15:39:00.0000000Z
u0008326,luka_horvat8326,Luka Horvat,2024-12-18T06:34:00.0000000Z
u0008327,leon_zoric8327,Leon Zoric,2025-03-03T03:19:00.0000000Z
u0008328,ivan_babic8328,Ivan Babic,2025-03-05T23:02:00.0000000Z
u0008329,toni_knezevic8329,Toni Knezevic,2025-01-17T17:57:00.0000000Z
u0008330,bruno_kovacevic8330,Bruno Kovacevic,2024-10-27T05:24:00.0000000Z
u0008331,dario_knezevic8331,Dario Knezevic,2025-01-01T16:58:00.0000000Z
u0008332,ana_curic8332,Ana Curic,2025-07-26T20:51:00.0000000Z
u0008333,ana_maric8333,Ana Maric,2024-08-28T19:33:00.0000000Z
u0008334,lana_pavlovic8334,Lana Pavlovic,2025-10-13T09:03:00.0000000Z
u0008335,iva_simic8335,Iva Simic,2025-03-20T15:47:00.0000000Z
u0008336,ivan_vukovic8336,Ivan Vukovic,2025-07-25T11:31:00.0000000Z
u0008337,dora_sever8337,Dora Sever,2025-02-10T02:15:00.0000000Z
u0008338,dario_kovac8338,Dario Kovac,2024-12-24T11:31:00.0000000Z
u0008339,nika_barisic8339,Nika Barisic,2025-04-23T21:39:00.0000000Z
u0008340,ivan_vidovic8340,Ivan Vidovic,2024-11-17T10:55:00.0000000Z
u0008341,lana_knezevic8341,Lana Knezevic,2024-12-11T12:31:00.0000000Z
u0008342,mia_kolar8342,Mia Kolar,2024-03-06T20:33:00.0000000Z
u0008343,dario_radic8343,Dario Radic,2024-03-20T20:18:00.0000000Z
u0008344,ines_maric8344,Ines Maric,2025-09-25T00:28:00.0000000Z
u0008345,petra_matic8345,Petra Matic,2024-04-26T17:35:00.0000000Z
u0008346,sara_kovacevic8346,Sara Kovacevic,2025-02-08T09:30:00.0000000Z
u0008347,dora_radic8347,Dora Radic,2024-02-01T01:05:00.0000000Z
u0008348,bruno_zoric8348,Bruno Zoric,2024-09-23T19:38:00.0000000Z
u0008349,ines_sever8349,Ines Sever,2024-09-03T13:24:00.0000000Z
u0008350,ana_knezevic8350,Ana Knezevic,2024-02-13T19:01:00.0000000Z
u0008351,marko_curic8351,Marko Curic,2024-08-26T23:30:00.0000000Z
u0008352,ines_sever8352,Ines Sever,2024-05-23T12:53:00.0000000Z
u0008353,josip_vukovic8353,Josip Vukovic,2025-09-11T14:03:00.0000000Z
u0008354,dario_radic8354,Dario Radic,2025-09-11T00:21:00.0000000Z
u0008355,sara_kovac8355,Sara Kovac,2025-07-24T17:15:00.0000000Z
u0008356,sara_vukovic8356,Sara Vukovic,2025-03-15T17:34:00.0000000Z
u0008357,filip_barisic8357,Filip Barisic,2025-02-16T00:00:00.0000000Z
u0008358,marko_kovac8358,Marko Kovac,2024-08-10T10:25:00.0000000Z
u0008359,mia_kolar8359,Mia Kolar,2025-05-02T15:47:00.0000000Z
u0008360,marko_radic8360,Marko Radic,2025-05-29T13:43:00.0000000Z
u0008361,iva_matic8361,Iva Matic,2024-03-17T00:04:00.0000000Z
u0008362,ana_zoric8362,Ana Zoric,2024-07-06T14:00:00.0000000Z
u0008363,dario_juric8363,Dario Juric,2025-01-19T10:18:00.0000000Z
u0008364,dora_juric8364,Dora Juric,2025-11-22T15:44:00.0000000Z
u0008365,bruno_matic8365,Bruno Matic,2025-12-26T07:56:00.0000000Z
u0008366,petra_kovac8366,Petra Kovac,2025-05-14T04:13:00.0000000Z
u0008367,nika_maric8367,Nika Maric,2025-03-31T00:44:00.0000000Z
u0008368,bruno_perkovic8368,Bruno Perkovic,2025-01-21T22:32:00.0000000Z
u0008369,lana_horvat8369,Lana Horvat,2025-09-20T11:22:00.0000000Z
u0008370,ana_matic8370,Ana Matic,2024-06-05T02:51:00.0000000Z
u0008371,dario_kovacevic8371,Dario Kovacevic,2025-09-04T19:16:00.0000000Z
u0008372,marko_zoric8372,Marko Zoric,2024-02-06T08:09:00.0000000Z
u0008373,bruno_pavlovic8373,Bruno Pavlovic,2024-08-14T19:13:00.0000000Z
u0008374,dario_babic8374,Dario Babic,2024-03-21T13:56:00.0000000Z
u0008375,ivan_vukovic8375,Ivan Vukovic,2025-04-01T00:17:00.0000000Z
u0008376,toni_vukovic8376,Toni Vukovic,2025-03-29T09:17:00.0000000Z
u0008377,filip_novak8377,Filip Novak,2025-05-11T12:20:00.0000000Z
u0008378,dora_radic8378,Dora Radic,2024-09-22T15:47:00.0000000Z
u0008379,ivan_horvat8379,Ivan Horvat,2025-08-21T07:28:00.0000000Z
u0008380,nika_simic8380,Nika Simic,2025-06-24T08:32:00.0000000Z
u0008381,mia_radic8381,Mia Radic,2025-07-17T03:35:00.0000000Z
u0008382,filip_knezevic8382,Filip Knezevic,2025-12-03T18:04:00.0000000Z
u0008383,marko_simic8383,Marko Simic,2025-05-21T23:55:00.0000000Z
u0008384,leon_matic8384,Leon Matic,2024-11-20T01:16:00.0000000Z
u0008385,mia_kovac8385,Mia Kovac,2024-01-13T00:32:00.0000000Z
u0008386,dario_perkovic8386,Dario Perkovic,2024-08-15T22:17:00.0000000Z
u0008387,leon_barisic8387,Leon Barisic,2025-04-04T18:22:00.0000000Z
u0008388,luka_kolar8388,Luka Kolar,2024-07-29T13:43:00.0000000Z
u0008389,dario_radic8389,Dario Radic,2025-07-28T13:09:00.0000000Z
u0008390,lana_kovac8390,Lana Kovac,2025-07-01T00:45:00.0000000Z
u0008391,luka_maric8391,Luka Maric,2024-02-21T07:41:00.0000000Z
u0008392,nika_babic8392,Nika Babic,2025-04-06T12:57:00.0000000Z
u0008393,filip_zoric8393,Filip Zoric,2025-11-12T05:37:00.0000000Z
u0008394,sara_radic8394,Sara Radic,2025-09-01T21:33:00.0000000Z
u0008395,leon_vukovic8395,Leon Vukovic,2025-07-03T08:37:00.0000000Z
u0008396,luka_pavlovic8396,Luka Pavlovic,2024-12-05T15:21:00.0000000Z
u0008397,filip_simic8397,Filip Simic,2024-09-17T22:45:00.0000000Z
u0008398,dario_perkovic8398,Dario Perkovic,2025-05-07T19:30:00.0000000Z
u0008399,marko_maric8399,Marko Maric,2025-08-11T01:16:00.0000000Z
u0008400,lana_zoric8400,Lana Zoric,2025-10-11T22:05:00.0000000Z
u0008401,petra_pavlovic8401,Petra Pavlovic,2024-12-30T07:44:00.0000000Z
u0008402,leon_kolar8402,Leon Kolar,2024-07-24T01:43:00.0000000Z
u0008403,mia_vidovic8403,Mia Vidovic,2025-11-09T22:33:00.0000000Z
u0008404,mia_maric8404,Mia Maric,2025-10-16T12:44:00.0000000Z
u0008405,mia_novak8405,Mia Novak,2024-09-26T22:56:00.0000000Z
u0008406,iva_kovacevic8406,Iva Kovacevic,2024-09-08T07:53:00.0000000Z
u0008407,dario_juric8407,Dario Juric,2025-11-12T06:56:00.0000000Z
u0008408,filip_babic8408,Filip Babic,2024-12-26T09:12:00.0000000Z
u0008409,mia_kolar8409,Mia Kolar,2024-12-31T19:26:00.0000000Z
u0008410,mia_matic8410,Mia Matic,2025-12-11T00:01:00.0000000Z
u0008411,karlo_barisic8411,Karlo Barisic,2025-12-19T06:53:00.0000000Z
u0008412,ana_matic8412,Ana Matic,2025-10-01T18:48:00.0000000Z
u0008413,filip_sever8413,Filip Sever,2025-04-22T03:36:00.0000000Z
u0008414,lana_barisic8414,Lana Barisic,2025-08-13T04:15:00.0000000Z
u0008415,dario_sever8415,Dario Sever,2024-10-15T01:42:00.0000000Z
u0008416,lana_babic8416,Lana Babic,2024-11-06T11:16:00.0000000Z
u0008417,filip_kovacevic8417,Filip Kovacevic,2025-09-07T07:51:00.0000000Z
u0008418,lana_curic8418,Lana Curic,2024-12-17T13:28:00.0000000Z
u0008419,dora_barisic8419,Dora Barisic,2025-01-03T04:44:00.0000000Z
u0008420,ana_simic8420,Ana Simic,2025-12-24T07:36:00.0000000Z
u0008421,iva_sever8421,Iva Sever,2024-09-07T01:48:00.0000000Z
u0008422,dora_simic8422,Dora Simic,2024-08-20T03:58:00.0000000Z
u0008423,leon_kovacevic8423,Leon Kovacevic,2025-07-06T14:45:00.0000000Z
u0008424,lana_matic8424,Lana Matic,2024-08-30T06:29:00.0000000Z
u0008425,sara_kovac8425,Sara Kovac,2024-11-13T09:56:00.0000000Z
u0008426,marko_zoric8426,Marko Zoric,2024-04-30T08:35:00.0000000Z
u0008427,ivan_curic8427,Ivan Curic,2025-03-09T22:58:00.0000000Z
u0008428,ivan_kovac8428,Ivan Kovac,2024-04-15T03:07:00.0000000Z
u0008429,marko_vukovic8429,Marko Vukovic,2025-10-25T11:42:00.0000000Z
u0008430,dario_kovac8430,Dario Kovac,2025-04-06T18:08:00.0000000Z
u0008431,mia_kovacevic8431,Mia Kovacevic,2024-11-08T13:03:00.0000000Z
u0008432,sara_perkovic8432,Sara Perkovic,2025-10-07T12:07:00.0000000Z
u0008433,lana_simic8433,Lana Simic,2024-10-23T03:44:00.0000000Z
u0008434,ivan_radic8434,Ivan Radic,2025-08-01T07:23:00.0000000Z
u0008435,sara_vidovic8435,Sara Vidovic,2025-09-18T10:22:00.0000000Z
u0008436,dario_zoric8436,Dario Zoric,2025-10-06T10:34:00.0000000Z
u0008437,ana_vidovic8437,Ana Vidovic,2024-02-19T02:08:00.0000000Z
u0008438,filip_curic8438,Filip Curic,2025-03-30T05:09:00.0000000Z
u0008439,mia_kolar8439,Mia Kolar,2025-10-10T13:44:00.0000000Z
u0008440,petra_vidovic8440,Petra Vidovic,2024-05-20T05:36:00.0000000Z
u0008441,josip_knezevic8441,Josip Knezevic,2024-07-01T16:42:00.0000000Z
u0008442,marko_babic8442,Marko Babic,2024-04-02T15:42:00.0000000Z
u0008443,leon_horvat8443,Leon Horvat,2024-09-28T21:35:00.0000000Z
u0008444,nika_perkovic8444,Nika Perkovic,2024-06-01T10:43:00.0000000Z
u0008445,iva_horvat8445,Iva Horvat,2024-10-06T11:50:00.0000000Z
u0008446,karlo_knezevic8446,Karlo Knezevic,2024-07-21T23:11:00.0000000Z
u0008447,ema_pavlovic8447,Ema Pavlovic,2025-03-10T05:12:00.0000000Z
u0008448,ana_matic8448,Ana Matic,2024-07-04T03:56:00.0000000Z
u0008449,nika_horvat8449,Nika Horvat,2024-11-06T00:14:00.0000000Z
u0008450,karlo_juric8450,Karlo Juric,2025-12-22T02:29:00.0000000Z
u0008451,dora_juric8451,Dora Juric,2025-07-01T11:54:00.0000000Z
u0008452,luka_perkovic8452,Luka Perkovic,2024-04-10T15:44:00.0000000Z
u0008453,dario_radic8453,Dario Radic,2025-05-19T02:22:00.0000000Z
u0008454,bruno_pavlovic8454,Bruno Pavlovic,2025-06-26T04:50:00.0000000Z
u0008455,dario_matic8455,Dario Matic,2024-05-06T12:13:00.0000000Z
u0008456,ines_simic8456,Ines Simic,2025-10-07T05:15:00.0000000Z
u0008457,luka_simic8457,Luka Simic,2024-08-04T10:27:00.0000000Z
u0008458,toni_curic8458,Toni Curic,2024-06-01T15:34:00.0000000Z
u0008459,nika_vukovic8459,Nika Vukovic,2025-11-27T22:31:00.0000000Z
u0008460,dora_simic8460,Dora Simic,2024-03-05T20:09:00.0000000Z
u0008461,bruno_kovac8461,Bruno Kovac,2025-07-09T20:52:00.0000000Z
u0008462,mia_simic8462,Mia Simic,2024-10-12T20:28:00.0000000Z
u0008463,lana_radic8463,Lana Radic,2024-09-16T04:18:00.0000000Z
u0008464,luka_juric8464,Luka Juric,2025-09-22T11:45:00.0000000Z
u0008465,nika_simic8465,Nika Simic,2024-01-09T06:51:00.0000000Z
u0008466,ines_radic8466,Ines Radic,2025-12-01T08:12:00.0000000Z
u0008467,ivan_kolar8467,Ivan Kolar,2024-11-26T02:37:00.0000000Z
u0008468,dario_simic8468,Dario Simic,2025-05-05T18:20:00.0000000Z
u0008469,sara_vukovic8469,Sara Vukovic,2024-09-15T21:49:00.0000000Z
u0008470,dario_pavlovic8470,Dario Pavlovic,2024-07-26T14:20:00.0000000Z
u0008471,petra_radic8471,Petra Radic,2025-12-19T19:17:00.0000000Z
u0008472,toni_horvat8472,Toni Horvat,2025-01-06T22:25:00.0000000Z
u0008473,dora_babic8473,Dora Babic,2025-11-18T06:16:00.0000000Z
u0008474,iva_vukovic8474,Iva Vukovic,2024-01-26T08:34:00.0000000Z
u0008475,dario_sever8475,Dario Sever,2024-08-31T16:09:00.0000000Z
u0008476,josip_horvat8476,Josip Horvat,2024-09-18T07:52:00.0000000Z
u0008477,petra_kolar8477,Petra Kolar,2025-09-25T02:57:00.0000000Z
u0008478,dora_curic8478,Dora Curic,2025-09-14T04:00:00.0000000Z
u0008479,toni_maric8479,Toni Maric,2025-01-22T18:56:00.0000000Z
u0008480,ivan_perkovic8480,Ivan Perkovic,2024-05-03T15:35:00.0000000Z
u0008481,ana_curic8481,Ana Curic,2025-11-09T08:59:00.0000000Z
u0008482,ivan_kovac8482,Ivan Kovac,2025-06-05T22:58:00.0000000Z
u0008483,ines_sever8483,Ines Sever,2025-01-18T18:52:00.0000000Z
u0008484,dario_barisic8484,Dario Barisic,2024-10-11T18:17:00.0000000Z
u0008485,ana_juric8485,Ana Juric,2024-08-12T08:00:00.0000000Z
u0008486,josip_horvat8486,Josip Horvat,2025-02-21T17:21:00.0000000Z
u0008487,filip_juric8487,Filip Juric,2024-09-21T14:06:00.0000000Z
u0008488,dora_kovacevic8488,Dora Kovacevic,2025-09-27T21:41:00.0000000Z
u0008489,josip_maric8489,Josip Maric,2025-04-04T04:51:00.0000000Z
u0008490,marko_sever8490,Marko Sever,2025-09-25T06:44:00.0000000Z
u0008491,dora_barisic8491,Dora Barisic,2024-11-11T14:47:00.0000000Z
u0008492,iva_kolar8492,Iva Kolar,2024-12-17T14:05:00.0000000Z
u0008493,marko_matic8493,Marko Matic,2025-11-11T18:20:00.0000000Z
u0008494,toni_simic8494,Toni Simic,2024-01-28T03:07:00.0000000Z
u0008495,karlo_perkovic8495,Karlo Perkovic,2025-09-30T07:37:00.0000000Z
u0008496,lana_sever8496,Lana Sever,2025-03-26T21:05:00.0000000Z
u0008497,dario_novak8497,Dario Novak,2024-04-19T02:24:00.0000000Z
u0008498,dora_zoric8498,Dora Zoric,2024-11-13T09:46:00.0000000Z
u0008499,karlo_horvat8499,Karlo Horvat,2025-02-23T14:53:00.0000000Z
u0008500,ivan_perkovic8500,Ivan Perkovic,2025-09-29T23:58:00.0000000Z
u0008501,ivan_kolar8501,Ivan Kolar,2024-01-16T01:54:00.0000000Z
u0008502,sara_radic8502,Sara Radic,2025-12-15T10:59:00.0000000Z
u0008503,dora_novak8503,Dora Novak,2025-02-08T06:51:00.0000000Z
u0008504,karlo_kovacevic8504,Karlo Kovacevic,2025-02-08T07:05:00.0000000Z
u0008505,toni_kolar8505,Toni Kolar,2025-05-29T11:03:00.0000000Z
u0008506,filip_maric8506,Filip Maric,2025-04-17T11:19:00.0000000Z
u0008507,dora_curic8507,Dora Curic,2024-06-02T14:30:00.0000000Z
u0008508,ana_simic8508,Ana Simic,2025-06-28T13:12:00.0000000Z
u0008509,bruno_horvat8509,Bruno Horvat,2024-04-13T05:02:00.0000000Z
u0008510,dora_sever8510,Dora Sever,2025-05-29T08:23:00.0000000Z
u0008511,leon_horvat8511,Leon Horvat,2025-08-10T08:22:00.0000000Z
u0008512,ivan_radic8512,Ivan Radic,2025-08-12T05:05:00.0000000Z
u0008513,ana_maric8513,Ana Maric,2024-05-05T19:20:00.0000000Z
u0008514,ines_radic8514,Ines Radic,2025-06-18T01:08:00.0000000Z
u0008515,ivan_kolar8515,Ivan Kolar,2025-10-24T05:00:00.0000000Z
u0008516,nika_kovacevic8516,Nika Kovacevic,2024-01-23T15:21:00.0000000Z
u0008517,bruno_matic8517,Bruno Matic,2025-10-01T07:45:00.0000000Z
u0008518,leon_kovac8518,Leon Kovac,2025-06-04T23:52:00.0000000Z
u0008519,sara_kovac8519,Sara Kovac,2024-04-26T05:52:00.0000000Z
u0008520,ema_curic8520,Ema Curic,2025-01-03T03:01:00.0000000Z
u0008521,karlo_sever8521,Karlo Sever,2024-07-23T22:03:00.0000000Z
u0008522,karlo_curic8522,Karlo Curic,2024-07-12T06:11:00.0000000Z
u0008523,bruno_simic8523,Bruno Simic,2024-05-16T09:56:00.0000000Z
u0008524,ines_kovacevic8524,Ines Kovacevic,2025-12-24T00:04:00.0000000Z
u0008525,lana_babic8525,Lana Babic,2024-11-02T21:32:00.0000000Z
u0008526,lana_curic8526,Lana Curic,2025-09-25T17:12:00.0000000Z
u0008527,karlo_babic8527,Karlo Babic,2025-05-25T23:20:00.0000000Z
u0008528,marko_juric8528,Marko Juric,2024-12-18T22:40:00.0000000Z
u0008529,karlo_sever8529,Karlo Sever,2025-12-20T15:03:00.0000000Z
u0008530,ivan_vukovic8530,Ivan Vukovic,2024-11-30T12:41:00.0000000Z
u0008531,toni_kolar8531,Toni Kolar,2024-06-19T17:03:00.0000000Z
u0008532,sara_kovac8532,Sara Kovac,2025-02-12T06:41:00.0000000Z
u0008533,lana_novak8533,Lana Novak,2025-08-07T07:21:00.0000000Z
u0008534,toni_vidovic8534,Toni Vidovic,2025-06-22T21:54:00.0000000Z
u0008535,karlo_vidovic8535,Karlo Vidovic,2024-05-06T04:45:00.0000000Z
u0008536,ines_matic8536,Ines Matic,2025-12-02T03:47:00.0000000Z
u0008537,ema_maric8537,Ema Maric,2024-04-02T16:50:00.0000000Z
u0008538,ema_knezevic8538,Ema Knezevic,2025-08-19T22:48:00.0000000Z
u0008539,karlo_kolar8539,Karlo Kolar,2025-05-20T16:09:00.0000000Z
u0008540,iva_horvat8540,Iva Horvat,2025-11-16T23:05:00.0000000Z
u0008541,ema_perkovic8541,Ema Perkovic,2024-05-15T19:45:00.0000000Z
u0008542,bruno_novak8542,Bruno Novak,2025-02-17T21:15:00.0000000Z
u0008543,iva_vidovic8543,Iva Vidovic,2024-02-01T02:44:00.0000000Z
u0008544,ines_horvat8544,Ines Horvat,2025-06-19T01:45:00.0000000Z
u0008545,ivan_maric8545,Ivan Maric,2024-07-20T12:23:00.0000000Z
u0008546,dora_juric8546,Dora Juric,2024-11-13T13:33:00.0000000Z
u0008547,filip_curic8547,Filip Curic,2025-01-19T08:02:00.0000000Z
u0008548,ana_zoric8548,Ana Zoric,2024-06-02T12:46:00.0000000Z
u0008549,filip_vukovic8549,Filip Vukovic,2024-08-11T07:58:00.0000000Z
u0008550,josip_barisic8550,Josip Barisic,2024-08-29T22:24:00.0000000Z
u0008551,ines_perkovic8551,Ines Perkovic,2024-05-21T17:55:00.0000000Z
u0008552,ines_vukovic8552,Ines Vukovic,2024-05-17T06:23:00.0000000Z
u0008553,nika_babic8553,Nika Babic,2025-03-01T10:00:00.0000000Z
u0008554,toni_babic8554,Toni Babic,2025-04-16T11:55:00.0000000Z
u0008555,leon_knezevic8555,Leon Knezevic,2024-04-24T09:49:00.0000000Z
u0008556,mia_novak8556,Mia Novak,2024-06-23T19:10:00.0000000Z
u0008557,dario_vidovic8557,Dario Vidovic,2024-12-02T08:00:00.0000000Z
u0008558,ema_matic8558,Ema Matic,2024-02-26T04:53:00.0000000Z
u0008559,josip_juric8559,Josip Juric,2025-09-20T08:02:00.0000000Z
u0008560,dora_vukovic8560,Dora Vukovic,2025-10-13T20:10:00.0000000Z
u0008561,ema_kovacevic8561,Ema Kovacevic,2025-11-19T11:02:00.0000000Z
u0008562,bruno_sever8562,Bruno Sever,2024-09-30T06:35:00.0000000Z
u0008563,dario_novak8563,Dario Novak,2025-08-31T01:38:00.0000000Z
u0008564,ivan_knezevic8564,Ivan Knezevic,2024-04-20T00:06:00.0000000Z
u0008565,ines_kolar8565,Ines Kolar,2025-08-17T16:17:00.0000000Z
u0008566,ines_babic8566,Ines Babic,2024-09-23T18:41:00.0000000Z
u0008567,ivan_curic8567,Ivan Curic,2024-04-07T07:45:00.0000000Z
u0008568,ivan_barisic8568,Ivan Barisic,2024-01-16T10:21:00.0000000Z
u0008569,ines_pavlovic8569,Ines Pavlovic,2024-05-01T22:13:00.0000000Z
u0008570,marko_knezevic8570,Marko Knezevic,2024-03-21T03:50:00.0000000Z
u0008571,filip_simic8571,Filip Simic,2025-06-08T06:44:00.0000000Z
u0008572,sara_kovacevic8572,Sara Kovacevic,2025-07-29T11:53:00.0000000Z
u0008573,bruno_novak8573,Bruno Novak,2024-11-15T11:10:00.0000000Z
u0008574,iva_barisic8574,Iva Barisic,2024-01-13T01:12:00.0000000Z
u0008575,josip_matic8575,Josip Matic,2024-11-12T02:59:00.0000000Z
u0008576,filip_knezevic8576,Filip Knezevic,2025-07-24T19:02:00.0000000Z
u0008577,ema_radic8577,Ema Radic,2024-04-16T17:39:00.0000000Z
u0008578,lana_curic8578,Lana Curic,2024-12-01T20:40:00.0000000Z
u0008579,iva_maric8579,Iva Maric,2024-12-06T04:54:00.0000000Z
u0008580,leon_vidovic8580,Leon Vidovic,2024-10-08T12:22:00.0000000Z
u0008581,luka_knezevic8581,Luka Knezevic,2025-07-08T08:21:00.0000000Z
u0008582,bruno_zoric8582,Bruno Zoric,2025-08-31T04:06:00.0000000Z
u0008583,josip_maric8583,Josip Maric,2024-09-19T16:13:00.0000000Z
u0008584,ana_maric8584,Ana Maric,2025-10-19T13:29:00.0000000Z
u0008585,leon_juric8585,Leon Juric,2024-02-29T21:30:00.0000000Z
u0008586,marko_perkovic8586,Marko Perkovic,2024-11-03T03:25:00.0000000Z
u0008587,nika_simic8587,Nika Simic,2024-05-28T12:52:00.0000000Z
u0008588,mia_barisic8588,Mia Barisic,2025-10-29T22:19:00.0000000Z
u0008589,dora_vidovic8589,Dora Vidovic,2025-04-22T15:09:00.0000000Z
u0008590,ema_curic8590,Ema Curic,2024-04-19T17:42:00.0000000Z
u0008591,filip_zoric8591,Filip Zoric,2024-09-24T06:47:00.0000000Z
u0008592,ivan_simic8592,Ivan Simic,2024-11-12T12:26:00.0000000Z
u0008593,ema_perkovic8593,Ema Perkovic,2025-05-20T20:45:00.0000000Z
u0008594,nika_barisic8594,Nika Barisic,2024-06-26T09:20:00.0000000Z
u0008595,josip_novak8595,Josip Novak,2024-09-15T23:41:00.0000000Z
u0008596,luka_simic8596,Luka Simic,2025-04-20T04:17:00.0000000Z
u0008597,mia_pavlovic8597,Mia Pavlovic,2025-01-25T05:14:00.0000000Z
u0008598,ana_kovacevic8598,Ana Kovacevic,2024-07-23T07:24:00.0000000Z
u0008599,petra_vidovic8599,Petra Vidovic,2025-02-17T18:22:00.0000000Z
u0008600,karlo_zoric8600,Karlo Zoric,2025-11-08T22:39:00.0000000Z
u0008601,petra_maric8601,Petra Maric,2024-06-18T12:17:00.0000000Z
u0008602,luka_kolar8602,Luka Kolar,2024-10-16T19:00:00.0000000Z
u0008603,dario_barisic8603,Dario Barisic,2025-05-23T04:53:00.0000000Z
u0008604,toni_barisic8604,Toni Barisic,2025-12-13T23:32:00.0000000Z
u0008605,bruno_sever8605,Bruno Sever,2025-05-13T15:58:00.0000000Z
u0008606,dora_sever8606,Dora Sever,2025-03-27T16:14:00.0000000Z
u0008607,nika_kolar8607,Nika Kolar,2024-07-12T03:08:00.0000000Z
u0008608,ana_barisic8608,Ana Barisic,2024-07-28T19:31:00.0000000Z
u0008609,toni_juric8609,Toni Juric,2024-11-22T06:55:00.0000000Z
u0008610,ivan_barisic8610,Ivan Barisic,2025-07-03T13:38:00.0000000Z
u0008611,ines_knezevic8611,Ines Knezevic,2025-11-05T08:06:00.0000000Z
u0008612,iva_knezevic8612,Iva Knezevic,2025-05-28T07:14:00.0000000Z
u0008613,ana_novak8613,Ana Novak,2025-01-23T10:47:00.0000000Z
u0008614,dora_kolar8614,Dora Kolar,2025-05-19T21:07:00.0000000Z
u0008615,dora_kolar8615,Dora Kolar,2025-07-25T16:12:00.0000000Z
u0008616,nika_kovacevic8616,Nika Kovacevic,2024-09-09T08:49:00.0000000Z
u0008617,nika_novak8617,Nika Novak,2025-09-19T04:51:00.0000000Z
u0008618,leon_juric8618,Leon Juric,2024-01-31T05:35:00.0000000Z
u0008619,sara_maric8619,Sara Maric,2024-08-02T20:23:00.0000000Z
u0008620,leon_simic8620,Leon Simic,2024-11-07T15:54:00.0000000Z
u0008621,dora_knezevic8621,Dora Knezevic,2024-01-05T09:25:00.0000000Z
u0008622,leon_zoric8622,Leon Zoric,2024-11-22T06:51:00.0000000Z
u0008623,ivan_sever8623,Ivan Sever,2025-02-17T22:32:00.0000000Z
u0008624,dora_curic8624,Dora Curic,2025-07-01T20:03:00.0000000Z
u0008625,ivan_pavlovic8625,Ivan Pavlovic,2024-01-06T08:33:00.0000000Z
u0008626,nika_horvat8626,Nika Horvat,2024-04-19T20:47:00.0000000Z
u0008627,dario_kovac8627,Dario Kovac,2025-12-01T10:40:00.0000000Z
u0008628,marko_matic8628,Marko Matic,2025-04-18T03:20:00.0000000Z
u0008629,ines_curic8629,Ines Curic,2024-04-03T19:24:00.0000000Z
u0008630,ines_babic8630,Ines Babic,2024-06-28T07:50:00.0000000Z
u0008631,josip_kovac8631,Josip Kovac,2025-03-27T18:14:00.0000000Z
u0008632,marko_horvat8632,Marko Horvat,2024-07-10T14:09:00.0000000Z
u0008633,sara_horvat8633,Sara Horvat,2025-11-22T23:07:00.0000000Z
u0008634,filip_radic8634,Filip Radic,2024-09-15T10:15:00.0000000Z
u0008635,iva_pavlovic8635,Iva Pavlovic,2024-07-17T13:29:00.0000000Z
u0008636,marko_barisic8636,Marko Barisic,2025-05-12T17:27:00.0000000Z
u0008637,ana_kovac8637,Ana Kovac,2024-04-02T14:36:00.0000000Z
u0008638,marko_knezevic8638,Marko Knezevic,2025-01-26T03:18:00.0000000Z
u0008639,lana_vidovic8639,Lana Vidovic,2025-11-30T23:21:00.0000000Z
u0008640,mia_horvat8640,Mia Horvat,2025-09-21T23:03:00.0000000Z
u0008641,filip_maric8641,Filip Maric,2025-09-22T05:57:00.0000000Z
u0008642,filip_simic8642,Filip Simic,2025-10-07T02:12:00.0000000Z
u0008643,marko_sever8643,Marko Sever,2025-03-10T01:22:00.0000000Z
u0008644,bruno_barisic8644,Bruno Barisic,2024-01-28T03:20:00.0000000Z
u0008645,luka_maric8645,Luka Maric,2025-02-07T16:28:00.0000000Z
u0008646,toni_kovacevic8646,Toni Kovacevic,2025-09-29T01:15:00.0000000Z
u0008647,mia_zoric8647,Mia Zoric,2024-02-11T19:15:00.0000000Z
u0008648,josip_vidovic8648,Josip Vidovic,2024-01-07T13:06:00.0000000Z
u0008649,marko_juric8649,Marko Juric,2025-04-01T14:48:00.0000000Z
u0008650,ivan_pavlovic8650,Ivan Pavlovic,2024-04-26T02:35:00.0000000Z
u0008651,filip_kovacevic8651,Filip Kovacevic,2025-12-03T01:39:00.0000000Z
u0008652,ivan_horvat8652,Ivan Horvat,2024-09-01T01:23:00.0000000Z
u0008653,lana_matic8653,Lana Matic,2024-02-03T08:47:00.0000000Z
u0008654,mia_sever8654,Mia Sever,2025-10-04T10:06:00.0000000Z
u0008655,ivan_juric8655,Ivan Juric,2024-05-28T19:10:00.0000000Z
u0008656,ivan_curic8656,Ivan Curic,2024-07-17T19:29:00.0000000Z
u0008657,dora_barisic8657,Dora Barisic,2025-01-19T02:10:00.0000000Z
u0008658,ivan_sever8658,Ivan Sever,2024-07-12T06:30:00.0000000Z
u0008659,karlo_barisic8659,Karlo Barisic,2024-08-23T07:22:00.0000000Z
u0008660,ines_novak8660,Ines Novak,2024-08-11T10:38:00.0000000Z
u0008661,ema_horvat8661,Ema Horvat,2024-09-07T20:55:00.0000000Z
u0008662,josip_knezevic8662,Josip Knezevic,2025-02-12T12:41:00.0000000Z
u0008663,ivan_babic8663,Ivan Babic,2024-04-19T20:05:00.0000000Z
u0008664,luka_babic8664,Luka Babic,2025-09-23T16:15:00.0000000Z
u0008665,karlo_sever8665,Karlo Sever,2025-08-12T16:58:00.0000000Z
u0008666,petra_vukovic8666,Petra Vukovic,2025-02-12T02:54:00.0000000Z
u0008667,karlo_horvat8667,Karlo Horvat,2024-08-24T09:19:00.0000000Z
u0008668,mia_babic8668,Mia Babic,2025-07-20T08:50:00.0000000Z
u0008669,toni_novak8669,Toni Novak,2024-09-09T13:23:00.0000000Z
u0008670,sara_juric8670,Sara Juric,2024-04-16T12:22:00.0000000Z
u0008671,ana_pavlovic8671,Ana Pavlovic,2024-07-04T22:06:00.0000000Z
u0008672,bruno_babic8672,Bruno Babic,2025-11-08T20:07:00.0000000Z
u0008673,dario_perkovic8673,Dario Perkovic,2025-09-10T22:59:00.0000000Z
u0008674,toni_horvat8674,Toni Horvat,2025-08-24T04:19:00.0000000Z
u0008675,marko_zoric8675,Marko Zoric,2025-06-29T08:41:00.0000000Z
u0008676,sara_juric8676,Sara Juric,2025-12-26T13:39:00.0000000Z
u0008677,lana_pavlovic8677,Lana Pavlovic,2025-01-08T23:37:00.0000000Z
u0008678,iva_horvat8678,Iva Horvat,2024-05-06T15:30:00.0000000Z
u0008679,dora_curic8679,Dora Curic,2025-11-23T06:46:00.0000000Z
u0008680,nika_vidovic8680,Nika Vidovic,2024-06-12T10:54:00.0000000Z
u0008681,luka_vukovic8681,Luka Vukovic,2025-09-04T01:19:00.0000000Z
u0008682,ana_novak8682,Ana Novak,2024-12-15T08:38:00.0000000Z
u0008683,toni_kovac8683,Toni Kovac,2025-09-18T02:41:00.0000000Z
u0008684,ines_pavlovic8684,Ines Pavlovic,2025-05-31T16:35:00.0000000Z
u0008685,bruno_maric8685,Bruno Maric,2024-01-11T20:21:00.0000000Z
u0008686,dario_novak8686,Dario Novak,2024-09-02T08:21:00.0000000Z
u0008687,ana_sever8687,Ana Sever,2025-11-30T11:05:00.0000000Z
u0008688,mia_novak8688,Mia Novak,2025-04-20T01:39:00.0000000Z
u0008689,toni_novak8689,Toni Novak,2025-03-04T12:34:00.0000000Z
u0008690,ivan_zoric8690,Ivan Zoric,2024-06-13T07:47:00.0000000Z
u0008691,dora_sever8691,Dora Sever,2025-09-11T18:54:00.0000000Z
u0008692,toni_knezevic8692,Toni Knezevic,2025-04-09T03:04:00.0000000Z
u0008693,dora_babic8693,Dora Babic,2025-02-10T22:41:00.0000000Z
u0008694,ema_kovac8694,Ema Kovac,2024-05-05T11:17:00.0000000Z
u0008695,marko_simic8695,Marko Simic,2025-12-21T22:38:00.0000000Z
u0008696,karlo_kovac8696,Karlo Kovac,2025-10-10T11:25:00.0000000Z
u0008697,petra_matic8697,Petra Matic,2025-05-06T20:09:00.0000000Z
u0008698,toni_radic8698,Toni Radic,2025-08-29T07:51:00.0000000Z
u0008699,ema_barisic8699,Ema Barisic,2024-04-11T00:54:00.0000000Z
u0008700,petra_vukovic8700,Petra Vukovic,2025-11-30T07:30:00.0000000Z
u0008701,ines_radic8701,Ines Radic,2024-08-28T21:31:00.0000000Z
u0008702,toni_barisic8702,Toni Barisic,2025-05-05T18:53:00.0000000Z
u0008703,ines_kovac8703,Ines Kovac,2025-06-17T04:18:00.0000000Z
u0008704,mia_radic8704,Mia Radic,2024-03-24T04:14:00.0000000Z
u0008705,iva_zoric8705,Iva Zoric,2025-11-03T22:44:00.0000000Z
u0008706,iva_novak8706,Iva Novak,2025-04-28T12:56:00.0000000Z
u0008707,sara_vidovic8707,Sara Vidovic,2024-05-23T12:59:00.0000000Z
u0008708,sara_curic8708,Sara Curic,2024-07-20T00:30:00.0000000Z
u0008709,nika_vukovic8709,Nika Vukovic,2024-11-09T13:09:00.0000000Z
u0008710,ana_vukovic8710,Ana Vukovic,2025-02-19T07:35:00.0000000Z
u0008711,lana_zoric8711,Lana Zoric,2025-06-28T20:43:00.0000000Z
u0008712,nika_vukovic8712,Nika Vukovic,2025-01-15T04:13:00.0000000Z
u0008713,karlo_radic8713,Karlo Radic,2025-05-10T09:10:00.0000000Z
u0008714,filip_curic8714,Filip Curic,2025-12-05T08:43:00.0000000Z
u0008715,petra_zoric8715,Petra Zoric,2025-12-06T18:18:00.0000000Z
u0008716,nika_vidovic8716,Nika Vidovic,2025-07-22T11:50:00.0000000Z
u0008717,leon_matic8717,Leon Matic,2025-04-16T10:48:00.0000000Z
u0008718,lana_radic8718,Lana Radic,2025-01-30T13:13:00.0000000Z
u0008719,iva_maric8719,Iva Maric,2025-03-19T00:04:00.0000000Z
u0008720,ivan_kovac8720,Ivan Kovac,2025-01-22T16:33:00.0000000Z
u0008721,luka_vidovic8721,Luka Vidovic,2025-06-16T03:35:00.0000000Z
u0008722,petra_barisic8722,Petra Barisic,2025-06-07T22:41:00.0000000Z
u0008723,mia_maric8723,Mia Maric,2024-10-06T20:05:00.0000000Z
u0008724,josip_curic8724,Josip Curic,2025-06-03T20:41:00.0000000Z
u0008725,dora_kovacevic8725,Dora Kovacevic,2025-10-06T20:23:00.0000000Z
u0008726,luka_radic8726,Luka Radic,2024-04-14T09:37:00.0000000Z
u0008727,filip_sever8727,Filip Sever,2025-01-25T02:11:00.0000000Z
u0008728,sara_babic8728,Sara Babic,2025-10-03T12:13:00.0000000Z
u0008729,leon_horvat8729,Leon Horvat,2024-07-18T06:39:00.0000000Z
u0008730,luka_vidovic8730,Luka Vidovic,2024-05-14T09:04:00.0000000Z
u0008731,leon_zoric8731,Leon Zoric,2024-11-04T08:48:00.0000000Z
u0008732,marko_kovac8732,Marko Kovac,2024-03-17T22:42:00.0000000Z
u0008733,luka_sever8733,Luka Sever,2025-10-17T10:42:00.0000000Z
u0008734,luka_maric8734,Luka Maric,2025-04-22T18:16:00.0000000Z
u0008735,mia_radic8735,Mia Radic,2025-01-25T13:59:00.0000000Z
u0008736,leon_matic8736,Leon Matic,2024-05-08T21:24:00.0000000Z
u0008737,sara_radic8737,Sara Radic,2025-04-21T00:52:00.0000000Z
u0008738,lana_kolar8738,Lana Kolar,2024-03-06T11:31:00.0000000Z
u0008739,dora_simic8739,Dora Simic,2025-06-17T08:42:00.0000000Z
u0008740,ines_novak8740,Ines Novak,2025-09-20T00:56:00.0000000Z
u0008741,josip_maric8741,Josip Maric,2024-09-05T21:49:00.0000000Z
u0008742,petra_matic8742,Petra Matic,2024-04-24T17:16:00.0000000Z
u0008743,ema_vidovic8743,Ema Vidovic,2024-07-20T01:14:00.0000000Z
u0008744,iva_sever8744,Iva Sever,2025-02-01T07:37:00.0000000Z
u0008745,luka_kovac8745,Luka Kovac,2025-08-06T11:20:00.0000000Z
u0008746,ines_juric8746,Ines Juric,2025-03-15T11:19:00.0000000Z
u0008747,filip_sever8747,Filip Sever,2025-01-21T05:58:00.0000000Z
u0008748,ivan_radic8748,Ivan Radic,2024-08-13T06:24:00.0000000Z
u0008749,dario_matic8749,Dario Matic,2024-01-31T01:56:00.0000000Z
u0008750,filip_maric8750,Filip Maric,2024-12-16T17:34:00.0000000Z
u0008751,mia_vukovic8751,Mia Vukovic,2025-07-07T10:28:00.0000000Z
u0008752,ana_vidovic8752,Ana Vidovic,2024-01-22T08:21:00.0000000Z
u0008753,filip_maric8753,Filip Maric,2024-01-16T00:15:00.0000000Z
u0008754,mia_pavlovic8754,Mia Pavlovic,2025-04-23T21:04:00.0000000Z
u0008755,leon_barisic8755,Leon Barisic,2025-01-24T15:07:00.0000000Z
u0008756,marko_novak8756,Marko Novak,2025-05-16T04:13:00.0000000Z
u0008757,ema_babic8757,Ema Babic,2024-09-02T18:53:00.0000000Z
u0008758,marko_radic8758,Marko Radic,2024-06-30T17:15:00.0000000Z
u0008759,filip_kovacevic8759,Filip Kovacevic,2025-03-26T09:20:00.0000000Z
u0008760,ana_perkovic8760,Ana Perkovic,2024-01-28T00:39:00.0000000Z
u0008761,marko_sever8761,Marko Sever,2025-05-15T08:53:00.0000000Z
u0008762,iva_knezevic8762,Iva Knezevic,2025-03-21T09:21:00.0000000Z
u0008763,iva_novak8763,Iva Novak,2024-07-05T06:58:00.0000000Z
u0008764,iva_simic8764,Iva Simic,2024-02-13T04:49:00.0000000Z
u0008765,nika_sever8765,Nika Sever,2024-09-09T04:26:00.0000000Z
u0008766,ines_maric8766,Ines Maric,2025-04-30T19:33:00.0000000Z
u0008767,iva_knezevic8767,Iva Knezevic,2024-06-17T22:09:00.0000000Z
u0008768,mia_horvat8768,Mia Horvat,2024-01-25T19:47:00.0000000Z
u0008769,marko_novak8769,Marko Novak,2025-10-03T20:39:00.0000000Z
u0008770,dario_kolar8770,Dario Kolar,2024-11-28T20:50:00.0000000Z
u0008771,josip_juric8771,Josip Juric,2025-01-21T01:54:00.0000000Z
u0008772,dora_juric8772,Dora Juric,2025-05-16T11:37:00.0000000Z
u0008773,dora_babic8773,Dora Babic,2024-12-14T11:26:00.0000000Z
u0008774,leon_kovacevic8774,Leon Kovacevic,2024-01-09T02:23:00.0000000Z
u0008775,josip_radic8775,Josip Radic,2025-02-05T18:58:00.0000000Z
u0008776,ema_radic8776,Ema Radic,2025-01-29T15:36:00.0000000Z
u0008777,leon_matic8777,Leon Matic,2024-04-21T17:39:00.0000000Z
u0008778,dora_juric8778,Dora Juric,2024-06-26T11:52:00.0000000Z
u0008779,karlo_zoric8779,Karlo Zoric,2025-10-29T17:30:00.0000000Z
u0008780,sara_perkovic8780,Sara Perkovic,2024-04-24T15:03:00.0000000Z
u0008781,bruno_juric8781,Bruno Juric,2024-12-31T22:20:00.0000000Z
u0008782,iva_vukovic8782,Iva Vukovic,2024-07-27T06:27:00.0000000Z
u0008783,dario_simic8783,Dario Simic,2025-05-28T20:08:00.0000000Z
u0008784,sara_curic8784,Sara Curic,2024-03-06T00:37:00.0000000Z
u0008785,petra_barisic8785,Petra Barisic,2024-03-15T18:51:00.0000000Z
u0008786,luka_curic8786,Luka Curic,2025-01-15T23:53:00.0000000Z
u0008787,lana_barisic8787,Lana Barisic,2025-05-25T06:18:00.0000000Z
u0008788,filip_pavlovic8788,Filip Pavlovic,2024-06-30T04:44:00.0000000Z
u0008789,filip_matic8789,Filip Matic,2024-01-18T04:51:00.0000000Z
u0008790,ema_maric8790,Ema Maric,2024-12-31T11:45:00.0000000Z
u0008791,iva_kovacevic8791,Iva Kovacevic,2024-11-28T03:29:00.0000000Z
u0008792,filip_maric8792,Filip Maric,2024-02-02T16:10:00.0000000Z
u0008793,dario_pavlovic8793,Dario Pavlovic,2024-04-28T17:15:00.0000000Z
u0008794,ema_kolar8794,Ema Kolar,2025-11-23T22:51:00.0000000Z
u0008795,karlo_novak8795,Karlo Novak,2025-02-09T13:18:00.0000000Z
u0008796,ivan_zoric8796,Ivan Zoric,2024-10-23T14:38:00.0000000Z
u0008797,marko_simic8797,Marko Simic,2025-09-03T17:10:00.0000000Z
u0008798,mia_maric8798,Mia Maric,2025-07-27T00:22:00.0000000Z
u0008799,lana_vukovic8799,Lana Vukovic,2025-05-04T23:30:00.0000000Z
u0008800,ema_matic8800,Ema Matic,2025-10-16T18:42:00.0000000Z
u0008801,ema_novak8801,Ema Novak,2024-11-02T14:21:00.0000000Z
u0008802,luka_barisic8802,Luka Barisic,2025-03-01T21:39:00.0000000Z
u0008803,toni_barisic8803,Toni Barisic,2025-04-25T16:26:00.0000000Z
u0008804,ivan_kolar8804,Ivan Kolar,2024-07-31T13:20:00.0000000Z
u0008805,mia_novak8805,Mia Novak,2024-03-27T21:27:00.0000000Z
u0008806,bruno_radic8806,Bruno Radic,2024-09-20T08:24:00.0000000Z
u0008807,sara_novak8807,Sara Novak,2025-05-24T03:33:00.0000000Z
u0008808,toni_babic8808,Toni Babic,2025-03-08T14:23:00.0000000Z
u0008809,sara_vukovic8809,Sara Vukovic,2024-04-20T10:48:00.0000000Z
u0008810,sara_barisic8810,Sara Barisic,2025-08-07T09:24:00.0000000Z
u0008811,mia_juric8811,Mia Juric,2024-04-09T04:09:00.0000000Z
u0008812,ema_horvat8812,Ema Horvat,2025-01-01T22:16:00.0000000Z
u0008813,dario_pavlovic8813,Dario Pavlovic,2024-09-18T21:18:00.0000000Z
u0008814,dora_knezevic8814,Dora Knezevic,2025-10-15T17:57:00.0000000Z
u0008815,bruno_kovac8815,Bruno Kovac,2025-09-30T15:00:00.0000000Z
u0008816,dario_horvat8816,Dario Horvat,2025-11-23T23:57:00.0000000Z
u0008817,sara_kolar8817,Sara Kolar,2025-10-11T22:04:00.0000000Z
u0008818,filip_simic8818,Filip Simic,2024-07-06T20:48:00.0000000Z
u0008819,petra_pavlovic8819,Petra Pavlovic,2024-03-13T15:51:00.0000000Z
u0008820,karlo_radic8820,Karlo Radic,2025-01-04T22:11:00.0000000Z
u0008821,josip_sever8821,Josip Sever,2024-01-05T00:05:00.0000000Z
u0008822,ines_perkovic8822,Ines Perkovic,2024-11-27T05:15:00.0000000Z
u0008823,petra_kovac8823,Petra Kovac,2024-06-06T01:24:00.0000000Z
u0008824,toni_novak8824,Toni Novak,2025-09-25T22:30:00.0000000Z
u0008825,ana_kolar8825,Ana Kolar,2025-08-13T14:14:00.0000000Z
u0008826,karlo_barisic8826,Karlo Barisic,2024-02-15T06:40:00.0000000Z
u0008827,bruno_babic8827,Bruno Babic,2024-09-09T13:30:00.0000000Z
u0008828,luka_horvat8828,Luka Horvat,2024-04-22T10:20:00.0000000Z
u0008829,leon_kovac8829,Leon Kovac,2025-05-23T08:16:00.0000000Z
u0008830,ines_kovac8830,Ines Kovac,2024-09-18T23:32:00.0000000Z
u0008831,josip_kolar8831,Josip Kolar,2024-03-08T21:16:00.0000000Z
u0008832,ines_radic8832,Ines Radic,2024-12-06T01:53:00.0000000Z
u0008833,ines_barisic8833,Ines Barisic,2024-10-18T04:20:00.0000000Z
u0008834,josip_vukovic8834,Josip Vukovic,2025-11-17T02:54:00.0000000Z
u0008835,bruno_horvat8835,Bruno Horvat,2024-12-22T02:20:00.0000000Z
u0008836,ana_kovacevic8836,Ana Kovacevic,2025-09-05T02:23:00.0000000Z
u0008837,josip_vukovic8837,Josip Vukovic,2025-07-19T19:19:00.0000000Z
u0008838,ana_babic8838,Ana Babic,2024-11-05T23:02:00.0000000Z
u0008839,petra_novak8839,Petra Novak,2025-12-01T17:47:00.0000000Z
u0008840,ines_curic8840,Ines Curic,2025-03-29T08:25:00.0000000Z
u0008841,iva_juric8841,Iva Juric,2024-01-21T00:40:00.0000000Z
u0008842,ines_novak8842,Ines Novak,2025-01-13T14:25:00.0000000Z
u0008843,iva_maric8843,Iva Maric,2024-05-11T18:59:00.0000000Z
u0008844,filip_curic8844,Filip Curic,2025-12-16T00:54:00.0000000Z
u0008845,sara_juric8845,Sara Juric,2025-06-12T20:08:00.0000000Z
u0008846,josip_matic8846,Josip Matic,2025-11-27T20:29:00.0000000Z
u0008847,sara_barisic8847,Sara Barisic,2025-07-04T21:35:00.0000000Z
u0008848,ines_knezevic8848,Ines Knezevic,2025-05-03T01:51:00.0000000Z
u0008849,nika_vukovic8849,Nika Vukovic,2025-03-08T07:56:00.0000000Z
u0008850,sara_perkovic8850,Sara Perkovic,2024-08-14T04:46:00.0000000Z
u0008851,dario_horvat8851,Dario Horvat,2025-11-18T19:26:00.0000000Z
u0008852,iva_perkovic8852,Iva Perkovic,2024-03-24T16:46:00.0000000Z
u0008853,leon_barisic8853,Leon Barisic,2025-09-02T10:58:00.0000000Z
u0008854,dora_novak8854,Dora Novak,2024-04-25T15:58:00.0000000Z
u0008855,sara_babic8855,Sara Babic,2024-12-20T13:48:00.0000000Z
u0008856,iva_vukovic8856,Iva Vukovic,2025-08-16T10:58:00.0000000Z
u0008857,bruno_zoric8857,Bruno Zoric,2025-07-10T11:43:00.0000000Z
u0008858,ana_maric8858,Ana Maric,2024-02-13T07:56:00.0000000Z
u0008859,ines_curic8859,Ines Curic,2025-09-10T01:04:00.0000000Z
u0008860,mia_juric8860,Mia Juric,2025-09-10T19:29:00.0000000Z
u0008861,leon_babic8861,Leon Babic,2024-11-30T21:34:00.0000000Z
u0008862,ines_vidovic8862,Ines Vidovic,2025-09-29T11:36:00.0000000Z
u0008863,ana_barisic8863,Ana Barisic,2025-04-07T00:51:00.0000000Z
u0008864,toni_matic8864,Toni Matic,2025-03-06T15:36:00.0000000Z
u0008865,marko_perkovic8865,Marko Perkovic,2025-04-13T13:26:00.0000000Z
u0008866,nika_maric8866,Nika Maric,2024-08-25T06:32:00.0000000Z
u0008867,petra_zoric8867,Petra Zoric,2025-12-24T14:25:00.0000000Z
u0008868,iva_sever8868,Iva Sever,2025-11-14T16:20:00.0000000Z
u0008869,dario_radic8869,Dario Radic,2025-09-14T22:23:00.0000000Z
u0008870,ines_curic8870,Ines Curic,2025-07-10T21:39:00.0000000Z
u0008871,ema_simic8871,Ema Simic,2025-03-17T23:02:00.0000000Z
u0008872,dora_horvat8872,Dora Horvat,2024-04-11T19:19:00.0000000Z
u0008873,sara_zoric8873,Sara Zoric,2024-07-14T14:00:00.0000000Z
u0008874,toni_zoric8874,Toni Zoric,2024-12-23T00:23:00.0000000Z
u0008875,petra_kovac8875,Petra Kovac,2024-07-09T13:44:00.0000000Z
u0008876,petra_barisic8876,Petra Barisic,2024-12-22T09:37:00.0000000Z
u0008877,josip_juric8877,Josip Juric,2025-05-28T16:37:00.0000000Z
u0008878,dario_maric8878,Dario Maric,2024-12-19T11:51:00.0000000Z
u0008879,ines_babic8879,Ines Babic,2024-04-11T07:41:00.0000000Z
u0008880,dario_kovacevic8880,Dario Kovacevic,2024-09-02T17:24:00.0000000Z
u0008881,ana_maric8881,Ana Maric,2025-12-11T21:21:00.0000000Z
u0008882,ines_kovacevic8882,Ines Kovacevic,2025-11-17T04:54:00.0000000Z
u0008883,dora_babic8883,Dora Babic,2025-04-22T14:41:00.0000000Z
u0008884,dario_barisic8884,Dario Barisic,2024-10-25T05:16:00.0000000Z
u0008885,ivan_simic8885,Ivan Simic,2024-01-22T20:49:00.0000000Z
u0008886,dario_simic8886,Dario Simic,2025-10-02T19:47:00.0000000Z
u0008887,sara_vukovic8887,Sara Vukovic,2025-03-23T23:03:00.0000000Z
u0008888,mia_matic8888,Mia Matic,2025-04-13T03:52:00.0000000Z
u0008889,ivan_kolar8889,Ivan Kolar,2024-10-02T16:41:00.0000000Z
u0008890,marko_babic8890,Marko Babic,2025-10-15T19:52:00.0000000Z
u0008891,ana_maric8891,Ana Maric,2024-12-05T20:03:00.0000000Z
u0008892,leon_simic8892,Leon Simic,2025-03-16T19:00:00.0000000Z
u0008893,dario_kovacevic8893,Dario Kovacevic,2025-06-30T11:51:00.0000000Z
u0008894,filip_maric8894,Filip Maric,2025-07-06T17:43:00.0000000Z
u0008895,karlo_curic8895,Karlo Curic,2024-09-29T17:59:00.0000000Z
u0008896,ema_matic8896,Ema Matic,2025-03-18T00:53:00.0000000Z
u0008897,lana_vukovic8897,Lana Vukovic,2025-02-03T22:40:00.0000000Z
u0008898,ema_vidovic8898,Ema Vidovic,2025-11-23T00:12:00.0000000Z
u0008899,bruno_perkovic8899,Bruno Perkovic,2025-05-18T00:58:00.0000000Z
u0008900,filip_vidovic8900,Filip Vidovic,2025-03-10T14:31:00.0000000Z
u0008901,nika_barisic8901,Nika Barisic,2025-12-29T07:37:00.0000000Z
u0008902,iva_radic8902,Iva Radic,2025-06-08T22:02:00.0000000Z
u0008903,leon_babic8903,Leon Babic,2025-12-14T20:52:00.0000000Z
u0008904,josip_sever8904,Josip Sever,2024-07-30T03:57:00.0000000Z
u0008905,marko_vukovic8905,Marko Vukovic,2024-05-16T17:23:00.0000000Z
u0008906,ines_radic8906,Ines Radic,2025-02-05T16:36:00.0000000Z
u0008907,ema_zoric8907,Ema Zoric,2024-07-24T19:08:00.0000000Z
u0008908,iva_perkovic8908,Iva Perkovic,2025-07-21T19:23:00.0000000Z
u0008909,filip_kolar8909,Filip Kolar,2024-08-29T10:33:00.0000000Z
u0008910,dario_novak8910,Dario Novak,2025-11-15T12:32:00.0000000Z
u0008911,leon_maric8911,Leon Maric,2024-12-30T08:43:00.0000000Z
u0008912,petra_zoric8912,Petra Zoric,2024-08-24T22:09:00.0000000Z
u0008913,iva_kovac8913,Iva Kovac,2024-10-28T17:54:00.0000000Z
u0008914,sara_vukovic8914,Sara Vukovic,2024-09-04T06:03:00.0000000Z
u0008915,toni_horvat8915,Toni Horvat,2024-09-25T04:02:00.0000000Z
u0008916,ema_babic8916,Ema Babic,2024-12-25T08:50:00.0000000Z
u0008917,iva_barisic8917,Iva Barisic,2024-03-31T06:36:00.0000000Z
u0008918,marko_kovac8918,Marko Kovac,2024-02-04T04:29:00.0000000Z
u0008919,filip_zoric8919,Filip Zoric,2024-05-23T09:14:00.0000000Z
u0008920,luka_knezevic8920,Luka Knezevic,2025-07-10T06:44:00.0000000Z
u0008921,mia_knezevic8921,Mia Knezevic,2025-10-31T17:43:00.0000000Z
u0008922,ana_radic8922,Ana Radic,2025-08-10T01:24:00.0000000Z
u0008923,iva_sever8923,Iva Sever,2025-03-10T21:10:00.0000000Z
u0008924,ines_kovac8924,Ines Kovac,2024-11-28T17:43:00.0000000Z
u0008925,marko_pavlovic8925,Marko Pavlovic,2024-10-27T15:33:00.0000000Z
u0008926,leon_babic8926,Leon Babic,2025-04-11T06:57:00.0000000Z
u0008927,josip_kovac8927,Josip Kovac,2025-03-19T19:46:00.0000000Z
u0008928,karlo_zoric8928,Karlo Zoric,2024-09-06T13:11:00.0000000Z
u0008929,karlo_zoric8929,Karlo Zoric,2024-03-27T01:58:00.0000000Z
u0008930,lana_vidovic8930,Lana Vidovic,2025-12-08T00:11:00.0000000Z
u0008931,marko_radic8931,Marko Radic,2025-04-30T02:28:00.0000000Z
u0008932,sara_juric8932,Sara Juric,2025-11-07T12:44:00.0000000Z
u0008933,josip_simic8933,Josip Simic,2025-01-12T05:24:00.0000000Z
u0008934,nika_matic8934,Nika Matic,2024-04-23T17:20:00.0000000Z
u0008935,ines_barisic8935,Ines Barisic,2025-07-15T17:47:00.0000000Z
u0008936,sara_horvat8936,Sara Horvat,2024-11-25T17:40:00.0000000Z
u0008937,toni_vukovic8937,Toni Vukovic,2025-04-16T08:36:00.0000000Z
u0008938,nika_vidovic8938,Nika Vidovic,2024-08-22T19:08:00.0000000Z
u0008939,petra_radic8939,Petra Radic,2025-05-03T00:21:00.0000000Z
u0008940,nika_novak8940,Nika Novak,2025-06-20T22:07:00.0000000Z
u0008941,sara_kovacevic8941,Sara Kovacevic,2024-04-09T08:41:00.0000000Z
u0008942,toni_kolar8942,Toni Kolar,2025-02-10T21:22:00.0000000Z
u0008943,iva_matic8943,Iva Matic,2024-09-10T05:25:00.0000000Z
u0008944,lana_radic8944,Lana Radic,2025-02-10T16:07:00.0000000Z
u0008945,marko_vidovic8945,Marko Vidovic,2025-03-29T03:00:00.0000000Z
u0008946,lana_curic8946,Lana Curic,2025-09-19T01:25:00.0000000Z
u0008947,nika_babic8947,Nika Babic,2025-07-19T00:00:00.0000000Z
u0008948,sara_vidovic8948,Sara Vidovic,2024-12-08T19:36:00.0000000Z
u0008949,filip_simic8949,Filip Simic,2025-06-17T00:59:00.0000000Z
u0008950,filip_matic8950,Filip Matic,2025-06-06T22:44:00.0000000Z
u0008951,ema_vidovic8951,Ema Vidovic,2024-09-20T17:15:00.0000000Z
u0008952,iva_barisic8952,Iva Barisic,2024-04-05T08:27:00.0000000Z
u0008953,ana_juric8953,Ana Juric,2024-04-29T05:16:00.0000000Z
u0008954,luka_barisic8954,Luka Barisic,2025-01-11T22:07:00.0000000Z
u0008955,marko_babic8955,Marko Babic,2025-09-11T05:34:00.0000000Z
u0008956,ivan_knezevic8956,Ivan Knezevic,2025-12-03T08:09:00.0000000Z
u0008957,bruno_kolar8957,Bruno Kolar,2025-03-19T19:41:00.0000000Z
u0008958,karlo_horvat8958,Karlo Horvat,2024-02-28T09:21:00.0000000Z
u0008959,dora_horvat8959,Dora Horvat,2025-01-14T23:44:00.0000000Z
u0008960,sara_kovacevic8960,Sara Kovacevic,2024-04-29T19:41:00.0000000Z
u0008961,karlo_knezevic8961,Karlo Knezevic,2025-12-22T11:20:00.0000000Z
u0008962,toni_novak8962,Toni Novak,2025-05-08T16:56:00.0000000Z
u0008963,petra_kovacevic8963,Petra Kovacevic,2025-12-09T09:32:00.0000000Z
u0008964,lana_knezevic8964,Lana Knezevic,2025-05-05T23:22:00.0000000Z
u0008965,sara_vukovic8965,Sara Vukovic,2024-07-15T19:24:00.0000000Z
u0008966,ema_simic8966,Ema Simic,2025-05-02T05:08:00.0000000Z
u0008967,toni_novak8967,Toni Novak,2024-04-08T09:52:00.0000000Z
u0008968,iva_pavlovic8968,Iva Pavlovic,2025-08-03T15:40:00.0000000Z
u0008969,marko_knezevic8969,Marko Knezevic,2025-09-06T22:41:00.0000000Z
u0008970,ema_vidovic8970,Ema Vidovic,2025-09-17T12:01:00.0000000Z
u0008971,toni_vukovic8971,Toni Vukovic,2025-12-05T09:17:00.0000000Z
u0008972,dora_vukovic8972,Dora Vukovic,2024-11-08T13:43:00.0000000Z
u0008973,dario_matic8973,Dario Matic,2025-11-04T19:43:00.0000000Z
u0008974,petra_barisic8974,Petra Barisic,2024-03-10T06:28:00.0000000Z
u0008975,dora_novak8975,Dora Novak,2024-07-15T14:45:00.0000000Z
u0008976,leon_babic8976,Leon Babic,2025-04-14T10:06:00.0000000Z
u0008977,karlo_kolar8977,Karlo Kolar,2024-11-30T19:07:00.0000000Z
u0008978,ines_horvat8978,Ines Horvat,2024-02-21T06:17:00.0000000Z
u0008979,ana_kovac8979,Ana Kovac,2025-08-11T16:41:00.0000000Z
u0008980,petra_radic8980,Petra Radic,2025-07-22T00:58:00.0000000Z
u0008981,karlo_curic8981,Karlo Curic,2025-01-15T09:06:00.0000000Z
u0008982,marko_barisic8982,Marko Barisic,2024-02-27T22:11:00.0000000Z
u0008983,bruno_perkovic8983,Bruno Perkovic,2025-12-12T22:59:00.0000000Z
u0008984,karlo_kolar8984,Karlo Kolar,2024-03-04T14:29:00.0000000Z
u0008985,bruno_knezevic8985,Bruno Knezevic,2024-09-06T05:29:00.0000000Z
u0008986,ana_zoric8986,Ana Zoric,2024-11-10T17:38:00.0000000Z
u0008987,dario_maric8987,Dario Maric,2024-09-01T10:37:00.0000000Z
u0008988,petra_matic8988,Petra Matic,2024-03-25T12:54:00.0000000Z
u0008989,mia_zoric8989,Mia Zoric,2024-08-12T20:33:00.0000000Z
u0008990,ines_sever8990,Ines Sever,2024-08-25T20:27:00.0000000Z
u0008991,toni_kovacevic8991,Toni Kovacevic,2025-11-26T01:54:00.0000000Z
u0008992,marko_kovacevic8992,Marko Kovacevic,2025-12-15T02:38:00.0000000Z
u0008993,nika_barisic8993,Nika Barisic,2024-08-29T11:43:00.0000000Z
u0008994,petra_novak8994,Petra Novak,2024-10-31T16:15:00.0000000Z
u0008995,sara_sever8995,Sara Sever,2025-12-12T05:10:00.0000000Z
u0008996,mia_babic8996,Mia Babic,2025-03-10T21:36:00.0000000Z
u0008997,bruno_sever8997,Bruno Sever,2024-07-25T09:20:00.0000000Z
u0008998,mia_perkovic8998,Mia Perkovic,2024-09-11T20:55:00.0000000Z
u0008999,josip_pavlovic8999,Josip Pavlovic,2024-11-19T21:00:00.0000000Z
u0009000,josip_kolar9000,Josip Kolar,2024-03-30T19:45:00.0000000Z
u0009001,iva_vidovic9001,Iva Vidovic,2025-06-14T10:45:00.0000000Z
u0009002,toni_novak9002,Toni Novak,2024-10-14T23:56:00.0000000Z
u0009003,marko_simic9003,Marko Simic,2024-03-22T07:01:00.0000000Z
u0009004,mia_matic9004,Mia Matic,2025-10-17T17:07:00.0000000Z
u0009005,marko_kovacevic9005,Marko Kovacevic,2025-11-21T00:30:00.0000000Z
u0009006,leon_radic9006,Leon Radic,2025-01-01T09:41:00.0000000Z
u0009007,marko_horvat9007,Marko Horvat,2025-04-18T04:53:00.0000000Z
u0009008,bruno_maric9008,Bruno Maric,2025-12-16T17:23:00.0000000Z
u0009009,ana_novak9009,Ana Novak,2025-05-02T20:23:00.0000000Z
u0009010,toni_kolar9010,Toni Kolar,2025-05-28T12:43:00.0000000Z
u0009011,dario_maric9011,Dario Maric,2024-04-28T20:27:00.0000000Z
u0009012,luka_knezevic9012,Luka Knezevic,2024-10-29T19:08:00.0000000Z
u0009013,sara_horvat9013,Sara Horvat,2025-06-30T23:36:00.0000000Z
u0009014,nika_novak9014,Nika Novak,2025-01-06T18:31:00.0000000Z
u0009015,lana_vukovic9015,Lana Vukovic,2025-01-17T00:20:00.0000000Z
u0009016,mia_juric9016,Mia Juric,2024-08-29T10:23:00.0000000Z
u0009017,josip_radic9017,Josip Radic,2024-03-16T04:11:00.0000000Z
u0009018,leon_juric9018,Leon Juric,2025-05-17T16:22:00.0000000Z
u0009019,lana_kovac9019,Lana Kovac,2025-04-17T08:52:00.0000000Z
u0009020,bruno_pavlovic9020,Bruno Pavlovic,2025-12-11T10:40:00.0000000Z
u0009021,bruno_radic9021,Bruno Radic,2025-10-17T10:17:00.0000000Z
u0009022,josip_vidovic9022,Josip Vidovic,2024-08-05T04:54:00.0000000Z
u0009023,bruno_barisic9023,Bruno Barisic,2025-10-31T17:24:00.0000000Z
u0009024,dario_novak9024,Dario Novak,2025-01-09T16:52:00.0000000Z
u0009025,iva_simic9025,Iva Simic,2025-07-30T20:12:00.0000000Z
u0009026,marko_novak9026,Marko Novak,2025-08-07T04:16:00.0000000Z
u0009027,lana_perkovic9027,Lana Perkovic,2025-12-10T04:50:00.0000000Z
u0009028,filip_maric9028,Filip Maric,2024-05-08T08:24:00.0000000Z
u0009029,toni_simic9029,Toni Simic,2025-10-22T12:40:00.0000000Z
u0009030,lana_kolar9030,Lana Kolar,2024-09-19T12:15:00.0000000Z
u0009031,iva_curic9031,Iva Curic,2024-10-27T17:09:00.0000000Z
u0009032,iva_barisic9032,Iva Barisic,2025-05-29T08:27:00.0000000Z
u0009033,toni_kovac9033,Toni Kovac,2025-01-27T00:43:00.0000000Z
u0009034,luka_pavlovic9034,Luka Pavlovic,2024-10-06T03:11:00.0000000Z
u0009035,josip_barisic9035,Josip Barisic,2024-08-06T07:07:00.0000000Z
u0009036,nika_maric9036,Nika Maric,2025-05-27T09:58:00.0000000Z
u0009037,ines_kovacevic9037,Ines Kovacevic,2025-08-29T18:19:00.0000000Z
u0009038,karlo_juric9038,Karlo Juric,2025-11-22T20:32:00.0000000Z
u0009039,ana_vukovic9039,Ana Vukovic,2024-08-30T23:03:00.0000000Z
u0009040,bruno_vidovic9040,Bruno Vidovic,2024-06-21T02:54:00.0000000Z
u0009041,mia_juric9041,Mia Juric,2024-04-26T12:49:00.0000000Z
u0009042,nika_zoric9042,Nika Zoric,2024-07-25T00:43:00.0000000Z
u0009043,marko_sever9043,Marko Sever,2025-06-01T00:48:00.0000000Z
u0009044,ivan_radic9044,Ivan Radic,2024-04-20T12:04:00.0000000Z
u0009045,ema_novak9045,Ema Novak,2024-01-07T23:20:00.0000000Z
u0009046,nika_curic9046,Nika Curic,2024-08-25T17:29:00.0000000Z
u0009047,ines_horvat9047,Ines Horvat,2024-10-21T17:06:00.0000000Z
u0009048,luka_simic9048,Luka Simic,2024-10-16T20:38:00.0000000Z
u0009049,dario_curic9049,Dario Curic,2025-04-23T11:48:00.0000000Z
u0009050,lana_zoric9050,Lana Zoric,2024-12-05T08:08:00.0000000Z
u0009051,mia_barisic9051,Mia Barisic,2024-07-15T10:30:00.0000000Z
u0009052,filip_vidovic9052,Filip Vidovic,2024-10-10T02:59:00.0000000Z
u0009053,luka_barisic9053,Luka Barisic,2024-03-21T19:57:00.0000000Z
u0009054,ana_matic9054,Ana Matic,2024-06-04T04:02:00.0000000Z
u0009055,dora_vidovic9055,Dora Vidovic,2025-08-13T02:20:00.0000000Z
u0009056,sara_simic9056,Sara Simic,2024-02-12T02:43:00.0000000Z
u0009057,leon_knezevic9057,Leon Knezevic,2024-12-05T00:32:00.0000000Z
u0009058,ana_vidovic9058,Ana Vidovic,2025-08-04T12:33:00.0000000Z
u0009059,karlo_maric9059,Karlo Maric,2025-05-15T08:38:00.0000000Z
u0009060,iva_horvat9060,Iva Horvat,2025-09-06T13:26:00.0000000Z
u0009061,toni_pavlovic9061,Toni Pavlovic,2024-05-27T14:04:00.0000000Z
u0009062,luka_kolar9062,Luka Kolar,2025-04-10T19:46:00.0000000Z
u0009063,ines_sever9063,Ines Sever,2024-10-17T18:23:00.0000000Z
u0009064,toni_vukovic9064,Toni Vukovic,2024-02-20T05:09:00.0000000Z
u0009065,luka_barisic9065,Luka Barisic,2025-01-16T09:36:00.0000000Z
u0009066,petra_novak9066,Petra Novak,2025-07-10T23:30:00.0000000Z
u0009067,nika_vidovic9067,Nika Vidovic,2024-09-03T04:35:00.0000000Z
u0009068,nika_radic9068,Nika Radic,2024-09-21T02:53:00.0000000Z
u0009069,ana_vukovic9069,Ana Vukovic,2024-02-02T05:44:00.0000000Z
u0009070,lana_matic9070,Lana Matic,2025-04-14T13:39:00.0000000Z
u0009071,bruno_matic9071,Bruno Matic,2025-08-26T00:39:00.0000000Z
u0009072,ema_vukovic9072,Ema Vukovic,2025-09-13T08:30:00.0000000Z
u0009073,ana_zoric9073,Ana Zoric,2024-03-13T06:03:00.0000000Z
u0009074,petra_zoric9074,Petra Zoric,2025-03-29T19:19:00.0000000Z
u0009075,sara_kovacevic9075,Sara Kovacevic,2024-02-03T16:54:00.0000000Z
u0009076,mia_zoric9076,Mia Zoric,2025-12-20T05:43:00.0000000Z
u0009077,ema_pavlovic9077,Ema Pavlovic,2025-12-16T20:02:00.0000000Z
u0009078,leon_maric9078,Leon Maric,2024-05-11T23:29:00.0000000Z
u0009079,dario_horvat9079,Dario Horvat,2024-03-22T03:39:00.0000000Z
u0009080,karlo_novak9080,Karlo Novak,2024-09-11T22:30:00.0000000Z
u0009081,nika_knezevic9081,Nika Knezevic,2024-12-25T17:43:00.0000000Z
u0009082,iva_curic9082,Iva Curic,2025-10-23T13:07:00.0000000Z
u0009083,luka_curic9083,Luka Curic,2024-12-09T01:24:00.0000000Z
u0009084,sara_maric9084,Sara Maric,2024-12-01T01:00:00.0000000Z
u0009085,sara_knezevic9085,Sara Knezevic,2024-02-07T07:01:00.0000000Z
u0009086,bruno_curic9086,Bruno Curic,2024-06-01T22:34:00.0000000Z
u0009087,filip_pavlovic9087,Filip Pavlovic,2025-02-21T19:48:00.0000000Z
u0009088,ivan_maric9088,Ivan Maric,2025-08-27T15:16:00.0000000Z
u0009089,sara_zoric9089,Sara Zoric,2024-07-28T00:15:00.0000000Z
u0009090,toni_zoric9090,Toni Zoric,2024-09-20T13:37:00.0000000Z
u0009091,bruno_maric9091,Bruno Maric,2025-01-05T07:25:00.0000000Z
u0009092,bruno_simic9092,Bruno Simic,2024-10-10T01:03:00.0000000Z
u0009093,marko_curic9093,Marko Curic,2024-10-16T22:50:00.0000000Z
u0009094,marko_maric9094,Marko Maric,2025-09-09T17:00:00.0000000Z
u0009095,dario_pavlovic9095,Dario Pavlovic,2024-12-01T21:39:00.0000000Z
u0009096,dario_juric9096,Dario Juric,2025-07-05T10:10:00.0000000Z
u0009097,marko_zoric9097,Marko Zoric,2024-03-07T03:07:00.0000000Z
u0009098,leon_radic9098,Leon Radic,2025-04-10T20:51:00.0000000Z
u0009099,iva_radic9099,Iva Radic,2024-06-03T08:37:00.0000000Z
u0009100,sara_kovac9100,Sara Kovac,2024-04-11T16:47:00.0000000Z
u0009101,toni_simic9101,Toni Simic,2024-05-12T17:21:00.0000000Z
u0009102,marko_curic9102,Marko Curic,2024-01-08T20:18:00.0000000Z
u0009103,dora_curic9103,Dora Curic,2025-09-06T19:12:00.0000000Z
u0009104,sara_simic9104,Sara Simic,2024-01-25T21:07:00.0000000Z
u0009105,karlo_maric9105,Karlo Maric,2024-11-25T21:19:00.0000000Z
u0009106,bruno_radic9106,Bruno Radic,2025-03-10T17:08:00.0000000Z
u0009107,mia_babic9107,Mia Babic,2025-01-15T17:32:00.0000000Z
u0009108,dario_radic9108,Dario Radic,2025-12-12T22:04:00.0000000Z
u0009109,ema_vidovic9109,Ema Vidovic,2025-04-16T01:34:00.0000000Z
u0009110,ines_sever9110,Ines Sever,2024-01-31T02:31:00.0000000Z
u0009111,petra_matic9111,Petra Matic,2025-08-15T16:29:00.0000000Z
u0009112,ema_radic9112,Ema Radic,2025-02-09T11:31:00.0000000Z
u0009113,sara_knezevic9113,Sara Knezevic,2025-05-05T05:35:00.0000000Z
u0009114,josip_simic9114,Josip Simic,2024-09-08T05:47:00.0000000Z
u0009115,leon_matic9115,Leon Matic,2024-05-27T15:55:00.0000000Z
u0009116,ivan_kovac9116,Ivan Kovac,2024-09-11T19:00:00.0000000Z
u0009117,petra_kovac9117,Petra Kovac,2025-12-24T18:16:00.0000000Z
u0009118,toni_juric9118,Toni Juric,2025-11-25T12:31:00.0000000Z
u0009119,toni_kovac9119,Toni Kovac,2024-02-29T18:40:00.0000000Z
u0009120,luka_vidovic9120,Luka Vidovic,2024-03-08T20:30:00.0000000Z
u0009121,mia_kovac9121,Mia Kovac,2025-11-18T05:01:00.0000000Z
u0009122,karlo_matic9122,Karlo Matic,2024-03-30T08:30:00.0000000Z
u0009123,luka_simic9123,Luka Simic,2025-04-23T15:16:00.0000000Z
u0009124,ines_kovac9124,Ines Kovac,2024-04-10T03:12:00.0000000Z
u0009125,leon_curic9125,Leon Curic,2025-02-20T21:08:00.0000000Z
u0009126,petra_pavlovic9126,Petra Pavlovic,2024-02-05T22:10:00.0000000Z
u0009127,iva_novak9127,Iva Novak,2025-06-30T18:23:00.0000000Z
u0009128,ema_perkovic9128,Ema Perkovic,2025-11-04T04:57:00.0000000Z
u0009129,ana_simic9129,Ana Simic,2024-05-02T14:18:00.0000000Z
u0009130,ines_pavlovic9130,Ines Pavlovic,2024-11-10T16:10:00.0000000Z
u0009131,lana_matic9131,Lana Matic,2025-02-18T15:14:00.0000000Z
u0009132,nika_kovac9132,Nika Kovac,2024-12-21T18:26:00.0000000Z
u0009133,josip_babic9133,Josip Babic,2025-12-15T20:57:00.0000000Z
u0009134,ivan_vidovic9134,Ivan Vidovic,2025-01-25T11:41:00.0000000Z
u0009135,sara_juric9135,Sara Juric,2025-12-22T20:45:00.0000000Z
u0009136,ines_perkovic9136,Ines Perkovic,2024-10-02T16:36:00.0000000Z
u0009137,mia_knezevic9137,Mia Knezevic,2024-12-09T23:37:00.0000000Z
u0009138,ana_knezevic9138,Ana Knezevic,2025-03-31T20:45:00.0000000Z
u0009139,filip_kovac9139,Filip Kovac,2024-10-18T19:58:00.0000000Z
u0009140,ana_zoric9140,Ana Zoric,2025-11-07T12:35:00.0000000Z
u0009141,dora_vukovic9141,Dora Vukovic,2025-10-29T10:51:00.0000000Z
u0009142,luka_knezevic9142,Luka Knezevic,2025-03-16T22:45:00.0000000Z
u0009143,nika_kovacevic9143,Nika Kovacevic,2025-09-01T09:36:00.0000000Z
u0009144,ivan_zoric9144,Ivan Zoric,2025-01-04T00:51:00.0000000Z
u0009145,ivan_perkovic9145,Ivan Perkovic,2024-10-04T03:09:00.0000000Z
u0009146,luka_pavlovic9146,Luka Pavlovic,2024-10-13T21:18:00.0000000Z
u0009147,leon_maric9147,Leon Maric,2025-09-25T21:02:00.0000000Z
u0009148,iva_matic9148,Iva Matic,2024-05-25T19:17:00.0000000Z
u0009149,dora_knezevic9149,Dora Knezevic,2024-01-18T15:15:00.0000000Z
u0009150,leon_novak9150,Leon Novak,2024-01-11T18:29:00.0000000Z
u0009151,ivan_vukovic9151,Ivan Vukovic,2024-09-20T13:50:00.0000000Z
u0009152,ivan_babic9152,Ivan Babic,2024-12-11T00:41:00.0000000Z
u0009153,toni_matic9153,Toni Matic,2025-09-24T20:47:00.0000000Z
u0009154,mia_juric9154,Mia Juric,2024-09-10T01:25:00.0000000Z
u0009155,dario_juric9155,Dario Juric,2025-05-01T00:32:00.0000000Z
u0009156,dora_sever9156,Dora Sever,2025-06-24T14:22:00.0000000Z
u0009157,luka_babic9157,Luka Babic,2024-12-06T09:17:00.0000000Z
u0009158,ana_kovac9158,Ana Kovac,2025-02-09T15:16:00.0000000Z
u0009159,ivan_maric9159,Ivan Maric,2025-10-05T12:04:00.0000000Z
u0009160,bruno_juric9160,Bruno Juric,2025-12-17T20:35:00.0000000Z
u0009161,nika_pavlovic9161,Nika Pavlovic,2024-03-21T19:31:00.0000000Z
u0009162,karlo_sever9162,Karlo Sever,2024-10-12T10:16:00.0000000Z
u0009163,marko_horvat9163,Marko Horvat,2025-02-18T09:31:00.0000000Z
u0009164,leon_simic9164,Leon Simic,2024-04-07T22:12:00.0000000Z
u0009165,dario_radic9165,Dario Radic,2025-10-26T14:03:00.0000000Z
u0009166,dario_novak9166,Dario Novak,2024-05-13T23:55:00.0000000Z
u0009167,dario_sever9167,Dario Sever,2024-12-15T01:04:00.0000000Z
u0009168,ema_perkovic9168,Ema Perkovic,2024-03-17T11:34:00.0000000Z
u0009169,dario_kovac9169,Dario Kovac,2024-08-05T08:51:00.0000000Z
u0009170,karlo_sever9170,Karlo Sever,2025-12-02T16:42:00.0000000Z
u0009171,nika_curic9171,Nika Curic,2024-05-28T22:04:00.0000000Z
u0009172,ines_vidovic9172,Ines Vidovic,2025-04-26T09:38:00.0000000Z
u0009173,luka_kolar9173,Luka Kolar,2024-08-07T08:25:00.0000000Z
u0009174,ema_vidovic9174,Ema Vidovic,2025-11-21T02:25:00.0000000Z
u0009175,petra_kovacevic9175,Petra Kovacevic,2025-01-26T13:30:00.0000000Z
u0009176,filip_matic9176,Filip Matic,2025-01-27T05:37:00.0000000Z
u0009177,toni_radic9177,Toni Radic,2025-10-31T05:47:00.0000000Z
u0009178,sara_maric9178,Sara Maric,2024-07-16T12:46:00.0000000Z
u0009179,dario_juric9179,Dario Juric,2025-11-07T16:35:00.0000000Z
u0009180,ana_juric9180,Ana Juric,2025-10-30T04:26:00.0000000Z
u0009181,ivan_kovacevic9181,Ivan Kovacevic,2024-01-18T00:02:00.0000000Z
u0009182,toni_kovacevic9182,Toni Kovacevic,2025-05-16T20:38:00.0000000Z
u0009183,leon_pavlovic9183,Leon Pavlovic,2025-06-26T19:43:00.0000000Z
u0009184,ema_juric9184,Ema Juric,2025-01-17T22:49:00.0000000Z
u0009185,ines_juric9185,Ines Juric,2024-05-06T06:01:00.0000000Z
u0009186,dario_babic9186,Dario Babic,2024-09-20T09:46:00.0000000Z
u0009187,nika_novak9187,Nika Novak,2025-03-14T01:38:00.0000000Z
u0009188,iva_maric9188,Iva Maric,2024-11-29T20:52:00.0000000Z
u0009189,ana_barisic9189,Ana Barisic,2025-06-13T12:26:00.0000000Z
u0009190,leon_vukovic9190,Leon Vukovic,2025-01-06T07:53:00.0000000Z
u0009191,bruno_novak9191,Bruno Novak,2024-11-25T09:57:00.0000000Z
u0009192,mia_maric9192,Mia Maric,2024-12-17T23:18:00.0000000Z
u0009193,leon_simic9193,Leon Simic,2024-01-17T01:14:00.0000000Z
u0009194,karlo_knezevic9194,Karlo Knezevic,2025-09-04T21:50:00.0000000Z
u0009195,iva_vukovic9195,Iva Vukovic,2024-07-02T06:13:00.0000000Z
u0009196,mia_vidovic9196,Mia Vidovic,2025-11-03T16:19:00.0000000Z
u0009197,ivan_sever9197,Ivan Sever,2024-05-15T10:34:00.0000000Z
u0009198,nika_knezevic9198,Nika Knezevic,2024-02-10T07:49:00.0000000Z
u0009199,filip_kovacevic9199,Filip Kovacevic,2024-05-10T15:05:00.0000000Z
u0009200,nika_simic9200,Nika Simic,2024-11-04T13:25:00.0000000Z
u0009201,dora_sever9201,Dora Sever,2024-07-08T19:38:00.0000000Z
u0009202,luka_radic9202,Luka Radic,2024-02-10T15:46:00.0000000Z
u0009203,ivan_matic9203,Ivan Matic,2024-02-26T15:37:00.0000000Z
u0009204,sara_pavlovic9204,Sara Pavlovic,2025-02-01T08:00:00.0000000Z
u0009205,filip_kolar9205,Filip Kolar,2025-08-17T11:08:00.0000000Z
u0009206,iva_sever9206,Iva Sever,2025-07-13T00:32:00.0000000Z
u0009207,luka_perkovic9207,Luka Perkovic,2024-02-27T03:47:00.0000000Z
u0009208,karlo_vidovic9208,Karlo Vidovic,2024-10-26T07:48:00.0000000Z
u0009209,filip_maric9209,Filip Maric,2025-08-01T12:02:00.0000000Z
u0009210,mia_kovac9210,Mia Kovac,2025-09-11T14:39:00.0000000Z
u0009211,filip_vukovic9211,Filip Vukovic,2024-01-04T06:06:00.0000000Z
u0009212,nika_barisic9212,Nika Barisic,2024-10-22T20:08:00.0000000Z
u0009213,nika_simic9213,Nika Simic,2025-10-01T09:27:00.0000000Z
u0009214,petra_kovacevic9214,Petra Kovacevic,2024-08-19T09:08:00.0000000Z
u0009215,karlo_knezevic9215,Karlo Knezevic,2024-09-20T00:34:00.0000000Z
u0009216,toni_novak9216,Toni Novak,2025-06-08T04:42:00.0000000Z
u0009217,luka_simic9217,Luka Simic,2024-09-24T04:51:00.0000000Z
u0009218,josip_vukovic9218,Josip Vukovic,2025-10-26T01:58:00.0000000Z
u0009219,filip_maric9219,Filip Maric,2024-04-27T12:15:00.0000000Z
u0009220,karlo_curic9220,Karlo Curic,2024-09-14T01:06:00.0000000Z
u0009221,ema_perkovic9221,Ema Perkovic,2024-11-08T10:20:00.0000000Z
u0009222,luka_vukovic9222,Luka Vukovic,2024-07-04T21:05:00.0000000Z
u0009223,dario_kolar9223,Dario Kolar,2025-08-30T20:30:00.0000000Z
u0009224,josip_maric9224,Josip Maric,2024-10-24T19:15:00.0000000Z
u0009225,ines_horvat9225,Ines Horvat,2024-08-31T09:50:00.0000000Z
u0009226,iva_sever9226,Iva Sever,2024-11-09T02:33:00.0000000Z
u0009227,ana_perkovic9227,Ana Perkovic,2025-11-16T11:57:00.0000000Z
u0009228,ivan_maric9228,Ivan Maric,2025-01-11T02:09:00.0000000Z
u0009229,lana_barisic9229,Lana Barisic,2025-12-28T10:39:00.0000000Z
u0009230,ivan_juric9230,Ivan Juric,2025-06-15T20:37:00.0000000Z
u0009231,luka_kolar9231,Luka Kolar,2025-04-17T07:32:00.0000000Z
u0009232,dario_curic9232,Dario Curic,2025-04-13T07:21:00.0000000Z
u0009233,ines_pavlovic9233,Ines Pavlovic,2024-01-15T01:30:00.0000000Z
u0009234,marko_babic9234,Marko Babic,2024-12-22T01:35:00.0000000Z
u0009235,ines_vidovic9235,Ines Vidovic,2024-09-29T21:24:00.0000000Z
u0009236,dora_radic9236,Dora Radic,2024-09-11T12:19:00.0000000Z
u0009237,nika_simic9237,Nika Simic,2024-05-24T16:38:00.0000000Z
u0009238,bruno_vidovic9238,Bruno Vidovic,2024-06-16T19:46:00.0000000Z
u0009239,josip_maric9239,Josip Maric,2025-01-16T05:16:00.0000000Z
u0009240,leon_kolar9240,Leon Kolar,2024-12-29T04:50:00.0000000Z
u0009241,ema_knezevic9241,Ema Knezevic,2024-12-19T18:30:00.0000000Z
u0009242,marko_maric9242,Marko Maric,2024-11-25T11:14:00.0000000Z
u0009243,iva_vukovic9243,Iva Vukovic,2024-02-27T13:30:00.0000000Z
u0009244,sara_barisic9244,Sara Barisic,2024-09-08T19:40:00.0000000Z
u0009245,josip_curic9245,Josip Curic,2025-02-27T18:04:00.0000000Z
u0009246,lana_maric9246,Lana Maric,2024-08-23T23:48:00.0000000Z
u0009247,marko_radic9247,Marko Radic,2024-09-24T18:13:00.0000000Z
u0009248,toni_radic9248,Toni Radic,2025-05-05T11:11:00.0000000Z
u0009249,dario_radic9249,Dario Radic,2025-11-09T09:46:00.0000000Z
u0009250,josip_babic9250,Josip Babic,2025-06-26T14:18:00.0000000Z
u0009251,marko_sever9251,Marko Sever,2025-09-26T08:35:00.0000000Z
u0009252,dario_vidovic9252,Dario Vidovic,2025-04-24T02:55:00.0000000Z
u0009253,ana_zoric9253,Ana Zoric,2025-05-01T22:31:00.0000000Z
u0009254,leon_maric9254,Leon Maric,2024-04-24T16:42:00.0000000Z
u0009255,ema_barisic9255,Ema Barisic,2025-06-02T19:08:00.0000000Z
u0009256,ines_kovacevic9256,Ines Kovacevic,2025-09-17T00:51:00.0000000Z
u0009257,toni_sever9257,Toni Sever,2025-12-30T21:14:00.0000000Z
u0009258,petra_zoric9258,Petra Zoric,2024-06-10T14:57:00.0000000Z
u0009259,marko_pavlovic9259,Marko Pavlovic,2025-11-07T09:45:00.0000000Z
u0009260,karlo_simic9260,Karlo Simic,2025-04-21T08:56:00.0000000Z
u0009261,dario_kovacevic9261,Dario Kovacevic,2024-07-05T11:32:00.0000000Z
u0009262,filip_simic9262,Filip Simic,2025-10-16T05:14:00.0000000Z
u0009263,lana_barisic9263,Lana Barisic,2024-03-11T10:40:00.0000000Z
u0009264,leon_knezevic9264,Leon Knezevic,2024-10-24T14:50:00.0000000Z
u0009265,sara_novak9265,Sara Novak,2024-08-27T02:18:00.0000000Z
u0009266,luka_vukovic9266,Luka Vukovic,2025-04-07T22:19:00.0000000Z
u0009267,dora_perkovic9267,Dora Perkovic,2024-05-18T13:32:00.0000000Z
u0009268,ivan_zoric9268,Ivan Zoric,2024-04-18T16:25:00.0000000Z
u0009269,bruno_curic9269,Bruno Curic,2024-05-29T11:09:00.0000000Z
u0009270,toni_vukovic9270,Toni Vukovic,2024-06-22T04:58:00.0000000Z
u0009271,bruno_maric9271,Bruno Maric,2024-05-31T12:23:00.0000000Z
u0009272,ana_knezevic9272,Ana Knezevic,2025-09-14T21:55:00.0000000Z
u0009273,leon_curic9273,Leon Curic,2024-08-15T13:16:00.0000000Z
u0009274,karlo_vukovic9274,Karlo Vukovic,2024-11-13T04:15:00.0000000Z
u0009275,iva_kolar9275,Iva Kolar,2025-01-09T23:30:00.0000000Z
u0009276,nika_radic9276,Nika Radic,2025-02-07T08:51:00.0000000Z
u0009277,ines_curic9277,Ines Curic,2024-06-18T12:33:00.0000000Z
u0009278,ema_barisic9278,Ema Barisic,2025-10-16T12:55:00.0000000Z
u0009279,lana_knezevic9279,Lana Knezevic,2025-02-24T13:53:00.0000000Z
u0009280,marko_simic9280,Marko Simic,2025-04-21T03:47:00.0000000Z
u0009281,sara_vidovic9281,Sara Vidovic,2024-12-28T18:21:00.0000000Z
u0009282,ines_maric9282,Ines Maric,2024-07-07T03:29:00.0000000Z
u0009283,luka_pavlovic9283,Luka Pavlovic,2025-08-20T09:52:00.0000000Z
u0009284,lana_kovacevic9284,Lana Kovacevic,2024-11-19T23:54:00.0000000Z
u0009285,filip_babic9285,Filip Babic,2024-08-06T21:05:00.0000000Z
u0009286,iva_kovacevic9286,Iva Kovacevic,2024-01-31T23:29:00.0000000Z
u0009287,toni_maric9287,Toni Maric,2024-10-02T16:24:00.0000000Z
u0009288,sara_zoric9288,Sara Zoric,2024-12-09T00:55:00.0000000Z
u0009289,ana_knezevic9289,Ana Knezevic,2024-09-04T08:31:00.0000000Z
u0009290,filip_simic9290,Filip Simic,2025-11-25T16:08:00.0000000Z
u0009291,ema_zoric9291,Ema Zoric,2024-09-06T17:29:00.0000000Z
u0009292,sara_babic9292,Sara Babic,2025-02-04T16:25:00.0000000Z
u0009293,leon_curic9293,Leon Curic,2025-01-22T12:35:00.0000000Z
u0009294,ema_vukovic9294,Ema Vukovic,2025-10-19T16:30:00.0000000Z
u0009295,bruno_knezevic9295,Bruno Knezevic,2025-03-23T12:45:00.0000000Z
u0009296,iva_sever9296,Iva Sever,2025-05-29T13:06:00.0000000Z
u0009297,nika_kolar9297,Nika Kolar,2024-04-08T21:50:00.0000000Z
u0009298,dario_matic9298,Dario Matic,2024-11-17T19:26:00.0000000Z
u0009299,ema_horvat9299,Ema Horvat,2024-02-24T12:30:00.0000000Z
u0009300,ana_barisic9300,Ana Barisic,2025-07-06T16:14:00.0000000Z
u0009301,leon_barisic9301,Leon Barisic,2024-03-06T17:31:00.0000000Z
u0009302,ines_maric9302,Ines Maric,2025-01-09T10:18:00.0000000Z
u0009303,marko_perkovic9303,Marko Perkovic,2024-01-18T06:19:00.0000000Z
u0009304,iva_vidovic9304,Iva Vidovic,2024-10-28T10:13:00.0000000Z
u0009305,dario_vukovic9305,Dario Vukovic,2025-07-08T06:43:00.0000000Z
u0009306,lana_curic9306,Lana Curic,2024-08-31T20:40:00.0000000Z
u0009307,ines_novak9307,Ines Novak,2024-12-07T03:21:00.0000000Z
u0009308,toni_kolar9308,Toni Kolar,2025-09-08T08:03:00.0000000Z
u0009309,karlo_kolar9309,Karlo Kolar,2024-08-24T07:49:00.0000000Z
u0009310,leon_vukovic9310,Leon Vukovic,2024-03-02T04:01:00.0000000Z
u0009311,lana_curic9311,Lana Curic,2024-02-03T19:13:00.0000000Z
u0009312,iva_kovacevic9312,Iva Kovacevic,2025-01-02T00:58:00.0000000Z
u0009313,karlo_barisic9313,Karlo Barisic,2024-06-11T11:55:00.0000000Z
u0009314,marko_perkovic9314,Marko Perkovic,2024-08-12T02:48:00.0000000Z
u0009315,sara_vidovic9315,Sara Vidovic,2025-10-11T10:43:00.0000000Z
u0009316,bruno_horvat9316,Bruno Horvat,2024-03-08T05:18:00.0000000Z
u0009317,sara_zoric9317,Sara Zoric,2024-03-29T12:28:00.0000000Z
u0009318,bruno_maric9318,Bruno Maric,2025-04-10T09:29:00.0000000Z
u0009319,ema_juric9319,Ema Juric,2024-05-07T19:19:00.0000000Z
u0009320,luka_kovac9320,Luka Kovac,2024-11-27T02:43:00.0000000Z
u0009321,petra_novak9321,Petra Novak,2024-07-22T01:28:00.0000000Z
u0009322,leon_juric9322,Leon Juric,2025-10-24T06:54:00.0000000Z
u0009323,mia_kolar9323,Mia Kolar,2024-01-31T19:52:00.0000000Z
u0009324,ema_perkovic9324,Ema Perkovic,2024-02-06T22:04:00.0000000Z
u0009325,marko_zoric9325,Marko Zoric,2025-01-21T21:32:00.0000000Z
u0009326,petra_sever9326,Petra Sever,2025-09-25T20:29:00.0000000Z
u0009327,dora_kovac9327,Dora Kovac,2025-06-10T14:07:00.0000000Z
u0009328,luka_novak9328,Luka Novak,2025-03-04T10:36:00.0000000Z
u0009329,dora_kolar9329,Dora Kolar,2025-06-24T11:14:00.0000000Z
u0009330,josip_matic9330,Josip Matic,2024-02-08T01:27:00.0000000Z
u0009331,filip_simic9331,Filip Simic,2025-08-19T05:46:00.0000000Z
u0009332,iva_curic9332,Iva Curic,2024-12-20T21:53:00.0000000Z
u0009333,ana_kolar9333,Ana Kolar,2025-02-19T10:23:00.0000000Z
u0009334,dora_vukovic9334,Dora Vukovic,2024-07-26T12:55:00.0000000Z
u0009335,ana_knezevic9335,Ana Knezevic,2024-04-06T10:34:00.0000000Z
u0009336,ivan_pavlovic9336,Ivan Pavlovic,2024-10-28T19:30:00.0000000Z
u0009337,marko_babic9337,Marko Babic,2024-08-30T10:57:00.0000000Z
u0009338,filip_juric9338,Filip Juric,2025-11-29T16:46:00.0000000Z
u0009339,bruno_sever9339,Bruno Sever,2025-12-16T23:01:00.0000000Z
u0009340,sara_sever9340,Sara Sever,2025-01-31T12:39:00.0000000Z
u0009341,petra_sever9341,Petra Sever,2024-07-04T07:05:00.0000000Z
u0009342,dora_curic9342,Dora Curic,2024-03-14T11:23:00.0000000Z
u0009343,luka_kovacevic9343,Luka Kovacevic,2025-09-09T09:47:00.0000000Z
u0009344,ana_babic9344,Ana Babic,2024-06-03T08:06:00.0000000Z
u0009345,ema_sever9345,Ema Sever,2025-06-22T10:03:00.0000000Z
u0009346,josip_maric9346,Josip Maric,2025-08-03T02:21:00.0000000Z
u0009347,lana_barisic9347,Lana Barisic,2024-03-17T05:00:00.0000000Z
u0009348,filip_kovacevic9348,Filip Kovacevic,2024-09-15T19:09:00.0000000Z
u0009349,bruno_horvat9349,Bruno Horvat,2024-07-19T01:23:00.0000000Z
u0009350,ines_horvat9350,Ines Horvat,2025-11-26T23:57:00.0000000Z
u0009351,dario_kovacevic9351,Dario Kovacevic,2025-07-11T17:46:00.0000000Z
u0009352,ana_vidovic9352,Ana Vidovic,2024-10-17T15:21:00.0000000Z
u0009353,ana_kovac9353,Ana Kovac,2024-12-28T06:52:00.0000000Z
u0009354,ana_vidovic9354,Ana Vidovic,2024-07-28T07:32:00.0000000Z
u0009355,nika_kovac9355,Nika Kovac,2025-12-29T13:04:00.0000000Z
u0009356,marko_horvat9356,Marko Horvat,2024-08-20T18:37:00.0000000Z
u0009357,luka_juric9357,Luka Juric,2025-07-20T06:54:00.0000000Z
u0009358,petra_novak9358,Petra Novak,2024-03-03T09:35:00.0000000Z
u0009359,josip_vidovic9359,Josip Vidovic,2025-04-24T07:29:00.0000000Z
u0009360,ines_juric9360,Ines Juric,2025-10-24T17:17:00.0000000Z
u0009361,karlo_vukovic9361,Karlo Vukovic,2024-08-11T02:55:00.0000000Z
u0009362,ines_radic9362,Ines Radic,2025-08-02T12:47:00.0000000Z
u0009363,josip_juric9363,Josip Juric,2024-04-24T09:21:00.0000000Z
u0009364,filip_knezevic9364,Filip Knezevic,2024-03-30T02:02:00.0000000Z
u0009365,ema_knezevic9365,Ema Knezevic,2024-02-10T03:01:00.0000000Z
u0009366,karlo_zoric9366,Karlo Zoric,2024-06-22T09:27:00.0000000Z
u0009367,mia_simic9367,Mia Simic,2024-01-10T18:04:00.0000000Z
u0009368,dora_pavlovic9368,Dora Pavlovic,2025-06-25T09:13:00.0000000Z
u0009369,petra_kovacevic9369,Petra Kovacevic,2024-03-14T19:36:00.0000000Z
u0009370,sara_simic9370,Sara Simic,2025-12-13T04:13:00.0000000Z
u0009371,bruno_babic9371,Bruno Babic,2025-07-30T11:07:00.0000000Z
u0009372,nika_novak9372,Nika Novak,2024-12-03T18:49:00.0000000Z
u0009373,dora_perkovic9373,Dora Perkovic,2025-01-18T11:31:00.0000000Z
u0009374,luka_perkovic9374,Luka Perkovic,2025-06-20T00:21:00.0000000Z
u0009375,petra_barisic9375,Petra Barisic,2025-10-10T16:01:00.0000000Z
u0009376,sara_barisic9376,Sara Barisic,2025-08-16T14:01:00.0000000Z
u0009377,ana_pavlovic9377,Ana Pavlovic,2024-02-28T21:54:00.0000000Z
u0009378,josip_radic9378,Josip Radic,2025-05-04T16:13:00.0000000Z
u0009379,ines_barisic9379,Ines Barisic,2025-06-19T21:00:00.0000000Z
u0009380,nika_kolar9380,Nika Kolar,2024-06-08T22:35:00.0000000Z
u0009381,sara_zoric9381,Sara Zoric,2025-05-15T22:17:00.0000000Z
u0009382,petra_simic9382,Petra Simic,2024-07-20T01:27:00.0000000Z
u0009383,filip_kolar9383,Filip Kolar,2024-06-08T11:38:00.0000000Z
u0009384,nika_vidovic9384,Nika Vidovic,2024-03-02T06:09:00.0000000Z
u0009385,bruno_maric9385,Bruno Maric,2025-11-06T23:09:00.0000000Z
u0009386,ema_zoric9386,Ema Zoric,2025-07-08T18:15:00.0000000Z
u0009387,ines_radic9387,Ines Radic,2024-11-11T01:00:00.0000000Z
u0009388,ema_pavlovic9388,Ema Pavlovic,2025-12-06T03:54:00.0000000Z
u0009389,ines_kovacevic9389,Ines Kovacevic,2025-03-05T12:03:00.0000000Z
u0009390,marko_perkovic9390,Marko Perkovic,2024-08-31T09:57:00.0000000Z
u0009391,bruno_knezevic9391,Bruno Knezevic,2025-12-02T07:04:00.0000000Z
u0009392,filip_radic9392,Filip Radic,2025-10-22T06:21:00.0000000Z
u0009393,ana_sever9393,Ana Sever,2024-07-25T01:12:00.0000000Z
u0009394,toni_kovacevic9394,Toni Kovacevic,2024-05-09T19:18:00.0000000Z
u0009395,nika_knezevic9395,Nika Knezevic,2025-07-26T17:18:00.0000000Z
u0009396,dora_kolar9396,Dora Kolar,2024-10-12T00:02:00.0000000Z
u0009397,bruno_pavlovic9397,Bruno Pavlovic,2024-02-27T05:42:00.0000000Z
u0009398,dora_kolar9398,Dora Kolar,2024-05-19T04:36:00.0000000Z
u0009399,iva_knezevic9399,Iva Knezevic,2024-03-29T04:32:00.0000000Z
u0009400,bruno_juric9400,Bruno Juric,2024-07-20T00:59:00.0000000Z
u0009401,sara_novak9401,Sara Novak,2024-01-12T15:29:00.0000000Z
u0009402,ines_barisic9402,Ines Barisic,2024-11-02T05:55:00.0000000Z
u0009403,marko_knezevic9403,Marko Knezevic,2025-04-12T22:42:00.0000000Z
u0009404,ana_novak9404,Ana Novak,2025-08-15T17:23:00.0000000Z
u0009405,lana_novak9405,Lana Novak,2024-05-27T22:13:00.0000000Z
u0009406,ema_perkovic9406,Ema Perkovic,2024-06-02T03:14:00.0000000Z
u0009407,petra_barisic9407,Petra Barisic,2025-03-25T09:43:00.0000000Z
u0009408,petra_vukovic9408,Petra Vukovic,2024-02-27T08:54:00.0000000Z
u0009409,ema_zoric9409,Ema Zoric,2025-05-30T10:26:00.0000000Z
u0009410,iva_radic9410,Iva Radic,2024-03-18T19:30:00.0000000Z
u0009411,iva_kovacevic9411,Iva Kovacevic,2025-05-22T05:18:00.0000000Z
u0009412,ana_curic9412,Ana Curic,2024-03-19T17:56:00.0000000Z
u0009413,petra_kolar9413,Petra Kolar,2025-02-23T12:00:00.0000000Z
u0009414,mia_barisic9414,Mia Barisic,2024-08-07T15:06:00.0000000Z
u0009415,bruno_kolar9415,Bruno Kolar,2024-10-07T13:49:00.0000000Z
u0009416,ema_matic9416,Ema Matic,2024-12-09T21:51:00.0000000Z
u0009417,dora_radic9417,Dora Radic,2025-06-03T08:23:00.0000000Z
u0009418,leon_radic9418,Leon Radic,2024-10-10T08:14:00.0000000Z
u0009419,sara_matic9419,Sara Matic,2025-09-04T18:10:00.0000000Z
u0009420,leon_pavlovic9420,Leon Pavlovic,2024-03-20T15:16:00.0000000Z
u0009421,bruno_vukovic9421,Bruno Vukovic,2025-10-09T17:38:00.0000000Z
u0009422,dario_novak9422,Dario Novak,2025-10-21T07:58:00.0000000Z
u0009423,marko_matic9423,Marko Matic,2024-08-17T01:28:00.0000000Z
u0009424,ivan_kovac9424,Ivan Kovac,2025-12-19T02:30:00.0000000Z
u0009425,toni_vidovic9425,Toni Vidovic,2024-01-18T21:54:00.0000000Z
u0009426,filip_knezevic9426,Filip Knezevic,2025-04-20T01:34:00.0000000Z
u0009427,sara_sever9427,Sara Sever,2024-07-07T09:24:00.0000000Z
u0009428,luka_zoric9428,Luka Zoric,2025-12-19T23:26:00.0000000Z
u0009429,mia_barisic9429,Mia Barisic,2025-07-29T23:53:00.0000000Z
u0009430,filip_kovacevic9430,Filip Kovacevic,2024-11-14T23:46:00.0000000Z
u0009431,ema_novak9431,Ema Novak,2024-02-28T03:15:00.0000000Z
u0009432,lana_perkovic9432,Lana Perkovic,2025-01-14T20:04:00.0000000Z
u0009433,josip_novak9433,Josip Novak,2024-12-20T09:15:00.0000000Z
u0009434,lana_babic9434,Lana Babic,2024-01-19T16:49:00.0000000Z
u0009435,petra_barisic9435,Petra Barisic,2024-11-18T14:02:00.0000000Z
u0009436,bruno_juric9436,Bruno Juric,2025-06-11T08:34:00.0000000Z
u0009437,mia_kovacevic9437,Mia Kovacevic,2024-01-30T14:41:00.0000000Z
u0009438,petra_novak9438,Petra Novak,2025-04-13T05:30:00.0000000Z
u0009439,ines_matic9439,Ines Matic,2025-02-21T00:31:00.0000000Z
u0009440,leon_babic9440,Leon Babic,2024-09-23T14:27:00.0000000Z
u0009441,marko_vidovic9441,Marko Vidovic,2024-03-31T07:55:00.0000000Z
u0009442,ines_vidovic9442,Ines Vidovic,2025-09-25T04:37:00.0000000Z
u0009443,leon_maric9443,Leon Maric,2024-04-30T07:20:00.0000000Z
u0009444,dario_curic9444,Dario Curic,2024-06-19T12:33:00.0000000Z
u0009445,petra_novak9445,Petra Novak,2025-09-04T15:41:00.0000000Z
u0009446,luka_kovac9446,Luka Kovac,2025-10-10T17:58:00.0000000Z
u0009447,dario_perkovic9447,Dario Perkovic,2025-03-11T14:29:00.0000000Z
u0009448,ivan_curic9448,Ivan Curic,2024-01-02T12:16:00.0000000Z
u0009449,mia_kovac9449,Mia Kovac,2025-12-17T09:43:00.0000000Z
u0009450,josip_pavlovic9450,Josip Pavlovic,2024-05-06T08:58:00.0000000Z
u0009451,leon_radic9451,Leon Radic,2024-02-25T06:01:00.0000000Z
u0009452,marko_vukovic9452,Marko Vukovic,2024-09-04T09:13:00.0000000Z
u0009453,leon_juric9453,Leon Juric,2024-02-18T21:35:00.0000000Z
u0009454,nika_vidovic9454,Nika Vidovic,2024-03-18T15:30:00.0000000Z
u0009455,nika_barisic9455,Nika Barisic,2024-11-19T23:29:00.0000000Z
u0009456,karlo_horvat9456,Karlo Horvat,2024-01-22T22:17:00.0000000Z
u0009457,karlo_pavlovic9457,Karlo Pavlovic,2024-10-19T14:43:00.0000000Z
u0009458,sara_vukovic9458,Sara Vukovic,2024-12-10T10:51:00.0000000Z
u0009459,iva_horvat9459,Iva Horvat,2025-09-25T04:17:00.0000000Z
u0009460,marko_matic9460,Marko Matic,2025-06-28T21:19:00.0000000Z
u0009461,ines_matic9461,Ines Matic,2025-02-09T03:41:00.0000000Z
u0009462,dora_simic9462,Dora Simic,2024-10-11T17:54:00.0000000Z
u0009463,petra_horvat9463,Petra Horvat,2025-09-09T15:28:00.0000000Z
u0009464,dario_kovacevic9464,Dario Kovacevic,2025-08-04T21:29:00.0000000Z
u0009465,karlo_sever9465,Karlo Sever,2025-09-07T22:36:00.0000000Z
u0009466,lana_radic9466,Lana Radic,2024-03-02T02:13:00.0000000Z
u0009467,nika_simic9467,Nika Simic,2024-02-11T06:54:00.0000000Z
u0009468,dora_pavlovic9468,Dora Pavlovic,2025-12-28T01:31:00.0000000Z
u0009469,iva_juric9469,Iva Juric,2024-04-20T18:28:00.0000000Z
u0009470,toni_vukovic9470,Toni Vukovic,2024-08-21T04:58:00.0000000Z
u0009471,lana_zoric9471,Lana Zoric,2025-08-07T02:06:00.0000000Z
u0009472,filip_perkovic9472,Filip Perkovic,2024-09-18T05:08:00.0000000Z
u0009473,nika_simic9473,Nika Simic,2024-08-10T02:12:00.0000000Z
u0009474,ivan_pavlovic9474,Ivan Pavlovic,2025-12-15T02:44:00.0000000Z
u0009475,petra_kovacevic9475,Petra Kovacevic,2024-07-29T05:39:00.0000000Z
u0009476,toni_barisic9476,Toni Barisic,2024-10-12T08:47:00.0000000Z
u0009477,toni_juric9477,Toni Juric,2025-01-28T02:41:00.0000000Z
u0009478,iva_simic9478,Iva Simic,2025-10-12T09:38:00.0000000Z
u0009479,sara_curic9479,Sara Curic,2025-08-28T17:32:00.0000000Z
u0009480,nika_novak9480,Nika Novak,2024-07-29T17:17:00.0000000Z
u0009481,luka_simic9481,Luka Simic,2025-05-21T02:42:00.0000000Z
u0009482,dario_horvat9482,Dario Horvat,2025-02-05T18:23:00.0000000Z
u0009483,dora_radic9483,Dora Radic,2024-07-23T09:28:00.0000000Z
u0009484,lana_curic9484,Lana Curic,2025-11-19T11:13:00.0000000Z
u0009485,iva_radic9485,Iva Radic,2025-11-17T11:20:00.0000000Z
u0009486,ivan_zoric9486,Ivan Zoric,2024-09-01T00:35:00.0000000Z
u0009487,bruno_maric9487,Bruno Maric,2024-10-23T02:49:00.0000000Z
u0009488,iva_sever9488,Iva Sever,2024-02-23T17:49:00.0000000Z
u0009489,iva_perkovic9489,Iva Perkovic,2024-06-07T06:25:00.0000000Z
u0009490,leon_pavlovic9490,Leon Pavlovic,2025-07-04T07:03:00.0000000Z
u0009491,dario_sever9491,Dario Sever,2024-09-09T22:45:00.0000000Z
u0009492,ana_vidovic9492,Ana Vidovic,2024-03-10T08:15:00.0000000Z
u0009493,ema_perkovic9493,Ema Perkovic,2024-07-18T05:49:00.0000000Z
u0009494,bruno_pavlovic9494,Bruno Pavlovic,2024-09-19T14:03:00.0000000Z
u0009495,marko_babic9495,Marko Babic,2024-09-04T13:50:00.0000000Z
u0009496,nika_horvat9496,Nika Horvat,2024-02-12T23:38:00.0000000Z
u0009497,dora_pavlovic9497,Dora Pavlovic,2024-05-02T02:49:00.0000000Z
u0009498,lana_barisic9498,Lana Barisic,2024-02-07T03:05:00.0000000Z
u0009499,ines_matic9499,Ines Matic,2025-02-26T04:26:00.0000000Z
u0009500,toni_kolar9500,Toni Kolar,2024-09-05T22:38:00.0000000Z
u0009501,filip_kovac9501,Filip Kovac,2025-09-27T10:14:00.0000000Z
u0009502,dario_sever9502,Dario Sever,2025-11-22T01:28:00.0000000Z
u0009503,nika_zoric9503,Nika Zoric,2025-05-18T01:02:00.0000000Z
u0009504,karlo_zoric9504,Karlo Zoric,2024-03-21T08:18:00.0000000Z
u0009505,ivan_sever9505,Ivan Sever,2025-02-14T03:11:00.0000000Z
u0009506,ana_pavlovic9506,Ana Pavlovic,2025-08-31T12:08:00.0000000Z
u0009507,bruno_maric9507,Bruno Maric,2025-05-14T00:50:00.0000000Z
u0009508,petra_sever9508,Petra Sever,2024-01-14T23:36:00.0000000Z
u0009509,nika_horvat9509,Nika Horvat,2024-04-13T03:23:00.0000000Z
u0009510,ema_babic9510,Ema Babic,2024-09-03T16:24:00.0000000Z
u0009511,dario_perkovic9511,Dario Perkovic,2025-10-27T12:06:00.0000000Z
u0009512,leon_knezevic9512,Leon Knezevic,2025-01-13T18:53:00.0000000Z
u0009513,lana_simic9513,Lana Simic,2024-05-14T12:53:00.0000000Z
u0009514,mia_sever9514,Mia Sever,2024-06-24T10:56:00.0000000Z
u0009515,mia_babic9515,Mia Babic,2025-08-20T06:07:00.0000000Z
u0009516,ivan_knezevic9516,Ivan Knezevic,2025-10-04T21:39:00.0000000Z
u0009517,lana_vidovic9517,Lana Vidovic,2025-08-27T03:22:00.0000000Z
u0009518,bruno_barisic9518,Bruno Barisic,2025-02-12T21:21:00.0000000Z
u0009519,sara_maric9519,Sara Maric,2024-04-04T08:47:00.0000000Z
u0009520,ines_curic9520,Ines Curic,2025-11-06T11:15:00.0000000Z
u0009521,karlo_kovacevic9521,Karlo Kovacevic,2025-04-05T20:37:00.0000000Z
u0009522,mia_kovacevic9522,Mia Kovacevic,2024-04-03T12:56:00.0000000Z
u0009523,petra_babic9523,Petra Babic,2025-02-17T09:18:00.0000000Z
u0009524,ana_simic9524,Ana Simic,2024-02-17T13:29:00.0000000Z
u0009525,toni_kovacevic9525,Toni Kovacevic,2024-05-16T07:51:00.0000000Z
u0009526,josip_zoric9526,Josip Zoric,2025-09-14T22:55:00.0000000Z
u0009527,luka_radic9527,Luka Radic,2025-03-12T20:25:00.0000000Z
u0009528,ema_vidovic9528,Ema Vidovic,2024-08-03T16:47:00.0000000Z
u0009529,dario_zoric9529,Dario Zoric,2025-07-23T10:15:00.0000000Z
u0009530,mia_juric9530,Mia Juric,2024-06-15T18:06:00.0000000Z
u0009531,mia_pavlovic9531,Mia Pavlovic,2025-04-15T22:41:00.0000000Z
u0009532,ema_simic9532,Ema Simic,2025-05-24T10:10:00.0000000Z
u0009533,toni_horvat9533,Toni Horvat,2025-07-20T19:57:00.0000000Z
u0009534,sara_barisic9534,Sara Barisic,2024-08-10T10:37:00.0000000Z
u0009535,filip_knezevic9535,Filip Knezevic,2024-07-23T16:44:00.0000000Z
u0009536,iva_kovac9536,Iva Kovac,2025-01-31T13:18:00.0000000Z
u0009537,mia_novak9537,Mia Novak,2024-10-09T21:01:00.0000000Z
u0009538,ema_perkovic9538,Ema Perkovic,2024-10-26T12:28:00.0000000Z
u0009539,filip_radic9539,Filip Radic,2024-12-26T21:03:00.0000000Z
u0009540,filip_vidovic9540,Filip Vidovic,2025-02-10T11:44:00.0000000Z
u0009541,filip_vidovic9541,Filip Vidovic,2025-09-16T02:11:00.0000000Z
u0009542,filip_perkovic9542,Filip Perkovic,2025-11-01T15:45:00.0000000Z
u0009543,josip_vukovic9543,Josip Vukovic,2025-07-05T01:18:00.0000000Z
u0009544,lana_vidovic9544,Lana Vidovic,2025-07-15T18:11:00.0000000Z
u0009545,ivan_radic9545,Ivan Radic,2025-05-04T11:23:00.0000000Z
u0009546,ema_curic9546,Ema Curic,2024-09-20T04:09:00.0000000Z
u0009547,ana_kolar9547,Ana Kolar,2025-05-08T18:28:00.0000000Z
u0009548,luka_sever9548,Luka Sever,2024-02-14T01:29:00.0000000Z
u0009549,karlo_babic9549,Karlo Babic,2025-12-22T00:02:00.0000000Z
u0009550,luka_curic9550,Luka Curic,2024-01-31T21:56:00.0000000Z
u0009551,luka_juric9551,Luka Juric,2024-05-09T18:21:00.0000000Z
u0009552,luka_kovacevic9552,Luka Kovacevic,2024-01-09T16:52:00.0000000Z
u0009553,josip_sever9553,Josip Sever,2025-08-01T17:25:00.0000000Z
u0009554,mia_kovacevic9554,Mia Kovacevic,2025-05-29T19:26:00.0000000Z
u0009555,iva_barisic9555,Iva Barisic,2024-10-04T08:18:00.0000000Z
u0009556,toni_maric9556,Toni Maric,2024-04-11T16:50:00.0000000Z
u0009557,bruno_horvat9557,Bruno Horvat,2025-03-12T22:58:00.0000000Z
u0009558,marko_kovacevic9558,Marko Kovacevic,2024-03-08T20:28:00.0000000Z
u0009559,ines_babic9559,Ines Babic,2025-09-26T04:12:00.0000000Z
u0009560,iva_matic9560,Iva Matic,2025-01-28T21:57:00.0000000Z
u0009561,leon_maric9561,Leon Maric,2024-11-30T10:49:00.0000000Z
u0009562,bruno_juric9562,Bruno Juric,2025-02-13T13:06:00.0000000Z
u0009563,nika_barisic9563,Nika Barisic,2024-05-03T09:49:00.0000000Z
u0009564,sara_vidovic9564,Sara Vidovic,2025-12-08T20:14:00.0000000Z
u0009565,nika_perkovic9565,Nika Perkovic,2024-10-23T00:02:00.0000000Z
u0009566,dora_knezevic9566,Dora Knezevic,2024-03-09T09:24:00.0000000Z
u0009567,sara_novak9567,Sara Novak,2025-10-29T17:18:00.0000000Z
u0009568,karlo_matic9568,Karlo Matic,2025-10-18T05:44:00.0000000Z
u0009569,josip_kovac9569,Josip Kovac,2025-11-26T06:41:00.0000000Z
u0009570,ivan_kovacevic9570,Ivan Kovacevic,2024-06-17T08:43:00.0000000Z
u0009571,marko_perkovic9571,Marko Perkovic,2024-12-16T02:59:00.0000000Z
u0009572,ema_knezevic9572,Ema Knezevic,2024-04-24T18:30:00.0000000Z
u0009573,luka_kovac9573,Luka Kovac,2025-03-13T07:16:00.0000000Z
u0009574,karlo_horvat9574,Karlo Horvat,2024-09-06T12:10:00.0000000Z
u0009575,dora_kovac9575,Dora Kovac,2024-05-18T03:42:00.0000000Z
u0009576,toni_simic9576,Toni Simic,2025-05-02T04:43:00.0000000Z
u0009577,sara_curic9577,Sara Curic,2025-04-28T20:48:00.0000000Z
u0009578,iva_babic9578,Iva Babic,2024-07-18T23:54:00.0000000Z
u0009579,toni_kovac9579,Toni Kovac,2025-05-18T19:28:00.0000000Z
u0009580,nika_juric9580,Nika Juric,2024-06-06T12:20:00.0000000Z
u0009581,toni_radic9581,Toni Radic,2025-01-13T03:48:00.0000000Z
u0009582,leon_radic9582,Leon Radic,2024-05-17T17:35:00.0000000Z
u0009583,lana_kovacevic9583,Lana Kovacevic,2024-06-11T13:48:00.0000000Z
u0009584,luka_kolar9584,Luka Kolar,2024-09-29T00:19:00.0000000Z
u0009585,lana_barisic9585,Lana Barisic,2024-05-23T15:13:00.0000000Z
u0009586,nika_barisic9586,Nika Barisic,2024-10-29T02:32:00.0000000Z
u0009587,bruno_vidovic9587,Bruno Vidovic,2025-01-02T14:03:00.0000000Z
u0009588,ema_vukovic9588,Ema Vukovic,2024-11-09T20:41:00.0000000Z
u0009589,nika_vukovic9589,Nika Vukovic,2025-01-30T00:16:00.0000000Z
u0009590,luka_pavlovic9590,Luka Pavlovic,2024-09-11T00:46:00.0000000Z
u0009591,lana_perkovic9591,Lana Perkovic,2025-08-12T04:12:00.0000000Z
u0009592,mia_novak9592,Mia Novak,2025-01-14T01:03:00.0000000Z
u0009593,karlo_horvat9593,Karlo Horvat,2025-02-17T00:44:00.0000000Z
u0009594,ana_babic9594,Ana Babic,2024-07-02T14:54:00.0000000Z
u0009595,josip_knezevic9595,Josip Knezevic,2024-05-15T03:49:00.0000000Z
u0009596,ema_juric9596,Ema Juric,2024-07-03T09:29:00.0000000Z
u0009597,ivan_kovac9597,Ivan Kovac,2024-05-29T08:18:00.0000000Z
u0009598,ema_vidovic9598,Ema Vidovic,2024-11-27T08:10:00.0000000Z
u0009599,bruno_kovacevic9599,Bruno Kovacevic,2024-03-21T00:28:00.0000000Z
u0009600,ivan_vukovic9600,Ivan Vukovic,2024-04-17T11:57:00.0000000Z
u0009601,toni_juric9601,Toni Juric,2025-05-16T00:26:00.0000000Z
u0009602,ines_zoric9602,Ines Zoric,2024-01-27T10:53:00.0000000Z
u0009603,nika_babic9603,Nika Babic,2025-04-20T09:12:00.0000000Z
u0009604,sara_kolar9604,Sara Kolar,2025-09-09T18:15:00.0000000Z
u0009605,karlo_kolar9605,Karlo Kolar,2025-05-08T10:44:00.0000000Z
u0009606,ema_vidovic9606,Ema Vidovic,2025-11-30T10:34:00.0000000Z
u0009607,luka_juric9607,Luka Juric,2024-03-05T01:13:00.0000000Z
u0009608,ema_babic9608,Ema Babic,2025-02-24T15:19:00.0000000Z
u0009609,marko_maric9609,Marko Maric,2025-09-04T00:28:00.0000000Z
u0009610,mia_perkovic9610,Mia Perkovic,2025-10-09T08:20:00.0000000Z
u0009611,josip_kolar9611,Josip Kolar,2025-04-27T16:45:00.0000000Z
u0009612,josip_vukovic9612,Josip Vukovic,2025-09-15T19:20:00.0000000Z
u0009613,nika_simic9613,Nika Simic,2025-04-25T08:22:00.0000000Z
u0009614,marko_kolar9614,Marko Kolar,2024-05-03T09:27:00.0000000Z
u0009615,toni_vukovic9615,Toni Vukovic,2024-08-09T02:43:00.0000000Z
u0009616,mia_knezevic9616,Mia Knezevic,2024-04-12T11:07:00.0000000Z
u0009617,iva_matic9617,Iva Matic,2024-12-18T17:23:00.0000000Z
u0009618,petra_vidovic9618,Petra Vidovic,2024-03-08T21:44:00.0000000Z
u0009619,ivan_vukovic9619,Ivan Vukovic,2024-04-23T19:44:00.0000000Z
u0009620,marko_kolar9620,Marko Kolar,2025-03-07T00:24:00.0000000Z
u0009621,petra_novak9621,Petra Novak,2024-11-17T10:33:00.0000000Z
u0009622,iva_juric9622,Iva Juric,2024-01-10T19:31:00.0000000Z
u0009623,petra_knezevic9623,Petra Knezevic,2024-09-16T23:07:00.0000000Z
u0009624,karlo_perkovic9624,Karlo Perkovic,2024-07-16T09:09:00.0000000Z
u0009625,filip_kovac9625,Filip Kovac,2025-02-07T15:03:00.0000000Z
u0009626,leon_perkovic9626,Leon Perkovic,2025-06-15T23:53:00.0000000Z
u0009627,ema_zoric9627,Ema Zoric,2025-07-10T14:57:00.0000000Z
u0009628,sara_simic9628,Sara Simic,2024-06-02T21:30:00.0000000Z
u0009629,josip_juric9629,Josip Juric,2025-10-13T11:00:00.0000000Z
u0009630,nika_vukovic9630,Nika Vukovic,2025-12-26T14:15:00.0000000Z
u0009631,sara_matic9631,Sara Matic,2025-09-04T05:19:00.0000000Z
u0009632,ivan_sever9632,Ivan Sever,2025-01-09T00:16:00.0000000Z
u0009633,bruno_vidovic9633,Bruno Vidovic,2024-04-06T04:55:00.0000000Z
u0009634,ema_maric9634,Ema Maric,2025-12-30T02:07:00.0000000Z
u0009635,iva_sever9635,Iva Sever,2025-07-18T14:27:00.0000000Z
u0009636,luka_barisic9636,Luka Barisic,2025-06-29T14:19:00.0000000Z
u0009637,dario_babic9637,Dario Babic,2025-05-05T12:02:00.0000000Z
u0009638,josip_vidovic9638,Josip Vidovic,2025-11-21T18:09:00.0000000Z
u0009639,karlo_matic9639,Karlo Matic,2025-04-10T01:30:00.0000000Z
u0009640,luka_vukovic9640,Luka Vukovic,2024-01-08T02:54:00.0000000Z
u0009641,marko_pavlovic9641,Marko Pavlovic,2024-02-21T10:58:00.0000000Z
u0009642,mia_babic9642,Mia Babic,2024-06-18T03:19:00.0000000Z
u0009643,josip_novak9643,Josip Novak,2024-04-15T17:23:00.0000000Z
u0009644,ana_maric9644,Ana Maric,2025-09-12T15:05:00.0000000Z
u0009645,nika_sever9645,Nika Sever,2025-03-22T13:53:00.0000000Z
u0009646,iva_curic9646,Iva Curic,2025-03-27T16:34:00.0000000Z
u0009647,josip_maric9647,Josip Maric,2024-10-23T22:58:00.0000000Z
u0009648,marko_horvat9648,Marko Horvat,2024-06-08T07:04:00.0000000Z
u0009649,filip_juric9649,Filip Juric,2025-03-27T08:49:00.0000000Z
u0009650,ines_novak9650,Ines Novak,2024-11-25T09:29:00.0000000Z
u0009651,ines_matic9651,Ines Matic,2024-12-13T13:28:00.0000000Z
u0009652,marko_maric9652,Marko Maric,2025-02-10T06:01:00.0000000Z
u0009653,leon_knezevic9653,Leon Knezevic,2025-08-31T14:12:00.0000000Z
u0009654,dario_zoric9654,Dario Zoric,2025-03-27T17:28:00.0000000Z
u0009655,toni_matic9655,Toni Matic,2025-11-25T02:05:00.0000000Z
u0009656,karlo_vidovic9656,Karlo Vidovic,2025-09-14T15:07:00.0000000Z
u0009657,filip_kovac9657,Filip Kovac,2025-03-03T19:41:00.0000000Z
u0009658,ana_zoric9658,Ana Zoric,2024-05-04T03:14:00.0000000Z
u0009659,toni_sever9659,Toni Sever,2025-03-05T18:11:00.0000000Z
u0009660,ines_horvat9660,Ines Horvat,2025-09-13T12:05:00.0000000Z
u0009661,toni_radic9661,Toni Radic,2025-12-25T19:42:00.0000000Z
u0009662,sara_maric9662,Sara Maric,2025-05-19T07:00:00.0000000Z
u0009663,mia_matic9663,Mia Matic,2025-08-18T06:42:00.0000000Z
u0009664,ivan_vidovic9664,Ivan Vidovic,2024-12-24T22:14:00.0000000Z
u0009665,iva_barisic9665,Iva Barisic,2024-10-26T02:18:00.0000000Z
u0009666,iva_radic9666,Iva Radic,2025-01-20T20:24:00.0000000Z
u0009667,ema_radic9667,Ema Radic,2024-11-18T02:50:00.0000000Z
u0009668,iva_simic9668,Iva Simic,2024-05-08T01:55:00.0000000Z
u0009669,ines_barisic9669,Ines Barisic,2025-05-31T03:53:00.0000000Z
u0009670,filip_radic9670,Filip Radic,2024-05-20T10:49:00.0000000Z
u0009671,dora_kovac9671,Dora Kovac,2024-10-05T20:27:00.0000000Z
u0009672,dora_curic9672,Dora Curic,2024-06-25T11:43:00.0000000Z
u0009673,toni_curic9673,Toni Curic,2024-08-31T23:51:00.0000000Z
u0009674,ema_knezevic9674,Ema Knezevic,2024-09-16T07:57:00.0000000Z
u0009675,ana_juric9675,Ana Juric,2024-06-15T22:54:00.0000000Z
u0009676,ivan_novak9676,Ivan Novak,2025-10-16T10:02:00.0000000Z
u0009677,iva_vidovic9677,Iva Vidovic,2024-11-12T12:07:00.0000000Z
u0009678,ivan_simic9678,Ivan Simic,2025-01-29T01:25:00.0000000Z
u0009679,josip_vidovic9679,Josip Vidovic,2025-12-17T09:46:00.0000000Z
u0009680,karlo_vidovic9680,Karlo Vidovic,2024-08-13T02:12:00.0000000Z
u0009681,dora_kovac9681,Dora Kovac,2025-11-28T18:51:00.0000000Z
u0009682,toni_kovac9682,Toni Kovac,2025-07-08T10:26:00.0000000Z
u0009683,marko_vidovic9683,Marko Vidovic,2025-12-07T03:19:00.0000000Z
u0009684,petra_maric9684,Petra Maric,2025-04-07T10:40:00.0000000Z
u0009685,petra_horvat9685,Petra Horvat,2024-02-08T09:54:00.0000000Z
u0009686,ivan_kolar9686,Ivan Kolar,2024-07-22T10:29:00.0000000Z
u0009687,leon_zoric9687,Leon Zoric,2025-03-31T07:14:00.0000000Z
u0009688,karlo_radic9688,Karlo Radic,2025-05-28T23:39:00.0000000Z
u0009689,iva_curic9689,Iva Curic,2024-12-24T12:20:00.0000000Z
u0009690,karlo_simic9690,Karlo Simic,2024-02-28T15:47:00.0000000Z
u0009691,ema_vidovic9691,Ema Vidovic,2024-02-28T18:56:00.0000000Z
u0009692,ana_juric9692,Ana Juric,2024-10-04T03:57:00.0000000Z
u0009693,mia_knezevic9693,Mia Knezevic,2024-05-20T00:21:00.0000000Z
u0009694,lana_sever9694,Lana Sever,2024-11-10T06:19:00.0000000Z
u0009695,leon_simic9695,Leon Simic,2025-04-21T14:40:00.0000000Z
u0009696,karlo_barisic9696,Karlo Barisic,2025-02-25T13:02:00.0000000Z
u0009697,lana_kovacevic9697,Lana Kovacevic,2024-03-28T15:33:00.0000000Z
u0009698,bruno_barisic9698,Bruno Barisic,2024-02-12T01:45:00.0000000Z
u0009699,sara_maric9699,Sara Maric,2025-01-16T06:05:00.0000000Z
u0009700,ema_barisic9700,Ema Barisic,2024-05-11T06:00:00.0000000Z
u0009701,ema_juric9701,Ema Juric,2024-06-17T07:23:00.0000000Z
u0009702,ines_curic9702,Ines Curic,2024-09-15T03:47:00.0000000Z
u0009703,nika_maric9703,Nika Maric,2025-06-17T17:53:00.0000000Z
u0009704,sara_perkovic9704,Sara Perkovic,2024-08-16T20:44:00.0000000Z
u0009705,ivan_matic9705,Ivan Matic,2025-07-27T20:40:00.0000000Z
u0009706,petra_barisic9706,Petra Barisic,2025-11-26T22:56:00.0000000Z
u0009707,ivan_sever9707,Ivan Sever,2024-01-31T12:48:00.0000000Z
u0009708,leon_vukovic9708,Leon Vukovic,2024-06-30T02:30:00.0000000Z
u0009709,dora_simic9709,Dora Simic,2025-11-15T13:10:00.0000000Z
u0009710,ana_kovacevic9710,Ana Kovacevic,2024-03-16T06:44:00.0000000Z
u0009711,ines_babic9711,Ines Babic,2025-02-05T15:20:00.0000000Z
u0009712,ana_novak9712,Ana Novak,2025-06-07T12:53:00.0000000Z
u0009713,petra_horvat9713,Petra Horvat,2025-05-14T21:43:00.0000000Z
u0009714,ema_novak9714,Ema Novak,2025-05-24T02:19:00.0000000Z
u0009715,karlo_vidovic9715,Karlo Vidovic,2025-04-10T08:34:00.0000000Z
u0009716,karlo_pavlovic9716,Karlo Pavlovic,2024-10-14T00:13:00.0000000Z
u0009717,ema_matic9717,Ema Matic,2024-07-31T22:06:00.0000000Z
u0009718,nika_novak9718,Nika Novak,2025-10-22T23:55:00.0000000Z
u0009719,marko_vukovic9719,Marko Vukovic,2025-10-28T03:14:00.0000000Z
u0009720,dora_curic9720,Dora Curic,2024-09-12T09:58:00.0000000Z
u0009721,josip_radic9721,Josip Radic,2025-08-26T20:13:00.0000000Z
u0009722,toni_vidovic9722,Toni Vidovic,2025-01-28T11:53:00.0000000Z
u0009723,iva_kovac9723,Iva Kovac,2024-07-21T00:12:00.0000000Z
u0009724,ivan_sever9724,Ivan Sever,2025-09-04T15:58:00.0000000Z
u0009725,ema_zoric9725,Ema Zoric,2025-06-03T11:33:00.0000000Z
u0009726,filip_kovac9726,Filip Kovac,2025-01-29T17:58:00.0000000Z
u0009727,toni_maric9727,Toni Maric,2025-11-18T13:29:00.0000000Z
u0009728,dario_zoric9728,Dario Zoric,2025-09-12T08:38:00.0000000Z
u0009729,karlo_juric9729,Karlo Juric,2025-11-22T07:42:00.0000000Z
u0009730,toni_barisic9730,Toni Barisic,2025-09-09T15:32:00.0000000Z
u0009731,karlo_novak9731,Karlo Novak,2024-03-25T07:51:00.0000000Z
u0009732,filip_barisic9732,Filip Barisic,2025-06-07T11:07:00.0000000Z
u0009733,ines_novak9733,Ines Novak,2025-12-30T01:27:00.0000000Z
u0009734,ivan_horvat9734,Ivan Horvat,2025-01-29T21:23:00.0000000Z
u0009735,marko_novak9735,Marko Novak,2024-12-29T16:02:00.0000000Z
u0009736,lana_kovacevic9736,Lana Kovacevic,2024-11-23T12:04:00.0000000Z
u0009737,petra_zoric9737,Petra Zoric,2024-07-28T18:38:00.0000000Z
u0009738,mia_vukovic9738,Mia Vukovic,2025-07-18T05:53:00.0000000Z
u0009739,josip_barisic9739,Josip Barisic,2025-07-22T10:29:00.0000000Z
u0009740,dora_vidovic9740,Dora Vidovic,2025-01-19T17:21:00.0000000Z
u0009741,nika_babic9741,Nika Babic,2024-05-26T14:37:00.0000000Z
u0009742,josip_juric9742,Josip Juric,2025-07-20T07:56:00.0000000Z
u0009743,bruno_curic9743,Bruno Curic,2025-09-26T01:51:00.0000000Z
u0009744,dora_matic9744,Dora Matic,2025-09-11T20:10:00.0000000Z
u0009745,dario_radic9745,Dario Radic,2024-03-21T16:00:00.0000000Z
u0009746,josip_knezevic9746,Josip Knezevic,2025-02-04T14:47:00.0000000Z
u0009747,mia_vukovic9747,Mia Vukovic,2025-12-22T08:48:00.0000000Z
u0009748,lana_matic9748,Lana Matic,2024-02-28T18:25:00.0000000Z
u0009749,nika_knezevic9749,Nika Knezevic,2025-09-09T07:07:00.0000000Z
u0009750,filip_curic9750,Filip Curic,2024-01-09T18:36:00.0000000Z
u0009751,leon_barisic9751,Leon Barisic,2024-10-20T05:27:00.0000000Z
u0009752,lana_radic9752,Lana Radic,2025-11-05T23:27:00.0000000Z
u0009753,filip_perkovic9753,Filip Perkovic,2025-11-15T23:10:00.0000000Z
u0009754,bruno_kolar9754,Bruno Kolar,2024-09-24T16:26:00.0000000Z
u0009755,nika_maric9755,Nika Maric,2024-08-21T02:21:00.0000000Z
u0009756,josip_vidovic9756,Josip Vidovic,2025-09-19T13:40:00.0000000Z
u0009757,sara_horvat9757,Sara Horvat,2024-11-19T12:42:00.0000000Z
u0009758,luka_pavlovic9758,Luka Pavlovic,2024-11-30T00:01:00.0000000Z
u0009759,dario_kovac9759,Dario Kovac,2025-05-02T10:53:00.0000000Z
u0009760,marko_barisic9760,Marko Barisic,2025-08-29T21:42:00.0000000Z
u0009761,leon_vukovic9761,Leon Vukovic,2024-01-05T22:12:00.0000000Z
u0009762,ines_kovac9762,Ines Kovac,2025-02-28T09:51:00.0000000Z
u0009763,josip_kovac9763,Josip Kovac,2024-01-05T04:45:00.0000000Z
u0009764,petra_kovac9764,Petra Kovac,2025-06-25T21:35:00.0000000Z
u0009765,toni_pavlovic9765,Toni Pavlovic,2025-04-05T04:30:00.0000000Z
u0009766,toni_curic9766,Toni Curic,2024-07-02T15:09:00.0000000Z
u0009767,iva_babic9767,Iva Babic,2025-03-16T07:40:00.0000000Z
u0009768,dora_perkovic9768,Dora Perkovic,2025-11-02T10:53:00.0000000Z
u0009769,nika_kolar9769,Nika Kolar,2024-07-13T23:30:00.0000000Z
u0009770,leon_curic9770,Leon Curic,2024-10-28T07:56:00.0000000Z
u0009771,ema_novak9771,Ema Novak,2025-08-17T03:34:00.0000000Z
u0009772,marko_zoric9772,Marko Zoric,2024-09-10T15:52:00.0000000Z
u0009773,mia_kolar9773,Mia Kolar,2024-04-14T12:05:00.0000000Z
u0009774,bruno_sever9774,Bruno Sever,2025-07-08T08:18:00.0000000Z
u0009775,ines_matic9775,Ines Matic,2025-11-21T19:01:00.0000000Z
u0009776,bruno_pavlovic9776,Bruno Pavlovic,2025-12-28T10:30:00.0000000Z
u0009777,karlo_curic9777,Karlo Curic,2024-05-07T23:09:00.0000000Z
u0009778,josip_vukovic9778,Josip Vukovic,2025-07-02T13:21:00.0000000Z
u0009779,luka_curic9779,Luka Curic,2025-05-26T18:02:00.0000000Z
u0009780,ivan_juric9780,Ivan Juric,2024-09-10T18:52:00.0000000Z
u0009781,filip_radic9781,Filip Radic,2024-04-10T08:54:00.0000000Z
u0009782,nika_curic9782,Nika Curic,2025-09-05T22:46:00.0000000Z
u0009783,leon_radic9783,Leon Radic,2025-09-03T01:10:00.0000000Z
u0009784,ema_juric9784,Ema Juric,2024-05-22T06:25:00.0000000Z
u0009785,marko_horvat9785,Marko Horvat,2024-04-04T14:38:00.0000000Z
u0009786,karlo_babic9786,Karlo Babic,2024-05-28T14:45:00.0000000Z
u0009787,dora_barisic9787,Dora Barisic,2024-03-06T00:50:00.0000000Z
u0009788,ema_babic9788,Ema Babic,2024-01-12T07:19:00.0000000Z
u0009789,luka_vidovic9789,Luka Vidovic,2025-09-20T06:26:00.0000000Z
u0009790,ivan_barisic9790,Ivan Barisic,2025-09-10T23:55:00.0000000Z
u0009791,toni_juric9791,Toni Juric,2024-11-14T01:38:00.0000000Z
u0009792,iva_knezevic9792,Iva Knezevic,2024-12-21T22:30:00.0000000Z
u0009793,toni_juric9793,Toni Juric,2025-02-03T17:20:00.0000000Z
u0009794,marko_zoric9794,Marko Zoric,2024-03-25T13:58:00.0000000Z
u0009795,petra_radic9795,Petra Radic,2025-04-23T18:05:00.0000000Z
u0009796,dora_kovacevic9796,Dora Kovacevic,2024-09-02T04:32:00.0000000Z
u0009797,toni_vukovic9797,Toni Vukovic,2025-08-15T22:50:00.0000000Z
u0009798,lana_babic9798,Lana Babic,2024-11-02T10:32:00.0000000Z
u0009799,ema_horvat9799,Ema Horvat,2024-10-08T23:19:00.0000000Z
u0009800,marko_vukovic9800,Marko Vukovic,2024-03-05T11:10:00.0000000Z
u0009801,dora_barisic9801,Dora Barisic,2025-04-01T02:40:00.0000000Z
u0009802,dora_pavlovic9802,Dora Pavlovic,2025-12-22T15:13:00.0000000Z
u0009803,iva_kovacevic9803,Iva Kovacevic,2025-03-13T17:26:00.0000000Z
u0009804,toni_novak9804,Toni Novak,2025-09-27T20:27:00.0000000Z
u0009805,sara_barisic9805,Sara Barisic,2024-03-10T17:42:00.0000000Z
u0009806,dora_babic9806,Dora Babic,2025-02-22T03:02:00.0000000Z
u0009807,mia_juric9807,Mia Juric,2025-01-24T00:08:00.0000000Z
u0009808,dario_knezevic9808,Dario Knezevic,2024-12-26T20:46:00.0000000Z
u0009809,ana_babic9809,Ana Babic,2024-04-26T11:25:00.0000000Z
u0009810,ana_radic9810,Ana Radic,2024-10-04T08:47:00.0000000Z
u0009811,marko_matic9811,Marko Matic,2025-10-23T00:02:00.0000000Z
u0009812,lana_babic9812,Lana Babic,2025-10-23T17:15:00.0000000Z
u0009813,lana_maric9813,Lana Maric,2025-10-24T16:04:00.0000000Z
u0009814,sara_novak9814,Sara Novak,2025-12-27T06:50:00.0000000Z
u0009815,bruno_sever9815,Bruno Sever,2024-04-28T14:41:00.0000000Z
u0009816,leon_vidovic9816,Leon Vidovic,2024-06-27T23:52:00.0000000Z
u0009817,filip_juric9817,Filip Juric,2025-11-11T17:40:00.0000000Z
u0009818,karlo_zoric9818,Karlo Zoric,2024-03-12T19:59:00.0000000Z
u0009819,nika_matic9819,Nika Matic,2024-11-06T12:20:00.0000000Z
u0009820,marko_sever9820,Marko Sever,2024-12-21T20:16:00.0000000Z
u0009821,karlo_kolar9821,Karlo Kolar,2025-07-20T10:39:00.0000000Z
u0009822,luka_radic9822,Luka Radic,2025-06-11T02:08:00.0000000Z
u0009823,dora_maric9823,Dora Maric,2025-06-26T15:40:00.0000000Z
u0009824,petra_matic9824,Petra Matic,2025-11-17T19:34:00.0000000Z
u0009825,sara_perkovic9825,Sara Perkovic,2024-01-27T04:06:00.0000000Z
u0009826,dario_zoric9826,Dario Zoric,2024-12-02T08:53:00.0000000Z
u0009827,filip_kovac9827,Filip Kovac,2024-08-12T12:40:00.0000000Z
u0009828,leon_perkovic9828,Leon Perkovic,2024-07-02T16:00:00.0000000Z
u0009829,josip_juric9829,Josip Juric,2025-06-22T09:28:00.0000000Z
u0009830,karlo_curic9830,Karlo Curic,2025-05-03T13:28:00.0000000Z
u0009831,lana_vukovic9831,Lana Vukovic,2024-06-07T07:56:00.0000000Z
u0009832,josip_vidovic9832,Josip Vidovic,2024-12-14T22:16:00.0000000Z
u0009833,luka_radic9833,Luka Radic,2024-11-16T13:38:00.0000000Z
u0009834,josip_sever9834,Josip Sever,2025-04-15T14:37:00.0000000Z
u0009835,dario_babic9835,Dario Babic,2025-08-09T07:35:00.0000000Z
u0009836,dora_babic9836,Dora Babic,2024-02-21T01:58:00.0000000Z
u0009837,ivan_horvat9837,Ivan Horvat,2025-05-01T23:38:00.0000000Z
u0009838,dora_zoric9838,Dora Zoric,2025-09-19T01:26:00.0000000Z
u0009839,petra_curic9839,Petra Curic,2024-02-07T15:24:00.0000000Z
u0009840,dario_zoric9840,Dario Zoric,2024-07-03T14:02:00.0000000Z
u0009841,dora_maric9841,Dora Maric,2024-08-01T20:06:00.0000000Z
u0009842,ivan_kolar9842,Ivan Kolar,2024-03-29T18:11:00.0000000Z
u0009843,bruno_novak9843,Bruno Novak,2025-09-15T11:18:00.0000000Z
u0009844,nika_kovacevic9844,Nika Kovacevic,2024-07-17T12:21:00.0000000Z
u0009845,ana_barisic9845,Ana Barisic,2024-03-27T16:44:00.0000000Z
u0009846,sara_knezevic9846,Sara Knezevic,2025-02-10T05:54:00.0000000Z
u0009847,josip_matic9847,Josip Matic,2024-04-11T17:36:00.0000000Z
u0009848,sara_kolar9848,Sara Kolar,2025-10-09T01:22:00.0000000Z
u0009849,ana_radic9849,Ana Radic,2025-02-14T05:34:00.0000000Z
u0009850,mia_novak9850,Mia Novak,2025-11-05T06:48:00.0000000Z
u0009851,josip_perkovic9851,Josip Perkovic,2025-06-27T08:53:00.0000000Z
u0009852,petra_matic9852,Petra Matic,2025-08-19T13:36:00.0000000Z
u0009853,mia_knezevic9853,Mia Knezevic,2024-11-07T20:49:00.0000000Z
u0009854,sara_juric9854,Sara Juric,2025-10-21T18:07:00.0000000Z
u0009855,luka_radic9855,Luka Radic,2025-05-24T20:38:00.0000000Z
u0009856,mia_curic9856,Mia Curic,2025-10-24T06:17:00.0000000Z
u0009857,bruno_radic9857,Bruno Radic,2025-01-01T12:55:00.0000000Z
u0009858,lana_kovac9858,Lana Kovac,2024-08-19T00:32:00.0000000Z
u0009859,marko_kovacevic9859,Marko Kovacevic,2024-10-29T04:10:00.0000000Z
u0009860,josip_kovac9860,Josip Kovac,2024-05-19T18:03:00.0000000Z
u0009861,nika_vukovic9861,Nika Vukovic,2024-01-04T02:58:00.0000000Z
u0009862,leon_babic9862,Leon Babic,2025-03-31T19:35:00.0000000Z
u0009863,dario_vidovic9863,Dario Vidovic,2024-11-13T21:37:00.0000000Z
u0009864,filip_kovacevic9864,Filip Kovacevic,2025-12-19T21:20:00.0000000Z
u0009865,marko_zoric9865,Marko Zoric,2024-05-17T06:33:00.0000000Z
u0009866,luka_matic9866,Luka Matic,2024-06-24T02:07:00.0000000Z
u0009867,petra_pavlovic9867,Petra Pavlovic,2025-02-22T17:17:00.0000000Z
u0009868,sara_pavlovic9868,Sara Pavlovic,2025-06-12T02:38:00.0000000Z
u0009869,josip_curic9869,Josip Curic,2025-03-27T15:17:00.0000000Z
u0009870,josip_kovac9870,Josip Kovac,2024-04-11T10:43:00.0000000Z
u0009871,josip_curic9871,Josip Curic,2024-09-16T17:37:00.0000000Z
u0009872,luka_babic9872,Luka Babic,2025-10-20T05:18:00.0000000Z
u0009873,ines_juric9873,Ines Juric,2024-09-29T11:06:00.0000000Z
u0009874,ivan_barisic9874,Ivan Barisic,2024-03-19T12:33:00.0000000Z
u0009875,lana_knezevic9875,Lana Knezevic,2024-05-30T06:01:00.0000000Z
u0009876,dario_vukovic9876,Dario Vukovic,2024-08-13T15:13:00.0000000Z
u0009877,marko_barisic9877,Marko Barisic,2025-09-23T16:20:00.0000000Z
u0009878,petra_novak9878,Petra Novak,2024-12-05T09:49:00.0000000Z
u0009879,toni_curic9879,Toni Curic,2025-06-30T07:19:00.0000000Z
u0009880,ema_radic9880,Ema Radic,2024-05-26T01:34:00.0000000Z
u0009881,ana_kovac9881,Ana Kovac,2025-07-10T16:26:00.0000000Z
u0009882,ema_barisic9882,Ema Barisic,2024-09-24T03:45:00.0000000Z
u0009883,toni_barisic9883,Toni Barisic,2025-04-15T18:15:00.0000000Z
u0009884,ema_kovacevic9884,Ema Kovacevic,2024-05-01T06:39:00.0000000Z
u0009885,ines_babic9885,Ines Babic,2025-06-23T18:42:00.0000000Z
u0009886,lana_maric9886,Lana Maric,2024-05-10T16:15:00.0000000Z
u0009887,dario_curic9887,Dario Curic,2025-02-16T20:57:00.0000000Z
u0009888,filip_juric9888,Filip Juric,2024-05-22T06:14:00.0000000Z
u0009889,ema_novak9889,Ema Novak,2025-06-14T09:47:00.0000000Z
u0009890,ines_pavlovic9890,Ines Pavlovic,2024-06-07T11:24:00.0000000Z
u0009891,petra_pavlovic9891,Petra Pavlovic,2025-07-20T23:33:00.0000000Z
u0009892,petra_kovac9892,Petra Kovac,2025-07-14T12:43:00.0000000Z
u0009893,filip_maric9893,Filip Maric,2025-01-29T11:51:00.0000000Z
u0009894,karlo_barisic9894,Karlo Barisic,2024-12-10T18:06:00.0000000Z
u0009895,sara_vidovic9895,Sara Vidovic,2025-01-30T12:37:00.0000000Z
u0009896,sara_kovacevic9896,Sara Kovacevic,2024-03-17T10:17:00.0000000Z
u0009897,bruno_maric9897,Bruno Maric,2025-06-10T22:45:00.0000000Z
u0009898,nika_zoric9898,Nika Zoric,2025-03-17T08:19:00.0000000Z
u0009899,toni_perkovic9899,Toni Perkovic,2025-08-07T04:43:00.0000000Z
u0009900,nika_horvat9900,Nika Horvat,2025-05-03T10:19:00.0000000Z
u0009901,toni_kolar9901,Toni Kolar,2024-07-20T04:20:00.0000000Z
u0009902,josip_babic9902,Josip Babic,2025-06-07T17:29:00.0000000Z
u0009903,mia_perkovic9903,Mia Perkovic,2024-02-03T06:56:00.0000000Z
u0009904,dora_babic9904,Dora Babic,2024-01-06T16:49:00.0000000Z
u0009905,toni_perkovic9905,Toni Perkovic,2024-01-12T14:26:00.0000000Z
u0009906,ivan_pavlovic9906,Ivan Pavlovic,2024-11-29T21:38:00.0000000Z
u0009907,sara_simic9907,Sara Simic,2025-11-03T20:19:00.0000000Z
u0009908,toni_maric9908,Toni Maric,2024-12-06T05:56:00.0000000Z
u0009909,lana_simic9909,Lana Simic,2025-09-16T11:07:00.0000000Z
u0009910,petra_radic9910,Petra Radic,2024-09-28T16:31:00.0000000Z
u0009911,dora_zoric9911,Dora Zoric,2024-04-21T05:15:00.0000000Z
u0009912,ines_novak9912,Ines Novak,2024-04-19T15:57:00.0000000Z
u0009913,petra_novak9913,Petra Novak,2025-06-01T13:28:00.0000000Z
u0009914,karlo_kovacevic9914,Karlo Kovacevic,2025-03-24T05:34:00.0000000Z
u0009915,ivan_zoric9915,Ivan Zoric,2024-01-23T11:24:00.0000000Z
u0009916,bruno_curic9916,Bruno Curic,2024-03-03T09:20:00.0000000Z
u0009917,nika_radic9917,Nika Radic,2024-02-07T01:07:00.0000000Z
u0009918,filip_curic9918,Filip Curic,2024-11-23T07:49:00.0000000Z
u0009919,bruno_horvat9919,Bruno Horvat,2025-02-22T03:13:00.0000000Z
u0009920,karlo_curic9920,Karlo Curic,2025-02-04T20:21:00.0000000Z
u0009921,ines_novak9921,Ines Novak,2024-04-23T00:32:00.0000000Z
u0009922,sara_horvat9922,Sara Horvat,2024-09-07T22:44:00.0000000Z
u0009923,ines_zoric9923,Ines Zoric,2024-12-14T10:03:00.0000000Z
u0009924,ines_barisic9924,Ines Barisic,2024-10-25T12:58:00.0000000Z
u0009925,bruno_vidovic9925,Bruno Vidovic,2024-07-12T06:06:00.0000000Z
u0009926,filip_simic9926,Filip Simic,2024-10-27T07:34:00.0000000Z
u0009927,josip_zoric9927,Josip Zoric,2025-04-21T20:13:00.0000000Z
u0009928,iva_simic9928,Iva Simic,2025-12-29T03:10:00.0000000Z
u0009929,filip_pavlovic9929,Filip Pavlovic,2025-09-21T17:18:00.0000000Z
u0009930,bruno_babic9930,Bruno Babic,2024-05-13T13:49:00.0000000Z
u0009931,nika_vukovic9931,Nika Vukovic,2024-08-09T19:56:00.0000000Z
u0009932,petra_sever9932,Petra Sever,2024-03-08T10:43:00.0000000Z
u0009933,lana_vukovic9933,Lana Vukovic,2025-07-01T11:08:00.0000000Z
u0009934,sara_barisic9934,Sara Barisic,2024-04-29T07:49:00.0000000Z
u0009935,toni_kolar9935,Toni Kolar,2025-04-15T12:40:00.0000000Z
u0009936,toni_simic9936,Toni Simic,2024-03-03T18:06:00.0000000Z
u0009937,petra_knezevic9937,Petra Knezevic,2024-11-27T22:18:00.0000000Z
u0009938,petra_vukovic9938,Petra Vukovic,2024-04-20T11:27:00.0000000Z
u0009939,ines_kovac9939,Ines Kovac,2025-04-07T18:31:00.0000000Z
u0009940,petra_vukovic9940,Petra Vukovic,2024-10-03T21:04:00.0000000Z
u0009941,lana_maric9941,Lana Maric,2025-04-14T15:18:00.0000000Z
u0009942,ema_juric9942,Ema Juric,2025-01-06T21:42:00.0000000Z
u0009943,marko_simic9943,Marko Simic,2025-09-24T09:42:00.0000000Z
u0009944,petra_vidovic9944,Petra Vidovic,2024-05-09T07:13:00.0000000Z
u0009945,sara_kolar9945,Sara Kolar,2025-11-04T12:22:00.0000000Z
u0009946,lana_maric9946,Lana Maric,2025-09-20T01:56:00.0000000Z
u0009947,mia_perkovic9947,Mia Perkovic,2024-01-23T01:59:00.0000000Z
u0009948,iva_radic9948,Iva Radic,2025-05-14T12:17:00.0000000Z
u0009949,bruno_knezevic9949,Bruno Knezevic,2024-01-10T11:29:00.0000000Z
u0009950,petra_juric9950,Petra Juric,2025-09-27T08:12:00.0000000Z
u0009951,lana_kovacevic9951,Lana Kovacevic,2024-01-25T13:55:00.0000000Z
u0009952,mia_novak9952,Mia Novak,2025-05-31T04:12:00.0000000Z
u0009953,dario_kovacevic9953,Dario Kovacevic,2024-11-13T09:39:00.0000000Z
u0009954,marko_radic9954,Marko Radic,2024-01-05T07:52:00.0000000Z
u0009955,luka_horvat9955,Luka Horvat,2025-03-07T13:33:00.0000000Z
u0009956,ema_matic9956,Ema Matic,2025-04-01T22:01:00.0000000Z
u0009957,luka_knezevic9957,Luka Knezevic,2025-11-10T02:03:00.0000000Z
u0009958,iva_vidovic9958,Iva Vidovic,2025-05-05T19:46:00.0000000Z
u0009959,filip_kolar9959,Filip Kolar,2025-04-05T18:25:00.0000000Z
u0009960,dora_simic9960,Dora Simic,2025-09-28T16:40:00.0000000Z
u0009961,lana_sever9961,Lana Sever,2024-08-24T22:04:00.0000000Z
u0009962,dora_kolar9962,Dora Kolar,2025-02-03T02:00:00.0000000Z
u0009963,marko_juric9963,Marko Juric,2025-01-30T22:35:00.0000000Z
u0009964,luka_sever9964,Luka Sever,2025-09-10T23:28:00.0000000Z
u0009965,josip_novak9965,Josip Novak,2024-04-14T08:06:00.0000000Z
u0009966,ana_simic9966,Ana Simic,2025-01-06T13:22:00.0000000Z
u0009967,ivan_matic9967,Ivan Matic,2025-10-30T17:50:00.0000000Z
u0009968,mia_curic9968,Mia Curic,2025-09-18T05:15:00.0000000Z
u0009969,leon_perkovic9969,Leon Perkovic,2024-12-29T00:49:00.0000000Z
u0009970,mia_horvat9970,Mia Horvat,2025-01-01T01:02:00.0000000Z
u0009971,ivan_simic9971,Ivan Simic,2025-06-29T22:18:00.0000000Z
u0009972,nika_pavlovic9972,Nika Pavlovic,2025-03-02T10:36:00.0000000Z
u0009973,sara_novak9973,Sara Novak,2024-08-05T03:09:00.0000000Z
u0009974,ana_babic9974,Ana Babic,2024-06-01T16:52:00.0000000Z
u0009975,ivan_horvat9975,Ivan Horvat,2024-11-14T15:48:00.0000000Z
u0009976,ivan_kovacevic9976,Ivan Kovacevic,2025-03-04T07:17:00.0000000Z
u0009977,dario_kovacevic9977,Dario Kovacevic,2024-04-17T15:24:00.0000000Z
u0009978,marko_barisic9978,Marko Barisic,2024-03-25T04:18:00.0000000Z
u0009979,dora_babic9979,Dora Babic,2024-01-21T23:06:00.0000000Z
u0009980,lana_kovac9980,Lana Kovac,2024-01-22T03:33:00.0000000Z
u0009981,ana_zoric9981,Ana Zoric,2024-07-15T11:21:00.0000000Z
u0009982,ana_babic9982,Ana Babic,2024-10-25T06:25:00.0000000Z
u0009983,marko_barisic9983,Marko Barisic,2025-02-26T18:48:00.0000000Z
u0009984,nika_kovacevic9984,Nika Kovacevic,2024-08-31T07:55:00.0000000Z
u0009985,luka_horvat9985,Luka Horvat,2024-08-19T02:36:00.0000000Z
u0009986,bruno_kovacevic9986,Bruno Kovacevic,2025-10-26T18:31:00.0000000Z
u0009987,josip_barisic9987,Josip Barisic,2024-09-02T23:19:00.0000000Z
u0009988,leon_vidovic9988,Leon Vidovic,2025-05-23T18:02:00.0000000Z
u0009989,mia_sever9989,Mia Sever,2025-05-22T09:12:00.0000000Z
u0009990,toni_pavlovic9990,Toni Pavlovic,2025-01-21T07:59:00.0000000Z
u0009991,nika_novak9991,Nika Novak,2024-05-02T11:32:00.0000000Z
u0009992,ema_sever9992,Ema Sever,2024-09-13T22:39:00.0000000Z
u0009993,leon_horvat9993,Leon Horvat,2025-09-29T16:30:00.0000000Z
u0009994,ana_sever9994,Ana Sever,2024-12-20T01:00:00.0000000Z
u0009995,ana_sever9995,Ana Sever,2025-12-17T16:37:00.0000000Z
u0009996,karlo_curic9996,Karlo Curic,2025-08-19T17:04:00.0000000Z
u0009997,iva_novak9997,Iva Novak,2025-08-11T06:42:00.0000000Z
u0009998,marko_horvat9998,Marko Horvat,2024-05-24T15:46:00.0000000Z
u0009999,sara_babic9999,Sara Babic,2025-11-24T16:39:00.0000000Z
u0010000,nika_perkovic10000,Nika Perkovic,2024-05-15T17:38:00.0000000Z
